SET SQL_MODE = "NO_AUTO_VALUE_ON_ZERO";
START TRANSACTION;
SET time_zone = "+00:00";
SET FOREIGN_KEY_CHECKS = 0;


REPLACE INTO `document_doc` VALUES (1, '2026-04-21 13:52:35', '2026-04-21 13:52:35', 84, 84, 'logo.png', '1776786755_large.png', 'image/png', 103075, 'company/logos', NULL, NULL, NULL, NULL, NULL, NULL, NULL, NULL, NULL, NULL, NULL, NULL, NULL, NULL, NULL, NULL);
REPLACE INTO `document_doc` VALUES (2, '2026-04-21 13:52:42', '2026-04-21 13:52:42', 84, 84, 'logo.png', '1776786762_printable.png', 'image/png', 103075, 'company/logos', NULL, NULL, NULL, NULL, NULL, NULL, NULL, NULL, NULL, NULL, NULL, NULL, NULL, NULL, NULL, NULL);
REPLACE INTO `document_doc` VALUES (3, '2026-04-21 13:52:49', '2026-04-21 13:52:49', 84, 84, 'favicon.png', '1776786769_square.png', 'image/png', 113930, 'company/logos', NULL, NULL, NULL, NULL, NULL, NULL, NULL, NULL, NULL, NULL, NULL, NULL, NULL, NULL, NULL, NULL);

REPLACE INTO `company_cop` VALUES (1, NULL, '2026-04-21 13:52:49', NULL, 84, 'BACK TO THE FUTUR Cie', '1 Place de l\'Horloge', '75008', 'Paris', '01 02 03 04 05', NULL, '123 456 789', 'SAS', 'Paris', '500 000', '5829C', 'FR12345695401', -1, 1, 3, 2, '/company/cgv.pdf', 27, 28, 6, '- Veuillez saisir votre réponse au-dessus de cette ligne -', 'demo_webhook_token_replace_me', '', '', '');


INSERT INTO `contact_ctc` (`ctc_id`, `ctc_created`, `ctc_updated`, `fk_usr_id_author`, `fk_usr_id_updater`, `fk_ptr_id`, `ctc_firstname`, `ctc_lastname`, `ctc_email`, `ctc_phone`, `ctc_mobile`, `ctc_job_title`, `ctc_receive_invoice`, `ctc_receive_saleorder`, `ctc_is_active`, `ctc_Linkedin_url`) VALUES
(205, NULL, '2025-07-29 12:29:04', NULL, 84, 208, '', '', 'contact1@demo.fr', '', '06 11 22 33 44', '', 0, 0, 0, NULL),
(3836, '2025-06-25 09:25:28', '2026-02-08 17:15:14', 84, 84, 207, NULL, NULL, 'contact2@demo.fr', NULL, NULL, NULL, 1, 1, 1, NULL),
(3847, '2026-02-08 16:28:19', '2026-02-12 12:37:41', 84, 84, 248, 'Marty', 'McFly', 'contact3@demo.fr', NULL, NULL, NULL, 1, 1, 1, NULL),
(3848, '2026-02-08 16:35:54', '2026-02-08 16:35:54', 84, 84, 250, 'Emmett', 'Brown', 'contact4@demo.fr', NULL, NULL, NULL, 1, 1, 1, NULL),
(3849, '2026-02-08 16:37:56', '2026-02-08 16:37:56', 84, 84, 244, 'Lorraine', 'Baines', 'contact5@demo.fr', NULL, NULL, NULL, 1, 1, 1, NULL),
(3851, '2026-02-18 14:11:49', '2026-02-18 14:11:49', 84, 84, 270, 'George', 'McFly', 'contact6@demo.fr', NULL, '06 22 33 44 55', 'DSI', 0, 0, 1, 'https://www.Linkedin.com/in/leclerc-demo'),
(3852, '2026-04-15 13:35:43', '2026-04-15 13:35:43', 84, 84, 260, 'Biff', 'Tannen', 'contact7@demo.fr', NULL, '06 33 44 55 66', 'Directrice commercial', 0, 0, 1, NULL),
(3853, '2026-04-16 11:43:09', '2026-04-16 11:43:09', 84, 84, 281, 'Jennifer', 'Parker', 'contact8@demo.fr', NULL, NULL, NULL, 1, 1, 1, NULL);

--
-- Déchargement des données de la table `contact_partner_ctp`
--

INSERT INTO `contact_partner_ctp` (`ctp_id`, `fk_ctc_id`, `fk_ptr_id`, `ctp_created`, `ctp_updated`) VALUES
(14, 3836, 207, '2026-03-23 18:53:50', '2026-03-23 18:53:50'),
(15, 205, 208, '2026-03-23 18:53:50', '2026-03-23 18:53:50'),
(16, 3849, 244, '2026-03-23 18:53:50', '2026-03-23 18:53:50'),
(17, 3847, 248, '2026-03-23 18:53:50', '2026-03-23 18:53:50'),
(18, 3848, 250, '2026-03-23 18:53:50', '2026-03-23 18:53:50'),
(19, 3851, 270, '2026-03-23 18:53:50', '2026-03-23 18:53:50'),
(20, 3852, 260, '2026-04-15 15:35:43', '2026-04-15 15:35:43'),
(21, 3853, 281, '2026-04-16 13:43:09', '2026-04-16 13:43:09');

--
-- Déchargement des données de la table `contract_con`
--

INSERT INTO `contract_con` (`con_id`, `con_created`, `con_updated`, `fk_usr_id_author`, `fk_usr_id_updater`, `con_label`, `con_operation`, `fk_ptr_id`, `con_ptr_address`, `fk_ctc_id`, `con_number`, `con_status`, `con_being_edited`, `con_note`, `con_date`, `con_end_commitment`, `con_is_invoicing_mgmt`, `con_is_bulk_invoicing`, `fk_ord_id`, `fk_dur_id_commitment`, `fk_dur_id_renew`, `fk_dur_id_notice`, `fk_dur_id_invoicing`, `con_next_invoice_date`, `fk_pam_id`, `fk_dur_id_payment_condition`, `con_externalreference`, `con_totalht`, `con_totalhtcomm`, `con_totalhtsub`, `con_totaltax`, `con_totalttc`, `fk_usr_id_seller`, `con_terminated_date`, `con_terminated_reason`, `con_terminated_invoice_date`, `con_validation_data`, `fk_tap_id`, `fk_doc_id`) VALUES
(44, '2025-11-17 12:17:22', '2025-12-04 17:21:00', 84, 84, 'Contrat', 1, 242, '1640 Avenue de la Rivière\r\n75012  Paris', NULL, 'RC250002', 1, 0, '', '2025-10-01', '2026-10-01', 1, 0, 406, 2, 10, 8, 13, '2026-10-01', 27, 18, 'SO250042', 47.880, 0.000, 47.880, 9.576, 57.456, 84, NULL, NULL, NULL, NULL, NULL, NULL),
(45, '2025-11-22 18:25:30', '2025-12-04 17:29:49', 84, 84, 'Contrat', 1, 247, '1727 Rue du Buisson\r\n94270 Le Kremlin-Bicêtre', NULL, 'CC250003', 1, 0, '0', '2025-11-01', '2026-11-01', 1, 1, 412, 2, 10, 8, 13, '2026-11-01', 27, 15, 'SO250048', 144.480, 109.490, 34.990, 28.900, 173.380, 84, NULL, NULL, NULL, NULL, NULL, NULL),
(46, '2025-12-04 17:26:53', '2025-12-04 17:29:37', 84, 84, 'Contrat', 1, 247, '1727 Rue du Buisson\r\n94270 Le Kremlin-Bicêtre', NULL, 'CC250004', 1, NULL, '0', '2026-05-01', '2027-05-01', 1, 1, NULL, 2, 10, 8, 13, '2026-05-01', 27, 15, 'SO250048 ', 54.000, 0.000, 54.000, 10.800, 64.800, 84, NULL, NULL, NULL, NULL, NULL, NULL),
(47, '2025-12-04 17:30:28', '2025-12-04 17:31:51', 84, 84, 'Contrat', 1, 243, '1 PLACE DE L HORLOGE\r\n40150  SOORTS-HOSSEGOR', NULL, 'CC250005', 1, NULL, '0', '2025-12-04', '2026-12-04', 1, 0, 407, 2, 10, 8, 13, '2026-12-01', 27, 18, 'SO250043', 323.880, 0.000, 323.880, 64.776, 388.656, 84, NULL, NULL, NULL, NULL, NULL, NULL),
(48, '2025-12-04 17:40:45', '2025-12-16 08:10:19', 84, 84, 'Contrat', 1, 248, '55 RUE ALBERT EINSTEIN\r\n75009 Paris', NULL, 'CC250006', 1, 0, '0', '2025-12-01', '2026-12-01', 1, 0, 413, 2, 10, 8, 13, '2026-12-01', 27, 15, 'SO250049', 542.990, 0.000, 542.990, 108.598, 651.588, 84, NULL, NULL, NULL, NULL, NULL, NULL),
(49, '2025-12-04 18:03:08', '2026-04-16 10:37:08', 84, 84, 'Contrat', 1, 207, '45 Boulevard de l Avenir\r\n40100 DAX', 3836, 'CC250007', 1, 1, '0', '2025-11-19', '2026-11-19', 1, 0, 424, 2, 10, 8, 11, '2026-05-01', 26, 15, 'SO250059', 59.990, 0.000, 59.990, 11.998, 71.988, 84, NULL, NULL, NULL, NULL, NULL, NULL),
(50, '2025-12-04 18:18:21', '2025-12-04 18:23:57', 84, 84, 'Contrat', 1, 207, '45 Boulevard de l Avenir\r\n40100 DAX', 3836, 'CC250008', 1, 0, '0', '2025-07-01', '2026-07-01', 1, 0, 427, 2, 10, 8, 13, '2026-07-01', 26, 15, 'SO250062', 34.990, 0.000, 34.990, 6.998, 41.988, 84, NULL, NULL, NULL, NULL, NULL, NULL),
(51, '2025-12-09 14:07:57', '2025-12-31 10:31:21', 84, 84, 'Contrat', 1, 208, '1711 Rue du Coyote\r\n75006 PARIS', NULL, 'CC250009', 1, 0, '0', '2025-10-01', '2026-10-01', 1, 0, 405, 2, 10, 8, 13, '2026-10-01', 27, 16, 'SO250041', 238.800, 0.000, 238.800, 47.760, 286.560, 84, NULL, NULL, NULL, NULL, NULL, NULL),
(52, '2026-02-08 15:34:35', '2026-04-16 10:37:08', 84, 84, 'SO250056', 1, 250, NULL, NULL, 'CC260010', 1, NULL, NULL, '2026-04-01', '2027-04-01', 1, 0, 421, 2, 10, 8, 11, '2026-05-01', 27, 15, NULL, 196.990, 0.000, 196.990, 39.400, 236.390, 84, NULL, NULL, NULL, NULL, NULL, NULL),
(53, '2026-02-08 15:57:20', '2026-04-16 10:37:09', 84, 84, 'SO250058', 1, 255, NULL, NULL, 'CC260011', 1, NULL, NULL, '2025-12-01', '2026-12-01', 1, 0, 423, 2, 10, 8, 11, '2026-05-01', 27, 15, NULL, 22.990, 0.000, 22.990, 4.600, 27.590, 84, NULL, NULL, NULL, NULL, NULL, NULL),
(54, '2026-02-08 16:04:18', '2026-04-16 10:37:09', 84, 84, 'SO250061', 1, 244, NULL, NULL, 'CC260012', 1, NULL, NULL, '2025-12-19', '2026-12-19', 1, 0, 426, 2, 10, 8, 11, '2026-05-01', 27, 15, NULL, 62.980, 0.000, 62.980, 12.600, 75.580, 84, NULL, NULL, NULL, NULL, NULL, NULL),
(55, '2026-04-16 11:35:35', '2026-04-16 11:36:23', 84, 84, 'SO260064', 1, 281, NULL, NULL, 'CC260013', 1, NULL, '0', '2026-03-01', '2027-03-01', 1, 0, 429, 2, 10, 8, 13, '2027-03-01', 27, 18, NULL, 175.072, 0.000, 175.070, 35.014, 210.086, 84, NULL, NULL, NULL, NULL, NULL, NULL);

--
-- Déchargement des données de la table `contract_invoice_coi`
--

INSERT INTO `contract_invoice_coi` (`coi_id`, `coi_updated`, `coi_created`, `fk_usr_id_author`, `fk_usr_id_updater`, `fk_con_id`, `fk_inv_id`) VALUES
(75, NULL, '2025-11-17 12:23:29', 84, NULL, 44, 416),
(77, NULL, '2025-12-04 17:34:09', 84, NULL, 47, 422),
(78, NULL, '2025-12-04 17:41:29', 84, NULL, 48, 424),
(79, NULL, '2025-12-04 18:05:46', 84, NULL, 49, 426),
(81, NULL, '2025-12-04 18:24:03', 84, NULL, 50, 429),
(82, NULL, '2025-12-09 14:08:38', 84, NULL, 51, 437),
(83, '2026-02-08 16:12:07', '2026-02-08 16:12:07', 84, 84, 53, 444),
(84, '2026-02-08 16:12:08', '2026-02-08 16:12:08', 84, 84, 54, 445),
(85, '2026-02-08 16:12:08', '2026-02-08 16:12:08', 84, 84, 49, 446),
(86, '2026-02-08 17:13:48', '2026-02-08 17:13:48', 84, 84, 53, 447),
(87, '2026-02-08 17:13:48', '2026-02-08 17:13:48', 84, 84, 54, 448),
(88, '2026-02-08 17:13:48', '2026-02-08 17:13:48', 84, 84, 49, 449),
(89, '2026-02-08 17:13:56', '2026-02-08 17:13:56', 84, 84, 53, 450),
(90, '2026-02-08 17:13:56', '2026-02-08 17:13:56', 84, 84, 54, 451),
(91, '2026-03-10 06:29:22', '2026-03-10 06:29:22', 84, 84, 49, 469),
(92, '2026-03-10 06:29:22', '2026-03-10 06:29:22', 84, 84, 53, 470),
(93, '2026-03-10 06:29:22', '2026-03-10 06:29:22', 84, 84, 54, 471),
(94, '2026-04-16 10:37:08', '2026-04-16 10:37:08', 84, 84, 49, 478),
(95, '2026-04-16 10:37:08', '2026-04-16 10:37:08', 84, 84, 52, 479),
(96, '2026-04-16 10:37:09', '2026-04-16 10:37:09', 84, 84, 53, 480),
(97, '2026-04-16 10:37:09', '2026-04-16 10:37:09', 84, 84, 54, 481),
(98, '2026-04-16 11:36:23', '2026-04-16 11:36:23', 84, 84, 55, 483);

--
-- Déchargement des données de la table `contract_line_col`
--

INSERT INTO `contract_line_col` (`col_id`, `col_created`, `col_updated`, `fk_usr_id_author`, `fk_usr_id_updater`, `fk_con_id`, `col_prtlib`, `col_prtdesc`, `col_prttype`, `col_note`, `col_qty`, `col_priceunitht`, `col_discount`, `col_is_subscription`, `col_mtht`, `fk_prt_id`, `col_order`, `col_type`, `col_purchasepriceunitht`, `col_tax_rate`, `fk_tax_id`) VALUES
(716, '2025-11-17 12:17:22', '2025-11-17 12:17:22', 84, 84, 44, 'Abonnement', NULL, NULL, NULL, 1.00, NULL, NULL, 1, NULL, NULL, 1, 1, NULL, NULL, NULL),
(718, '2025-11-17 12:17:22', '2025-11-17 12:17:22', 84, 84, 44, 'Sous-total Abonnement', NULL, NULL, NULL, 1.00, NULL, NULL, 1, 47.880, NULL, 7, 2, NULL, NULL, NULL),
(721, '2025-11-17 12:17:22', '2025-11-17 12:18:08', 84, 84, 44, 'Protocole "Sirène de Police 2015"', '<p>Protection efficace contre les virus, les malwares et les ransomwares, plusieurs fois primée</p><p>Abonnement 12 mois - 1 Poste</p>', 1, NULL, 12.00, 3.990, NULL, 1, 47.880, 72, 2, 0, 0.750, 20.00, 31),
(729, '2025-11-22 18:25:30', '2025-11-22 18:27:53', 84, 84, 45, 'Installation d\'un Générateur de Fusion Mr. Fusion', '<p>Gestion administrative et technique nécessaire à la mise en service du domaine</p>', 1, NULL, 1.00, 9.990, NULL, 1, 9.990, 48, 3, 0, NULL, 20.00, 31),
(730, '2025-11-22 18:25:30', '2025-11-22 18:34:09', 84, 84, 45, 'Talkie-Walkie Vintage (Modèle Doc)', '', 1, NULL, 1.00, 34.990, NULL, 1, 34.990, 61, 2, 0, 7.490, 20.00, 31),
(731, '2025-11-22 18:25:30', '2025-11-22 18:27:53', 84, 84, 45, 'Forfait Conversion de Vol (Hover Conversion)', '<p>Gestion administrative et technique du transfert &nbsp;de votre tenant Microsoft 365</p>', 1, NULL, 1.00, 199.000, 50.00, 1, 99.500, 27, 2, 0, NULL, 20.00, 31),
(734, '2025-11-22 18:27:41', '2025-11-22 18:27:53', 84, 84, 45, 'Abonnement', NULL, NULL, NULL, 1.00, NULL, NULL, 1, NULL, NULL, 1, 1, NULL, NULL, NULL),
(735, '2025-11-22 18:27:53', '2025-11-22 18:35:19', 84, 84, 45, 'Sous-total Abonnement', NULL, NULL, NULL, 1.00, NULL, NULL, 1, 144.490, NULL, 3, 2, NULL, NULL, NULL),
(739, '2025-12-04 17:26:53', '2025-12-04 17:27:45', 84, 84, 46, 'Abonnement', NULL, NULL, NULL, 1.00, NULL, NULL, 1, NULL, NULL, 1, 1, NULL, NULL, NULL),
(740, '2025-12-04 17:26:53', '2025-12-04 17:27:45', 84, 84, 46, 'Sous-total Abonnement', NULL, NULL, NULL, 1.00, NULL, NULL, 1, 54.000, NULL, 3, 2, NULL, NULL, NULL),
(743, '2025-12-04 17:27:45', NULL, 84, NULL, 46, 'Consultation "Lait-Fraise au Chocolat" - Paiement Annuel - Engagement Annuel', '', 1, NULL, 1.00, 54.000, NULL, 1, 54.000, 74, 2, 0, 40.560, 20.00, 31),
(744, '2025-12-04 17:30:28', '2025-12-04 17:30:28', 84, 84, 47, 'Abonnement', NULL, NULL, NULL, 1.00, NULL, NULL, 1, NULL, NULL, 1, 1, NULL, NULL, NULL),
(745, '2025-12-04 17:30:28', '2025-12-04 17:30:28', 84, 84, 47, 'Talkie-Walkie Vintage (Modèle Doc)', '<p>horizongestion.fr<br><span style=\"background-color:rgb(255,255,255);color:rgb(32,32,32);\">horizondemo.eu</span></p>', 1, NULL, 2.00, 29.990, 10.00, 1, 53.980, 61, 2, 0, 7.490, 20.00, 31),
(746, '2025-12-04 17:30:28', '2025-12-04 17:30:28', 84, 84, 47, 'Sous-total Abonnement', NULL, NULL, NULL, 1.00, NULL, NULL, 1, 323.880, NULL, 6, 2, NULL, NULL, NULL),
(747, '2025-12-04 17:30:28', '2025-12-04 17:30:28', 84, 84, 47, 'Forfait "Enchantement de la Mer - Paiement mensuel - Engagement annuel', '', 1, NULL, 1.00, 81.720, NULL, 1, 81.720, 75, 3, 0, 61.440, 20.00, 31),
(748, '2025-12-04 17:30:28', '2025-12-04 17:30:28', 84, 84, 47, 'Consultation "Lait-Fraise au Chocolat" - Paiement Annuel - Engagement Annuel', '', 1, NULL, 1.00, 54.000, NULL, 1, 54.000, 74, 4, 0, 40.560, 20.00, 31),
(749, '2025-12-04 17:30:28', '2025-12-04 17:30:28', 84, 84, 47, 'Appareil Photo Pocket Instamatic', '<p>Sauvegarde quotidienne 1 compte - conservation 30 jours. Protège les données OneDrive, SharePoint, Teams, Outlook Mail, Contacts et Calendrier de votre organisation Microsoft 365.&nbsp;</p>', 1, NULL, 2.00, 67.090, NULL, 1, 134.180, 76, 5, 0, 8.040, 20.00, 31),
(750, '2025-12-04 17:40:45', '2025-12-04 17:40:45', 84, 84, 48, 'Abonnement', NULL, NULL, NULL, 1.00, NULL, NULL, 1, NULL, NULL, 1, 1, NULL, NULL, NULL),
(751, '2025-12-04 17:40:45', '2025-12-04 17:40:45', 84, 84, 48, 'Nom de domain.com .fr.org - Paiement mensuel - Engagement annuel', '<p>Nom de domaine redevance mensuel - Abonnement Annuel</p>', 1, NULL, 1.00, 2.990, NULL, 1, 2.990, 47, 2, 0, 1.800, 20.00, 31),
(752, '2025-12-04 17:40:45', '2025-12-04 17:40:45', 84, 84, 48, 'Sous-total Abonnement', NULL, NULL, NULL, 1.00, NULL, NULL, 1, 542.990, NULL, 4, 2, NULL, NULL, NULL),
(753, '2025-12-04 17:40:45', '2025-12-16 08:10:17', 84, 84, 48, 'Consultation "Lait-Fraise au Chocolat" - Paiement Annuel - Engagement Annuel', '', 1, NULL, 10.00, 54.000, NULL, 1, 540.000, 74, 2, 0, 40.560, 20.00, 31),
(754, '2025-12-04 18:03:08', '2025-12-04 18:03:08', 84, 84, 49, 'Abonnement', NULL, NULL, NULL, 1.00, NULL, NULL, 1, NULL, NULL, 1, 1, NULL, NULL, NULL),
(755, '2025-12-04 18:03:08', '2025-12-04 18:03:08', 84, 84, 49, 'Caméscope JVC GR-C1', '<p>1 compte</p><ul><li>SK Drive avec 100Go / Utilisateur</li><li>Boite email 50 Go&nbsp;</li><li>Antispam standard</li><li>Antivirus</li><li>Only Office Online</li><li>Support Illimité PC</li></ul>', 1, NULL, 1.00, 59.990, NULL, 1, 59.990, 82, 2, 0, 45.960, 20.00, 31),
(756, '2025-12-04 18:03:08', '2025-12-04 18:03:08', 84, 84, 49, 'Sous-total Abonnement', NULL, NULL, NULL, 1.00, NULL, NULL, 1, 59.990, NULL, 4, 2, NULL, NULL, NULL),
(757, '2025-12-04 18:03:08', '2025-12-04 18:03:08', 84, 84, 49, 'Guitare Chinery "Erlewine" - Paiement mensuel - Engagement annuel', '<p>Gestion d\'un pc supplémentaire à votre licence initiale Cloud Pro Suite :&nbsp;</p><ul><li>Mise à jour et protection de votre PC</li><li>Antivirus</li><li>Support Illimité PC</li></ul>', 1, NULL, 1.00, 34.990, 100.00, 1, NULL, 99, 3, 0, 20.820, 20.00, 31),
(758, '2025-12-04 18:18:21', '2025-12-04 18:18:21', 84, 84, 50, 'Abonnement', NULL, NULL, NULL, 1.00, NULL, NULL, 1, NULL, NULL, 1, 1, NULL, NULL, NULL),
(759, '2025-12-04 18:18:21', '2025-12-04 18:23:41', 84, 84, 50, 'Talkie-Walkie Vintage (Modèle Doc)', '<p>domaine : <span class=\"fontstyle0\">demo-restaurant.fr</span>&nbsp;<br>&nbsp;</p>', 1, NULL, 1.00, 34.990, NULL, 1, 34.990, 61, 2, 0, 7.490, 20.00, 23),
(760, '2025-12-04 18:18:21', '2025-12-04 18:18:21', 84, 84, 50, 'Sous-total Abonnement', NULL, NULL, NULL, 1.00, NULL, NULL, 1, 34.990, NULL, 3, 2, NULL, NULL, NULL),
(761, '2025-12-09 14:07:57', '2025-12-09 14:07:57', 84, 84, 51, 'Abonnement', NULL, NULL, NULL, 1.00, NULL, NULL, 1, NULL, NULL, 1, 1, NULL, NULL, NULL),
(762, '2025-12-09 14:07:57', '2025-12-09 14:07:57', 84, 84, 51, 'Supervision Chrono-Logique', '<p>Supervision et mise à jour de votre équipements.</p><p>Abonnement 12 mois&nbsp;</p>', 1, NULL, 12.00, 19.900, NULL, 1, 238.800, 69, 2, 0, NULL, 20.00, 31),
(763, '2025-12-09 14:07:57', '2025-12-09 14:07:57', 84, 84, 51, 'Sous-total Abonnement', NULL, NULL, NULL, 1.00, NULL, NULL, 1, 238.800, NULL, 3, 2, NULL, NULL, NULL),
(764, '2026-02-08 15:34:35', '2026-02-08 15:34:35', 84, 84, 52, 'Abonnement', NULL, NULL, NULL, 1.00, NULL, NULL, 1, 0.000, NULL, 1, 1, NULL, 0.00, NULL),
(765, '2026-02-08 15:34:35', '2026-02-08 15:34:35', 84, 84, 52, 'Consultation "Lait-Fraise au Chocolat" - Paiement Annuel - Engagement Annuel', NULL, 0, NULL, 3.00, 54.000, NULL, 1, 162.000, 74, 2, 0, 40.560, 20.00, 31),
(766, '2026-02-08 15:34:35', '2026-02-08 15:34:35', 84, 84, 52, 'Talkie-Walkie Vintage (Modèle Doc)', NULL, 0, NULL, 1.00, 34.990, NULL, 1, 34.990, 61, 3, 0, 7.490, 20.00, 31),
(767, '2026-02-08 15:34:35', '2026-02-08 15:34:35', 84, 84, 52, 'Sous-total Abonnement', NULL, NULL, NULL, 1.00, NULL, NULL, 1, 196.990, NULL, 4, 2, NULL, 0.00, NULL),
(768, '2026-02-08 15:57:20', '2026-02-08 15:57:20', 84, 84, 53, 'Abonnement', NULL, NULL, NULL, 1.00, NULL, NULL, 1, 0.000, NULL, 1, 1, NULL, 0.00, NULL),
(769, '2026-02-08 15:57:20', '2026-02-08 15:57:20', 84, 84, 53, 'Batte de Baseball "Slugging" - Paiement mensuel - Engagement mensuel', '<p>Offres data-only Bouygues 5G jusqu\'a 10Go/mois</p>', 0, NULL, 1.00, 22.990, NULL, 1, 22.990, 94, 2, 0, 11.000, 20.00, 31),
(770, '2026-02-08 15:57:20', '2026-02-08 15:57:20', 84, 84, 53, 'Sous-total Abonnement', NULL, NULL, NULL, 1.00, NULL, NULL, 1, 22.990, NULL, 3, 2, NULL, 0.00, NULL),
(771, '2026-02-08 16:04:18', '2026-02-08 16:04:18', 84, 84, 54, 'Abonnement', NULL, NULL, NULL, 1.00, NULL, NULL, 1, 0.000, NULL, 1, 1, NULL, 0.00, NULL),
(772, '2026-02-08 16:04:18', '2026-02-08 16:04:18', 84, 84, 54, 'Caméscope JVC GR-C1', '<p>Ce compte comprend :</p>\n<ul>\n<li>SK Drive avec 100Go / Utilisateur</li>\n<li>Boite email 50 Go </li>\n<li>Antispam standard</li>\n<li>Antivirus</li>\n<li>Only Office Online</li>\n<li>Support Illimité PC</li>\n</ul>', 0, NULL, 1.00, 59.990, NULL, 1, 59.990, 82, 2, 0, 45.960, 20.00, 31),
(773, '2026-02-08 16:04:18', '2026-02-08 16:04:18', 84, 84, 54, 'Nom de domain.com .fr.org - Paiement mensuel - Engagement annuel', '<p>Nom de domaine redevance mensuel - Abonnement Annuel</p>', 0, NULL, 1.00, 2.990, NULL, 1, 2.990, 47, 3, 0, 1.800, 20.00, 31),
(774, '2026-02-08 16:04:18', '2026-02-08 16:04:18', 84, 84, 54, 'Sous-total Abonnement', NULL, NULL, NULL, 1.00, NULL, NULL, 1, 62.980, NULL, 4, 2, NULL, 0.00, NULL),
(775, '2026-04-16 11:35:35', '2026-04-16 11:35:35', 84, 84, 55, 'Abonnement', NULL, NULL, NULL, 1.00, NULL, NULL, 1, 0.000, NULL, 1, 1, NULL, 0.00, NULL),
(776, '2026-04-16 11:35:35', '2026-04-16 11:35:35', 84, 84, 55, 'Nom de domain.com .fr.org  - Redevance annuelle Abonnement Annuel', '<p>agmartin.fr<br><span style=\"background-color: #ffffff; color: #202020;\">agmartin-demo.fr</span></p>', 0, '', 2.00, 29.990, 10.00, 1, 53.982, 61, 2, 0, 7.490, 20.00, 70),
(777, '2026-04-16 11:35:35', '2026-04-16 11:35:35', 84, 84, 55, 'Consultation "Lait-Fraise au Chocolat" - Redevance Annuelle - Abonnement Annuel', NULL, 0, NULL, 1.00, 54.000, NULL, 1, 54.000, 74, 3, 0, 40.560, 20.00, 70),
(778, '2026-04-16 11:35:35', '2026-04-16 11:35:35', 84, 84, 55, 'Sauvegarde 365 Exchange Online (Plan 1) et Basic- Redevance Annuelle - Abonnement Annuel', '<p>Sauvegarde quotidienne 1 compte - conservation 30 jours. Protège les données OneDrive, SharePoint, Teams, Outlook Mail, Contacts et Calendrier de votre organisation Microsoft 365. </p>', 0, NULL, 1.00, 67.090, NULL, 1, 67.090, 76, 4, 0, 8.040, 20.00, 70),
(779, '2026-04-16 11:35:35', '2026-04-16 11:35:35', 84, 84, 55, 'Sous-total Abonnement', NULL, NULL, NULL, 1.00, NULL, NULL, 1, 175.072, NULL, 5, 2, NULL, 0.00, NULL);

--
-- Déchargement des données de la table `delivery_note_dln`
--

INSERT INTO `delivery_note_dln` (`dln_id`, `dln_created`, `dln_updated`, `fk_usr_id_author`, `fk_usr_id_updater`, `dln_number`, `dln_operation`, `dln_date`, `dln_expected_date`, `dln_externalreference`, `fk_ptr_id`, `dln_ptr_name`, `dln_ptr_address`, `dln_ptr_zip`, `dln_ptr_city`, `dln_ptr_country`, `fk_ctc_id`, `fk_ord_id`, `fk_por_id`, `dln_status`, `dln_being_edited`, `dln_carrier`, `dln_tracking_number`, `dln_delivery_address`, `dln_note`, `dln_validation_token`, `dln_token_expiry`, `dln_signed_at`, `dln_signed_by`, `fk_whs_id`) VALUES
(24, '2026-02-08 15:32:30', '2026-02-08 15:53:48', 84, 84, 'BL260001', 1, '2026-02-08', NULL, NULL, 250, NULL, NULL, NULL, NULL, NULL, NULL, 421, NULL, 1, 0, NULL, NULL, NULL, NULL, NULL, NULL, NULL, NULL, 6),
(25, '2026-02-08 15:56:16', '2026-02-08 16:02:56', 84, 84, 'BL260002', 1, '2026-02-08', NULL, NULL, 255, NULL, NULL, NULL, NULL, NULL, NULL, 423, NULL, 1, 0, NULL, NULL, NULL, NULL, NULL, NULL, NULL, NULL, 6),
(26, '2026-02-08 16:04:03', '2026-02-08 16:04:03', 84, 84, 'BL260003', 1, '2026-02-08', NULL, NULL, 244, NULL, NULL, NULL, NULL, NULL, NULL, 426, NULL, 0, 0, NULL, NULL, NULL, NULL, NULL, NULL, NULL, NULL, 6),
(27, '2026-04-16 11:06:44', '2026-04-16 11:06:44', 84, 84, 'BL260004', 1, '2026-04-16', NULL, NULL, 281, NULL, NULL, NULL, NULL, NULL, NULL, 429, NULL, 0, 0, NULL, NULL, NULL, NULL, NULL, NULL, NULL, NULL, 6);

--
-- Déchargement des données de la table `delivery_note_line_dnl`
--

INSERT INTO `delivery_note_line_dnl` (`dnl_id`, `dnl_created`, `dnl_updated`, `fk_usr_id_author`, `fk_usr_id_updater`, `fk_dln_id`, `dnl_type`, `dnl_order`, `fk_prt_id`, `dnl_prtlib`, `dnl_prtdesc`, `dnl_prttype`, `dnl_qty`, `dnl_qty_unit`, `dnl_lot_number`, `dnl_serial_number`, `dnl_expiry_date`, `fk_orl_id`, `fk_pol_id`, `dnl_note`) VALUES
(28, '2026-02-08 15:32:36', '2026-02-08 15:32:36', 84, 84, 24, 0, 1, 74, 'Consultation "Lait-Fraise au Chocolat" - Paiement Annuel - Engagement Annuel', NULL, 0, 3.00, 'pce', NULL, NULL, NULL, 1012, NULL, NULL),
(29, '2026-02-08 15:32:36', '2026-02-08 15:32:36', 84, 84, 24, 0, 2, 61, 'Talkie-Walkie Vintage (Modèle Doc)', NULL, 0, 1.00, 'pce', NULL, NULL, NULL, 1015, NULL, NULL),
(30, '2026-02-08 15:32:36', '2026-02-08 15:32:36', 84, 84, 24, 0, 3, 27, 'Forfait Conversion de Vol (Hover Conversion)', '<p><span style=\"background-color:rgba(0,0,0,0.075);color:rgb(33,37,41);\">Gestion administrative et technique du transfert &nbsp;de votre tenant Microsoft 365</span></p>', 0, 1.00, 'pce', NULL, NULL, NULL, 1014, NULL, NULL),
(37, '2026-02-08 15:57:12', '2026-02-08 15:57:12', 84, 84, 25, 0, 1, 94, 'Batte de Baseball "Slugging" - Paiement mensuel - Engagement mensuel', '<p>Offres data-only Bouygues 5G jusqu\'a 10Go/mois</p>', 0, 1.00, 'pce', NULL, NULL, NULL, 1028, NULL, NULL),
(38, '2026-02-08 15:57:12', '2026-02-08 15:57:12', 84, 84, 25, 0, 2, 95, 'Distributeur de croquettes "Einstein"', '<p>Gestion administrative et technique </p>', 0, 1.00, 'pce', NULL, NULL, NULL, 1030, NULL, NULL),
(45, '2026-02-08 16:04:07', '2026-02-08 16:04:07', 84, 84, 26, 0, 1, 82, 'Caméscope JVC GR-C1', '<p>Ce compte comprend :</p>\n<ul>\n<li>SK Drive avec 100Go / Utilisateur</li>\n<li>Boite email 50 Go </li>\n<li>Antispam standard</li>\n<li>Antivirus</li>\n<li>Only Office Online</li>\n<li>Support Illimité PC</li>\n</ul>', 0, 1.00, 'pce', NULL, NULL, NULL, 1082, NULL, NULL),
(46, '2026-02-08 16:04:07', '2026-02-08 16:04:07', 84, 84, 26, 0, 2, 47, 'Nom de domain.com .fr.org - Paiement mensuel - Engagement annuel', '<p>Nom de domaine redevance mensuel - Abonnement Annuel</p>', 0, 1.00, 'pce', NULL, NULL, NULL, 1079, NULL, NULL),
(47, '2026-02-08 16:04:07', '2026-02-08 16:04:07', 84, 84, 26, 0, 3, 77, 'Assistance "Standardiste de Hill Valley"', '', 0, 1.00, 'pce', NULL, NULL, NULL, 1074, NULL, NULL),
(48, '2026-02-08 16:04:07', '2026-02-08 16:04:07', 84, 84, 26, 0, 4, 27, 'Forfait Conversion de Vol (Hover Conversion)', '<p>Gestion administrative et technique du transfert &nbsp;de votre tenant Microsoft 365</p>', 0, 1.00, 'pce', NULL, NULL, NULL, 1081, NULL, NULL),
(49, '2026-02-08 16:04:07', '2026-02-08 16:04:07', 84, 84, 26, 0, 5, 83, 'Sonde de Sommeil (Alpha-Rhythm Generator)', '', 0, 1.00, 'pce', NULL, NULL, NULL, 1083, NULL, NULL),
(50, '2026-02-08 16:04:07', '2026-02-08 16:04:07', 84, 84, 26, 0, 6, 48, 'Installation d\'un Générateur de Fusion Mr. Fusion', '<p>Gestion administrative et technique nécessaire à la mise en service du domaine</p>', 0, 1.00, 'pce', NULL, NULL, NULL, 1080, NULL, NULL),
(51, '2026-04-16 11:06:44', '2026-04-16 11:06:44', 84, 84, 27, 0, 1, 61, 'Nom de domain.com .fr.org  - Redevance annuelle Abonnement Annuel', '<p>agmartin.fr<br><span style=\"background-color: #ffffff; color: #202020;\">agmartin-demo.fr</span></p>', 0, 2.00, 'pce', NULL, NULL, NULL, 1098, NULL, NULL),
(52, '2026-04-16 11:06:44', '2026-04-16 11:06:44', 84, 84, 27, 0, 2, 74, 'Consultation "Lait-Fraise au Chocolat" - Redevance Annuelle - Abonnement Annuel', NULL, 0, 1.00, 'pce', NULL, NULL, NULL, 1100, NULL, NULL),
(53, '2026-04-16 11:06:44', '2026-04-16 11:06:44', 84, 84, 27, 0, 3, 76, 'Service "SOS Dépanneuse de l\'Oncle Jailbird"- Redevance Annuelle - Abonnement Annuel', '<p>Sauvegarde quotidienne 1 compte - conservation 30 jours. Protège les données OneDrive, SharePoint, Teams, Outlook Mail, Contacts et Calendrier de votre organisation Microsoft 365. </p>', 0, 1.00, 'pce', NULL, NULL, NULL, 1101, NULL, NULL),
(54, '2026-04-16 11:06:44', '2026-04-16 11:06:44', 84, 84, 27, 0, 4, 27, 'Forfait Conversion de Vol (Hover Conversion)', '<p>Frais exceptionnel de reprise d\'un tenant microsoft expiré, avec perte de d\'identifiant de connexion.</p>', 0, 1.00, 'pce', NULL, NULL, NULL, 1117, NULL, NULL),
(55, '2026-04-16 11:06:44', '2026-04-16 11:06:44', 84, 84, 27, 0, 5, 27, 'Forfait Conversion de Vol (Hover Conversion)', '<p>Gestion administrative et technique du transfert  de votre tenant Microsoft 365</p>\n<p> </p>', 0, 1.00, 'pce', NULL, NULL, NULL, 1104, NULL, NULL),
(56, '2026-04-16 11:06:44', '2026-04-16 11:06:44', 84, 84, 27, 0, 6, 73, 'Archive "Mémoire de George" - frais de mise en service', NULL, 0, 1.00, 'pce', NULL, NULL, NULL, 1105, NULL, NULL);

--
-- Déchargement des données de la table `device_dev`
--

INSERT INTO `device_dev` (`dev_id`, `dev_created`, `dev_updated`, `fk_usr_id_author`, `fk_usr_id_updater`, `fk_ptr_id`, `dev_hostname`, `dev_serial`, `dev_dattoid`, `dev_lastloggedinuser`, `dev_dattowebremoteurl`, `dev_os`, `dev_localisation`, `dev_lastseen`, `dev_is_active`) VALUES
(4792, '2025-08-04 09:31:04', NULL, 84, NULL, 208, 'LAP20001', NULL, NULL, '', NULL, '', '', NULL, 0),
(4794, '2025-08-04 09:39:35', NULL, 84, NULL, 207, 'LAP20002', NULL, NULL, '', NULL, '', '', NULL, 0),
(4795, '2025-08-04 09:39:40', NULL, 84, NULL, 208, 'LAP20003', NULL, NULL, '', NULL, '', '', NULL, 0),
(4796, '2025-08-04 09:40:22', NULL, 84, NULL, 208, 'LAP21001', NULL, NULL, '', NULL, '', '', NULL, 0),
(4797, '2025-08-04 09:41:28', NULL, 84, NULL, 208, 'LAP21002', NULL, NULL, '', NULL, '', '', NULL, 0),
(4798, '2025-08-04 09:43:31', NULL, 84, NULL, 207, 'LAP21003', NULL, NULL, '', NULL, '', '', NULL, 0),
(4799, '2025-08-04 09:45:58', NULL, 84, NULL, 208, 'LAP22001', NULL, NULL, '', NULL, '', '', NULL, 0),
(4800, '2025-08-04 09:46:04', NULL, 84, NULL, 208, 'LAP22002', NULL, NULL, '', NULL, '', '', NULL, 0),
(4801, '2025-08-04 09:46:54', NULL, 84, NULL, 208, 'DESK26001', NULL, NULL, '', NULL, '', '', NULL, 0),
(4802, '2025-08-04 09:47:25', NULL, 84, NULL, 208, 'DESK26002', NULL, NULL, '', NULL, '', '', NULL, 0),
(4803, '2025-08-04 09:47:29', NULL, 84, NULL, 208, 'DESK26003', NULL, NULL, '', NULL, '', '', NULL, 0),
(4804, '2025-08-04 09:49:27', NULL, 84, NULL, 208, 'LAP26001', NULL, NULL, '', NULL, '', '', NULL, 0),
(4805, '2025-08-04 09:49:55', NULL, 84, NULL, 208, 'LAP26002', NULL, NULL, '', NULL, '', '', NULL, 0),
(4806, '2025-08-04 09:50:49', NULL, 84, NULL, 208, 'LAP26003', NULL, NULL, '', NULL, '', '', NULL, 0),
(4807, '2025-08-04 09:51:14', NULL, 84, NULL, 208, 'LAP26004', NULL, NULL, '', NULL, '', '', NULL, 0),
(4808, '2025-08-04 09:53:44', NULL, 84, NULL, 208, 'LAP26005', NULL, NULL, '', NULL, '', '', NULL, 0),
(4809, '2025-08-04 10:01:28', NULL, 84, NULL, 208, 'LAP26006', NULL, NULL, '', NULL, '', '', NULL, 0);

--
-- Déchargement des données de la table `invoice_inv`
--

INSERT INTO `invoice_inv` (`inv_id`, `inv_created`, `inv_updated`, `fk_usr_id_author`, `fk_usr_id_updater`, `inv_operation`, `inv_number`, `inv_externalreference`, `inv_date`, `fk_ptr_id`, `fk_ctc_id`, `inv_ptr_address`, `inv_duedate`, `inv_status`, `inv_totalht`, `inv_totaltax`, `inv_totalttc`, `fk_pam_id`, `fk_dur_id_payment_condition`, `inv_amount_remaining`, `inv_payment_progress`, `fk_ord_id`, `fk_por_id`, `inv_note`, `fk_inv_id`, `fk_usr_id_seller`, `fk_tap_id`, `fk_doc_id`, `inv_being_edited`, `inv_delivery_address`) VALUES
(360, '2025-09-11 17:28:48', '2026-01-27 08:12:20', 84, 84, 3, 'FF250003', 'FR70403196 / BC228174727', '2025-05-19', 229, NULL, '2 rue de la demo BREST', '2025-05-20', 2, 4.990, 0.000, 4.990, 26, 18, -1.000, 120, NULL, NULL, '', NULL, NULL, NULL, NULL, 0, NULL),
(361, '2025-09-12 08:44:26', '2025-09-12 08:47:57', 84, 84, 3, 'FF250004', 'L000000125118323', '2025-05-09', 230, NULL, '99 RUE DU DEMO 75015 PARIS 15', '2025-05-10', 2, 3.990, 0.000, 3.990, 30, 18, 0.000, 100, NULL, NULL, '', NULL, NULL, NULL, NULL, 0, NULL),
(362, '2025-09-12 08:55:21', '2025-09-12 08:55:51', 84, 84, 3, 'FF250005', '3749312411', '2025-05-16', 224, NULL, '1 demo Ave,  Tempe, Arizona 85281, United States', '2025-05-17', 2, 90.990, 18.198, 109.188, 30, 18, 0.000, 100, NULL, NULL, '', NULL, NULL, NULL, NULL, 0, NULL),
(363, '2025-09-12 08:57:45', '2026-01-27 08:10:10', 84, 84, 3, 'FF250006', 'FR70390527 CDE BC228359955', '2025-05-16', 229, NULL, '2 rue de la demo BREST', '2025-05-17', 2, 40.540, 0.000, 40.540, 26, 18, -8.110, 120, NULL, NULL, '', NULL, NULL, NULL, NULL, 0, NULL),
(364, '2025-09-12 09:05:20', '2025-09-12 10:48:32', 84, 84, 3, 'FF250007', '12748544', '2025-05-28', 231, NULL, 'Liberté\r\nÉgalité Fraternité', '2025-05-29', 2, 230.000, 0.000, 230.000, 30, 18, 0.000, 100, NULL, NULL, '', NULL, NULL, NULL, NULL, 0, NULL),
(365, '2025-09-12 11:07:07', '2025-09-12 11:07:46', 84, 84, 3, 'FF250008', 'FR70564667', '2025-06-01', 229, NULL, '2 rue de la demo BREST', '2025-06-02', 2, 2.140, 0.428, 2.568, 26, 18, 0.000, 100, NULL, NULL, '', NULL, NULL, NULL, NULL, 0, NULL),
(366, '2025-09-12 11:16:08', '2025-10-13 08:56:00', 84, 84, 3, 'FF250009', '3784278894', '2025-06-15', 224, NULL, '1 demo Ave,  Tempe, Arizona 85281, United States', '2025-06-16', 2, 1298.810, 259.762, 1558.572, 27, 18, 0.000, 100, NULL, NULL, '', NULL, NULL, NULL, NULL, 0, NULL),
(367, '2025-09-12 11:17:18', '2025-09-12 11:18:41', 84, 84, 3, 'FF250010', '3785937428', '2025-06-17', 224, NULL, '1 demo Ave,  Tempe, Arizona 85281, United States', '2025-06-18', 2, 22.160, 4.432, 26.592, 30, 18, 0.000, 100, NULL, NULL, '', NULL, NULL, NULL, NULL, 0, NULL),
(368, '2025-09-12 11:19:40', '2025-09-12 11:20:32', 84, 84, 3, 'FF250011', 'FR70910314', '2025-06-16', 229, NULL, '2 rue de la demo BREST', '2025-06-17', 2, 1.000, 0.200, 1.200, 26, 18, 0.000, 100, NULL, NULL, '', NULL, NULL, NULL, NULL, 0, NULL),
(369, '2025-09-12 11:21:35', '2025-09-12 11:22:39', 84, 84, 3, 'FF250012', '93/2025', '2025-06-27', 232, NULL, '50, Avenue Des Bleuets - 91600 Savigny-Sur-Orge', '2025-06-28', 2, 737.330, 147.466, 884.796, 26, 18, 0.000, 100, NULL, NULL, '', NULL, NULL, NULL, NULL, 0, NULL),
(370, '2025-09-12 11:29:12', '2025-10-25 10:23:44', 84, 84, 3, 'FF250013', 'SO79870', '2025-06-30', 233, NULL, 'INDUSTRIAL ESTATE EDINGHAM DALBEATTIE DG5 4NA', '2025-07-01', 2, 22465.990, 0.000, 22465.990, 27, 18, 0.000, 100, NULL, NULL, '', NULL, NULL, 7, NULL, 0, NULL),
(371, '2025-09-12 11:45:08', '2025-09-12 11:46:33', 84, 84, 3, 'FF250014', 'F01000244', '2025-06-30', 234, NULL, '88 T AV GAL LECLERC\r\n92100 BOULOGNE BILLANCOURT', '2025-07-01', 2, 203.000, 0.000, 203.000, 30, 18, 0.000, 100, NULL, NULL, '', NULL, NULL, NULL, NULL, 0, NULL),
(372, '2025-09-12 11:58:14', '2025-09-12 12:07:25', 84, 84, 3, 'FF250015', 'FR71085190', '2025-07-01', 229, NULL, '2 rue de la demo BREST', '2025-07-02', 2, 6.150, 1.230, 7.380, 26, 18, 0.000, 100, NULL, NULL, '', NULL, NULL, NULL, NULL, 0, NULL),
(373, '2025-09-12 12:07:58', '2025-09-12 12:08:45', 84, 84, 3, 'FF250016', 'FR71310762', '2025-07-02', 229, NULL, '2 rue de la demo BREST', '2025-07-03', 2, 5.590, 1.118, 6.708, 26, 18, 0.000, 100, NULL, NULL, '', NULL, NULL, NULL, NULL, 0, NULL),
(374, '2025-09-12 12:09:25', '2025-11-13 16:40:23', 84, 84, 3, 'FF250017', 'IN042507080175', '2025-07-08', 235, NULL, 'Untere Hauptstrasse 29', '2025-07-09', 2, 296.000, 0.000, 296.000, 27, 18, 0.000, 100, NULL, NULL, '', NULL, NULL, 5, 837, 0, NULL),
(375, '2025-09-12 13:40:59', '2025-09-19 15:29:17', 84, 84, 6, 'FFA250001', 'FC034754', '2025-07-15', 236, NULL, '1 RUE DE demo - ZI DE LA DEMO -', '2025-07-16', 2, 195.840, 39.168, 235.008, 27, 18, 0.000, 100, NULL, NULL, '', NULL, NULL, NULL, NULL, 0, NULL),
(376, '2025-09-12 13:42:50', '2025-09-12 13:50:21', 84, 84, 3, 'FF250019', 'CO-25073906', '2025-07-15', 237, NULL, '28 RUE DE LONDRES 75009 PARIS 9', '2025-07-16', 2, 715.110, 143.022, 858.132, 27, 18, 0.000, 100, NULL, NULL, '', NULL, NULL, NULL, NULL, 0, NULL),
(377, '2025-09-15 16:17:37', '2025-09-16 08:29:37', 84, 84, 4, 'AF250001', '', '2025-05-02', 238, NULL, ' ', '2025-05-02', 2, 0.290, 0.058, 0.348, 26, 18, 0.000, 100, NULL, NULL, '', NULL, 84, NULL, NULL, 0, NULL),
(378, '2025-09-16 10:20:45', '2025-09-19 16:12:26', 84, 84, 3, 'FF250020', '1349862', '2025-07-15', 236, NULL, '1 RUE DE demo - ZI DE LA DEMO -', '2025-07-16', 2, 162.690, 32.538, 195.228, 30, 18, 0.000, 100, NULL, NULL, '', NULL, NULL, NULL, NULL, 0, NULL),
(381, '2025-09-17 14:24:06', '2025-09-22 07:34:00', 84, 84, 6, 'FFA250002', 'FC034896', '2025-07-25', 236, NULL, '1 RUE DE demo - ZI DE LA DEMO -', '2025-07-26', 2, 168.540, 33.708, 202.248, 30, 18, 0.000, 100, NULL, NULL, '', NULL, NULL, NULL, NULL, 0, NULL),
(382, '2025-09-17 14:26:45', '2025-09-17 14:54:39', 84, 84, 3, 'FF250022', '1350960', '2025-07-31', 236, NULL, '1 RUE DE demo - ZI DE LA DEMO -', '2025-08-01', 2, 168.540, 33.708, 202.248, 30, 18, 0.000, 100, NULL, NULL, '', NULL, NULL, NULL, NULL, 0, NULL),
(383, '2025-09-17 14:36:40', '2025-09-17 14:36:56', 84, 84, 3, 'FF250023', '', '2025-07-16', 239, NULL, '\r\n ', '2025-09-18', 2, 9.860, 0.000, 9.860, 30, 18, 0.000, 100, NULL, NULL, '', NULL, 84, NULL, NULL, 0, NULL),
(384, '2025-09-17 14:38:57', '2025-09-17 15:14:31', 84, 84, 3, 'FF250024', 'IN042507230318', '2025-07-23', 235, NULL, 'Untere Hauptstrasse 29', '2025-07-24', 2, 276.000, 55.200, 331.200, 27, 18, 0.000, 100, NULL, NULL, '', NULL, NULL, NULL, NULL, 0, NULL),
(385, '2025-09-17 14:46:03', '2025-09-17 14:52:04', 84, 84, 3, 'FF250025', '', '2025-07-31', 240, NULL, '10 AV DES LOUVRESSES\r\n92230 GENNEVILLIERS\r\nnull null', '2025-08-01', 2, 246.870, 49.374, 296.244, 27, 18, 0.000, 100, NULL, NULL, '', NULL, 84, NULL, NULL, 0, NULL),
(386, '2025-09-22 07:59:04', '2025-09-22 08:00:35', 84, 84, 3, 'FF250026', 'F01000257', '2025-07-31', 234, NULL, '88 T AV GAL LECLERC\r\n92100 BOULOGNE BILLANCOURT', '2025-08-01', 2, 96.000, 0.000, 96.000, 30, 18, 0.000, 100, NULL, NULL, '', NULL, NULL, NULL, NULL, 0, NULL),
(387, '2025-09-22 08:01:13', '2025-09-22 08:01:59', 84, 84, 3, 'FF250027', '2025-08-2208', '2025-08-08', 225, NULL, '10 RUE DES PYRAMIDES 75001 PARIS 1', '2025-08-09', 2, 2000.000, 400.000, 2400.000, 27, 18, 0.000, 100, NULL, NULL, '', NULL, NULL, NULL, NULL, 0, NULL),
(388, '2025-09-22 08:05:00', '2025-09-22 08:06:13', 84, 84, 3, 'FF250028', 'FR71779800', '2025-08-01', 229, NULL, '2 rue de la demo BREST', '2025-08-02', 2, 23.900, 4.780, 28.680, 26, 18, 0.000, 100, NULL, NULL, '', NULL, NULL, NULL, NULL, 0, NULL),
(389, '2025-09-22 08:06:47', '2025-11-04 09:24:11', 84, 84, 3, 'FF250029', 'FAC/2025/3144', '2025-07-30', 241, NULL, '99 Rue des Demo\r\n92000 NANTERRE\r\nFrance', '2025-07-31', 2, 1500.000, 300.000, 1800.000, 27, 18, 0.000, 100, NULL, NULL, '', NULL, NULL, NULL, NULL, 0, NULL),
(390, '2025-09-23 08:30:15', '2025-11-13 17:01:34', 84, 84, 4, 'AF250003', 'CN042508010015', '2025-08-01', 235, NULL, 'Untere Hauptstrasse 29\r\n ', '2025-08-02', 2, 72.000, 0.000, 72.000, 27, 18, 0.000, 100, NULL, NULL, '', NULL, 84, 5, 843, 0, NULL),
(393, '2025-09-26 13:43:28', '2025-09-27 16:41:54', 84, 84, 1, 'FC250001', 'SO250040', '2025-07-28', 208, 205, '1711 Rue du Coyote\r\n75006 PARIS', '2025-08-12', 2, 419.000, 83.800, 502.800, 27, 16, 0.000, 100, 403, NULL, '', NULL, NULL, NULL, NULL, 0, NULL),
(394, '2025-10-07 10:38:14', '2025-11-21 20:22:34', 84, 84, 3, 'FF250030', '93963452', '2025-10-07', 240, NULL, '10 AV DES LOUVRESSES92230 GENNEVILLIERS\r\n ', '2025-10-08', 2, 699.000, 139.800, 838.800, 30, 18, 0.000, 100, NULL, 385, '', NULL, NULL, NULL, 901, 0, NULL),
(395, '2025-10-29 09:20:06', '2025-10-29 09:20:36', 84, 84, 1, 'FC250002', 'SO250046', '2025-10-20', 246, NULL, '30 Avenue de la Liberte\r\n92120 Montrouge', '2025-11-01', 2, 149.490, 29.898, 179.388, 27, 15, 0.000, 100, 410, NULL, '', NULL, NULL, NULL, NULL, 0, NULL),
(397, '2025-11-13 14:47:44', '2026-02-09 14:53:33', 84, 84, 3, 'FF250031', 'FR72979084', '2025-10-01', 229, NULL, '2 rue de la demo BREST', '2025-10-02', 2, 6.190, 0.000, 6.190, 26, 18, -1.240, 120, NULL, NULL, '', NULL, NULL, NULL, 827, 0, NULL),
(398, '2025-11-13 14:57:09', '2025-11-21 19:19:37', 84, 84, 3, 'FF250032', 'FR72271090', '2025-09-01', 229, NULL, '2 rue de la demo BREST', '2025-09-02', 2, 4.990, 0.998, 5.988, 26, 18, 0.000, 100, NULL, NULL, '', NULL, NULL, NULL, 890, 0, NULL),
(399, '2025-11-13 14:58:14', '2025-11-13 15:15:39', 84, 84, 3, 'FF250033', 'FR72558174', '2025-09-14', 229, NULL, '2 rue de la demo BREST', '2025-09-15', 2, 37.860, 7.570, 45.430, 26, 18, 0.000, 100, NULL, NULL, '', NULL, NULL, NULL, 831, 0, NULL),
(400, '2025-11-13 16:55:25', '2025-11-13 16:56:01', 84, 84, 3, 'FF250034', 'FAC/2025/3982', '2025-09-08', 241, NULL, '99 Rue des Demo\r\n92000 NANTERRE\r\nFrance', '2025-09-09', 2, 810.000, 162.000, 972.000, 26, 18, 0.000, 100, NULL, NULL, '', NULL, NULL, NULL, 838, 0, NULL),
(401, '2025-11-13 16:57:14', '2025-11-13 16:57:40', 84, 84, 3, 'FF250035', 'FAC/2025/4085', '2025-11-13', 241, NULL, '99 Rue des Demo\r\n92000 NANTERRE\r\nFrance', '2025-11-14', 2, 920.000, 184.000, 1104.000, 26, 18, 0.000, 100, NULL, NULL, '', NULL, NULL, NULL, 841, 0, NULL),
(403, '2025-11-13 17:11:43', '2025-11-13 17:19:50', 84, 84, 3, 'FF250036', '5179825', '2025-09-12', 231, NULL, 'Liberté\r\nÉgalité Fraternité', '2025-09-13', 2, 270.000, 0.000, 270.000, 30, 18, 0.000, 100, NULL, NULL, '', NULL, NULL, NULL, 847, 0, NULL),
(405, '2025-11-13 17:35:58', '2025-11-13 17:37:27', 84, 84, 3, 'FF250038', '1367319', '2025-10-08', 236, NULL, '1 RUE DE demo - ZI DE LA DEMO -', '2025-10-09', 2, 628.700, 125.740, 754.440, 30, 18, 0.000, 100, NULL, NULL, '', NULL, NULL, NULL, 852, 0, NULL),
(407, '2025-11-13 17:41:16', '2025-11-13 17:41:50', 84, 84, 3, 'FF250040', '51701', '2025-10-14', 251, NULL, 'KIVRA: 559418-0498 \r\n106 31 STOCKHOLM', '2025-10-14', 2, 24.170, 4.834, 29.004, 30, 21, 0.000, 100, NULL, NULL, '', NULL, NULL, NULL, 857, 0, NULL),
(408, '2025-11-13 17:43:28', '2025-11-13 17:44:15', 84, 84, 3, 'FF250041', '73765', '2025-11-13', 251, NULL, 'KIVRA: 559418-0498 \r\n106 31 STOCKHOLM', '2025-11-13', 2, 32.500, 6.500, 39.000, 30, 21, 0.000, 100, NULL, NULL, '', NULL, NULL, NULL, 859, 0, NULL),
(409, NULL, '2025-11-13 17:47:03', NULL, 84, 4, 'AF250004', 'RFAC/2025/0109', '2025-11-13', 241, NULL, '99 Rue des Demo\r\n92000 NANTERRE\r\nFrance\r\nnull null', '2025-11-13', 2, 810.000, 162.000, 972.000, 27, 21, 0.000, 100, NULL, NULL, '', 434, 84, NULL, 861, 0, NULL),
(410, '2025-11-13 17:49:35', '2025-11-13 17:51:53', 84, 84, 3, 'FF250042', '51024-NMWKM', '2025-10-24', 252, NULL, '..\r\n5 AV DE PARIS\r\n94300 VINCENNES', '2025-10-24', 2, 2.670, 0.534, 3.204, 30, 21, 0.000, 100, NULL, NULL, '', NULL, NULL, NULL, 864, 0, NULL),
(411, '2025-11-13 17:52:55', '2025-11-13 17:54:25', 84, 84, 3, 'FF250043', 'EU3716775', '2025-11-06', 253, NULL, 'EKKERSRIJT 03102\r\n5692CC SON EN BREUGEL', '2025-11-06', 2, 96.100, 19.220, 115.320, 30, 21, 0.000, 100, NULL, NULL, '', NULL, NULL, NULL, 867, 0, NULL),
(412, '2025-11-13 17:55:00', '2025-11-13 17:58:22', 84, 84, 3, 'FF250044', 'TGFEGZYP-0001', '2025-11-07', 254, NULL, '548 Market Street\r\nPMB 90375\r\nSan Francisco, California 94104\r\nUnited States', '2025-11-07', 2, 180.000, 0.000, 180.000, 27, 21, 0.000, 100, NULL, NULL, '', NULL, NULL, NULL, 870, 0, NULL),
(413, '2025-11-13 18:00:19', '2026-03-10 09:06:06', 84, 84, 1, 'FC250003', 'SO250047', '2025-10-22', 208, NULL, '1711 Rue du Coyote\r\n75006 PARIS', '2025-10-23', 2, 179.900, 35.980, 215.880, 28, 18, 0.000, 100, 411, NULL, NULL, NULL, NULL, NULL, NULL, 0, NULL),
(414, NULL, '2026-04-17 11:05:38', NULL, 84, 1, 'FC250004', '', '2025-11-17', 208, NULL, '1711 Rue du Coyote\r\n75006 PARIS', '2025-12-02', 2, 261.000, 52.200, 313.200, 27, 16, 0.000, 100, NULL, NULL, '', NULL, 84, NULL, NULL, 0, NULL),
(416, '2025-11-17 12:23:29', '2026-03-26 14:29:04', 84, 84, 1, 'FC250005', 'RC250002', '2025-10-01', 242, NULL, '1640 Avenue de la Rivière\r\n75012  Paris', '2025-10-02', 2, 1249.570, 249.914, 1499.484, 27, 18, 0.000, 100, NULL, NULL, '', NULL, NULL, NULL, NULL, 0, NULL),
(417, '2025-11-21 19:30:14', '2026-02-09 14:53:21', 84, 84, 3, 'FF250045', 'FR73686448', '2025-11-01', 229, NULL, '2 rue de la demo BREST', '2025-11-02', 2, 5.000, 0.000, 5.000, 26, 18, -1.000, 120, NULL, NULL, '', NULL, NULL, NULL, 892, 0, NULL),
(418, NULL, '2025-11-21 20:15:15', NULL, 84, 3, 'FF250046', '3133465', '2025-10-08', 256, NULL, '14, avenue du Général de Gaulle, 94160 Saint-Mandé\r\nnull null', '2025-10-08', 2, 333.670, 0.000, 333.670, 27, 21, 0.000, 100, NULL, NULL, '', NULL, 84, NULL, 900, 0, NULL),
(420, NULL, '2025-11-28 10:35:26', NULL, 84, 1, 'FC250006', '', '2025-11-28', 257, NULL, '55 CHEMIN DES DEMO\r\n78910  DEMOVILLE', '2025-11-29', 2, 249.500, 49.900, 299.400, 27, 18, 299.400, 0, NULL, NULL, '', NULL, 84, NULL, NULL, 0, NULL),
(421, '2025-12-04 17:30:28', '2026-03-10 09:53:32', 84, 84, 1, 'FC250007', 'SO250043', '2025-12-04', 243, NULL, '1 PLACE DE L\'HORLOGE\r\n40150  SOORTS-HOSSEGOR', '2025-12-05', 2, 119.480, 23.896, 143.376, 27, 18, 0.000, 100, 407, NULL, '', NULL, NULL, NULL, NULL, 0, NULL),
(422, '2025-12-04 17:34:09', '2026-03-10 09:53:32', 84, 84, 1, 'FC250008', 'CC250003', '2025-12-04', 243, NULL, '1 PLACE DE L\'HORLOGE\r\n40150  SOORTS-HOSSEGOR', '2025-12-05', 2, 323.880, 64.776, 388.656, 27, 18, 0.000, 100, NULL, NULL, '', NULL, NULL, NULL, NULL, 0, NULL),
(423, '2025-12-04 17:40:45', '2026-03-10 09:53:32', 84, 84, 1, 'FC250009', 'SO250049', '2025-12-04', 248, NULL, '55 RUE ALBERT EINSTEIN\r\n75009 Paris', '2026-01-01', 2, 99.500, 19.900, 119.400, 27, 15, 0.000, 100, 413, NULL, '', NULL, NULL, NULL, NULL, 0, NULL),
(424, '2025-12-04 17:41:29', '2026-03-10 09:53:32', 84, 84, 1, 'FC250010', 'CC250003', '2025-12-04', 248, NULL, '55 RUE ALBERT EINSTEIN\r\n75009 Paris', '2026-01-01', 2, 488.990, 97.798, 586.788, 27, 15, 0.000, 100, NULL, NULL, '', NULL, NULL, NULL, NULL, 0, NULL),
(426, '2025-12-04 18:05:46', '2026-04-17 05:38:14', 84, 84, 1, 'FC250012', 'CC250003', '2025-12-01', 207, 3836, '45 Boulevard de l\'Avenir\r\n40100 DAX', '2025-12-01', 2, 59.990, 11.998, 71.988, 26, 15, 0.000, 100, NULL, NULL, '', NULL, NULL, NULL, NULL, 0, NULL),
(427, '2025-12-04 18:18:21', '2026-04-16 13:24:07', 84, 84, 1, 'FC250013', 'SO250062', '2025-12-04', 207, 3836, '45 Boulevard de l\'Avenir\r\n40100 DAX', '2026-01-01', 2, 9.990, 1.998, 11.988, 26, 15, 0.000, 100, 427, NULL, '', NULL, NULL, NULL, NULL, 0, NULL),
(429, '2025-12-04 18:24:03', '2026-04-17 05:38:14', 84, 84, 1, 'FC250014', 'CC250003', '2025-07-01', 207, 3836, '45 Boulevard de l\'Avenir\r\n40100 DAX', '2025-08-01', 2, 34.990, 6.998, 41.988, 26, 15, 0.000, 100, NULL, NULL, '', NULL, NULL, NULL, NULL, 0, NULL),
(430, '2025-12-09 10:33:54', '2026-02-12 08:23:44', 84, 84, 3, 'FF250047', 'FAC/2025/5429', '2025-12-01', 241, NULL, '99 Rue des Demo\r\n92000 NANTERRE\r\nFrance', '2025-12-02', 2, 925.000, 185.000, 1110.000, 26, 18, 0.000, 100, NULL, NULL, '', NULL, NULL, NULL, NULL, 0, NULL),
(431, '2025-12-09 10:36:09', '2026-02-12 08:38:14', 84, 84, 3, 'FF250048', 'L000000139393200', '2025-12-02', 230, NULL, '99 RUE DU DEMO 75015 PARIS 15', '2025-12-03', 2, 3.990, 0.000, 3.990, 30, 18, 0.000, 100, NULL, NULL, '', NULL, NULL, NULL, NULL, 0, NULL),
(432, '2025-12-09 10:37:43', '2026-02-12 08:45:58', 84, 84, 3, 'FF250049', 'FR74102237', '2025-12-01', 229, NULL, '2 rue de la demo BREST', '2025-12-02', 2, 6.360, 1.270, 7.630, 26, 18, 0.000, 100, NULL, NULL, NULL, NULL, NULL, NULL, NULL, 0, NULL),
(433, NULL, '2026-03-10 09:06:06', NULL, 84, 3, 'FF250050', 'b2e8628be92d', '2025-12-01', 258, NULL, 'null null', '2025-12-02', 2, 8.660, 0.000, 8.660, 30, 18, 0.000, 100, NULL, NULL, NULL, NULL, 84, NULL, NULL, 0, NULL),
(434, '2025-12-09 13:53:47', '2026-02-09 15:02:45', 84, 84, 3, 'FF250051', 'FAC-2025-4974 ', '2025-11-01', 241, NULL, '99 Rue des Demo\r\n92000 NANTERRE\r\nFrance', '2025-11-02', 2, 925.000, 0.000, 925.000, 26, 18, -185.000, 120, NULL, NULL, '', NULL, NULL, NULL, NULL, 0, NULL),
(435, '2025-12-09 13:56:59', '2025-12-09 13:57:48', 84, 84, 3, 'FF250052', '11-25-invoice-28831691', '2025-11-30', 238, NULL, '', '2025-12-01', 2, 4.000, 0.800, 4.800, 26, 18, 0.000, 100, NULL, NULL, '', NULL, NULL, NULL, NULL, 0, NULL),
(436, '2025-12-09 14:07:57', '2025-12-09 14:09:05', 84, 84, 1, 'FC250015', 'SO250041', '2025-12-09', 208, NULL, '1711 Rue du Coyote\r\n75006 PARIS', '2025-12-24', 2, 1424.690, 284.938, 1709.628, 27, 16, 0.000, 100, 405, NULL, '', NULL, NULL, NULL, NULL, 0, NULL),
(437, '2025-12-09 14:08:38', '2026-03-10 10:16:08', 84, 84, 1, 'FC250016', 'CC250003', '2025-10-01', 208, NULL, '1711 Rue du Coyote\r\n75006 PARIS', '2025-10-16', 2, 238.800, 47.760, 286.560, 27, 16, 0.000, 100, NULL, NULL, NULL, NULL, NULL, NULL, NULL, 0, NULL),
(438, '2025-12-16 08:10:37', '2026-03-10 09:53:32', 84, 84, 1, 'FC250017', '', '2025-12-16', 248, NULL, '55 RUE ALBERT EINSTEIN\r\n75009 Paris', '2026-01-01', 2, 54.000, 10.800, 64.800, 27, 15, 0.000, 100, NULL, NULL, '', NULL, NULL, NULL, NULL, 0, NULL),
(440, '2026-02-08 15:34:35', '2026-03-10 09:53:32', 84, 84, 1, 'FC260018', 'SO250056', '2025-11-04', 250, NULL, NULL, '2025-11-04', 2, 99.500, 19.900, 119.400, 27, 21, 119.400, 0, 421, NULL, NULL, NULL, NULL, NULL, NULL, 0, NULL),
(442, '2026-02-08 15:57:20', '2026-03-10 09:53:32', 84, 84, 1, 'FC260019', 'SO250058', '2025-11-17', 255, NULL, NULL, '2025-12-01', 2, 19.990, 3.998, 23.988, 27, 15, 0.000, 100, 423, NULL, NULL, NULL, NULL, NULL, NULL, 0, NULL),
(443, '2026-02-08 16:04:18', '2026-03-10 09:53:32', 84, 84, 1, 'FC260020', 'SO250061', '2025-11-28', 244, NULL, NULL, '2025-12-01', 2, 199.480, 39.900, 239.380, 27, 15, 0.000, 100, 426, NULL, NULL, NULL, NULL, NULL, NULL, 0, NULL),
(444, '2026-02-08 16:12:07', '2026-03-10 09:53:32', 84, 84, 1, 'FC260021', 'Contrat CC260011', '2025-12-01', 255, NULL, NULL, '2026-01-01', 2, 22.990, 4.600, 27.590, 27, 15, 0.000, 100, NULL, NULL, 'Facture générée automatiquement depuis le contrat CC260011', NULL, NULL, NULL, NULL, 0, NULL),
(445, '2026-02-08 16:12:08', '2026-03-10 10:02:49', 84, 84, 1, 'FC260022', 'Contrat CC260012', '2025-12-19', 244, NULL, NULL, '2026-01-01', 2, 62.980, 12.600, 75.580, 27, 15, 0.000, 100, NULL, NULL, 'Facture générée automatiquement depuis le contrat CC260012', NULL, NULL, NULL, NULL, 0, NULL),
(446, '2026-02-08 16:12:08', '2026-03-10 09:55:54', 84, 84, 1, 'FC260023', 'Contrat CC250007', '2026-01-01', 207, 3836, NULL, '2026-02-01', 2, 59.990, 12.000, 71.990, 26, 15, 0.000, 100, NULL, NULL, 'Facture générée automatiquement depuis le contrat CC250007', NULL, NULL, NULL, NULL, 0, NULL),
(447, '2026-02-08 17:13:48', '2026-03-10 09:53:32', 84, 84, 1, 'FC260024', 'Contrat CC260011', '2026-01-01', 255, NULL, NULL, '2026-02-01', 2, 22.990, 4.600, 27.590, 27, 15, 0.000, 100, NULL, NULL, 'Facture générée automatiquement depuis le contrat CC260011', NULL, NULL, NULL, NULL, 0, NULL),
(448, '2026-02-08 17:13:48', '2026-03-10 10:03:12', 84, 84, 1, 'FC260025', 'Contrat CC260012', '2026-01-01', 244, NULL, NULL, '2026-02-01', 2, 62.980, 12.600, 75.580, 27, 15, 0.000, 100, NULL, NULL, 'Facture générée automatiquement depuis le contrat CC260012', NULL, NULL, NULL, NULL, 0, NULL),
(449, '2026-02-08 17:13:48', '2026-04-17 05:38:14', 84, 84, 1, 'FC260026', 'Contrat CC250007', '2026-02-01', 207, 3836, NULL, '2026-03-01', 2, 59.990, 12.000, 71.990, 26, 15, 0.000, 100, NULL, NULL, 'Facture générée automatiquement depuis le contrat CC250007', NULL, NULL, NULL, NULL, 0, NULL),
(450, '2026-02-08 17:13:56', '2026-03-10 09:53:32', 84, 84, 1, 'FC260027', 'Contrat CC260011', '2026-02-01', 255, NULL, NULL, '2026-03-01', 2, 22.990, 4.600, 27.590, 27, 15, 0.000, 100, NULL, NULL, 'Facture générée automatiquement depuis le contrat CC260011', NULL, NULL, NULL, NULL, 0, NULL),
(451, '2026-02-08 17:13:56', '2026-04-17 06:00:58', 84, 84, 1, 'FC260028', 'Contrat CC260012', '2026-02-01', 244, NULL, NULL, '2026-03-01', 2, 62.980, 12.600, 75.580, 27, 15, 0.000, 100, NULL, NULL, 'Facture générée automatiquement depuis le contrat CC260012', NULL, NULL, NULL, NULL, 0, NULL),
(452, '2026-02-09 14:41:35', '2026-02-12 08:15:12', 84, 84, 3, 'FF260053', '311-SPI709495', '2025-12-17', 259, NULL, NULL, '2026-01-16', 2, 0.750, 0.150, 0.900, 26, 18, 0.900, 0, NULL, NULL, NULL, NULL, NULL, NULL, NULL, 0, NULL),
(453, '2026-02-09 14:43:31', '2026-02-12 08:15:12', 84, 84, 3, 'FF260054', '311-SPI709678', '2025-12-18', 259, NULL, NULL, '2025-12-19', 2, 1.500, 0.300, 1.800, 26, 18, 1.800, 0, NULL, NULL, NULL, NULL, NULL, NULL, NULL, 0, NULL),
(454, '2026-02-09 14:45:20', '2026-02-12 08:15:12', 84, 84, 3, 'FF260055', '311-SPI710789', '2025-12-22', 259, NULL, NULL, '2025-12-23', 2, 38.630, 7.730, 46.360, 26, 18, 46.360, 0, NULL, NULL, NULL, NULL, NULL, NULL, NULL, 0, NULL),
(455, '2026-02-09 14:50:07', '2026-03-10 09:06:06', 84, 84, 3, 'FF260056', 'FR74845165', '2026-01-01', 229, NULL, '2 rue de la demo BREST', '2026-01-02', 2, 4.990, 1.000, 5.990, 26, 18, 0.000, 100, NULL, NULL, NULL, NULL, NULL, NULL, NULL, 0, NULL),
(456, '2026-02-09 14:51:59', '2026-03-10 09:06:06', 84, 84, 3, 'FF260057', 'FR75466953', '2026-02-01', 229, NULL, '2 rue de la demo BREST', '2026-02-02', 2, 4.990, 1.000, 5.990, 26, 18, 0.000, 100, NULL, NULL, NULL, NULL, NULL, NULL, NULL, 0, NULL),
(457, '2026-02-09 14:53:41', '2026-02-12 08:52:58', 84, 84, 3, 'FF260058', 'FR74607044', '2026-01-01', 229, NULL, '2 rue de la demo BREST', '2026-01-02', 2, 19.290, 3.860, 23.150, 26, 18, 0.000, 100, NULL, NULL, 'unovia.cloud', NULL, NULL, NULL, NULL, 0, NULL),
(458, '2026-02-09 14:56:47', '2026-03-10 09:06:06', 84, 84, 3, 'FF260059', 'FR75581415', '2026-02-02', 229, NULL, '2 rue de la demo BREST', '2026-02-03', 2, 39.370, 7.870, 47.240, 26, 18, 0.000, 100, NULL, NULL, 'horizongestion.fr', NULL, NULL, NULL, NULL, 0, NULL),
(459, '2026-02-09 14:59:09', '2026-03-10 08:24:55', 84, 84, 3, 'FF260060', 'FR75656388', '2026-02-08', 229, NULL, '2 rue de la demo BREST', '2026-02-09', 2, 13.490, 2.700, 16.190, 26, 18, 0.000, 100, NULL, NULL, 'horizongestion.fr', NULL, NULL, NULL, NULL, 0, NULL),
(460, '2026-02-09 15:02:58', '2026-02-12 08:26:00', 84, 84, 3, 'FF260061', 'FAC/2026/0547', '2026-01-01', 241, NULL, '99 Rue des Demo\r\n92000 NANTERRE\r\nFrance', '2026-01-02', 2, 925.000, 185.000, 1110.000, 26, 18, 0.000, 100, NULL, NULL, NULL, NULL, NULL, NULL, NULL, 0, NULL),
(461, '2026-02-09 15:11:15', '2026-03-10 08:24:55', 84, 84, 3, 'FF260062', '311-SPI716503', '2026-01-09', 259, NULL, NULL, '2026-01-10', 2, 386.280, 77.260, 463.540, 26, 18, 463.540, 0, NULL, NULL, 'RAMI', NULL, NULL, NULL, NULL, 0, NULL),
(462, '2026-02-09 15:13:08', '2026-03-10 09:06:06', 84, 84, 3, 'FF260063', 'FAC/2026/0980', '2026-02-01', 241, NULL, '99 Rue des Demo\r\n92000 NANTERRE\r\nFrance', '2026-02-02', 2, 925.000, 185.000, 1110.000, 26, 18, 0.000, 100, NULL, NULL, NULL, NULL, NULL, NULL, NULL, 0, NULL),
(464, '2026-02-10 14:30:13', '2026-04-17 10:59:58', 84, 84, 3, 'FF260064', 'SERV202602-57546', '2026-02-10', 260, NULL, NULL, '2026-03-12', 1, 10.500, 0.000, 10.500, 26, 18, 0.000, 100, NULL, NULL, NULL, NULL, NULL, NULL, NULL, 1, NULL),
(465, '2026-02-10 14:32:01', '2026-02-10 14:32:33', 84, 84, 3, 'FF260065', '311-SPI716503', '2026-02-10', 259, NULL, NULL, '2026-01-10', 0, 0.750, 0.150, 0.900, 26, 18, 0.900, 0, NULL, NULL, 'RAMI', NULL, NULL, NULL, NULL, 1, NULL),
(467, '2026-02-12 08:29:03', '2026-03-10 09:06:06', 84, 84, 3, 'FF260066', '12-25-invoice-29620364', '2025-12-31', 238, NULL, NULL, '2026-01-01', 2, 0.180, 0.000, 0.180, 26, 18, 0.000, 100, NULL, NULL, NULL, NULL, NULL, NULL, NULL, 0, NULL),
(468, '2026-02-12 08:31:01', '2026-03-10 09:06:06', 84, 84, 3, 'FF260067', '12-25-invoice-29620364', '2026-01-31', 238, NULL, NULL, '2026-02-01', 2, 2.000, 0.400, 2.400, 26, 18, 0.000, 100, NULL, NULL, NULL, NULL, NULL, NULL, NULL, 0, NULL),
(469, '2026-03-10 06:29:22', '2026-04-17 05:38:14', 84, 84, 1, 'FC260029', 'Contrat CC250007', '2026-03-01', 207, 3836, NULL, '2026-04-01', 2, 59.990, 12.000, 71.990, 26, 15, 0.000, 100, NULL, NULL, 'Facture générée automatiquement depuis le contrat CC250007', NULL, NULL, NULL, NULL, 0, NULL),
(470, '2026-03-10 06:29:22', '2026-04-16 13:14:56', 84, 84, 1, 'FC260030', 'Contrat CC260011', '2026-03-01', 255, NULL, NULL, '2026-04-01', 2, 22.990, 4.600, 27.590, 27, 15, 0.000, 100, NULL, NULL, 'Facture générée automatiquement depuis le contrat CC260011', NULL, NULL, NULL, NULL, 0, NULL),
(471, '2026-03-10 06:29:22', '2026-04-17 06:05:21', 84, 84, 1, 'FC260031', 'Contrat CC260012', '2026-03-01', 244, NULL, NULL, '2026-04-01', 2, 62.980, 12.600, 75.580, 27, 15, 0.000, 100, NULL, NULL, 'Facture générée automatiquement depuis le contrat CC260012', NULL, NULL, NULL, NULL, 0, NULL),
(472, '2026-03-10 08:01:28', '2026-04-17 11:00:09', 84, 84, 3, 'FF260068', 'SERV202602-56547', '2026-03-10', 260, NULL, NULL, '2026-03-12', 2, 58.630, 8.000, 66.630, 26, 18, 0.000, 100, NULL, NULL, NULL, NULL, NULL, NULL, NULL, 0, NULL),
(473, '2026-03-10 08:15:40', '2026-03-10 08:24:55', 84, 84, 3, 'FF260069', '311-SPI722243', '2026-02-03', 259, NULL, NULL, '2026-02-04', 2, 0.750, 0.150, 0.900, 26, 18, 0.900, 0, NULL, NULL, NULL, NULL, NULL, NULL, NULL, 0, NULL),
(474, '2026-03-10 08:17:24', '2026-03-10 08:24:55', 84, 84, 3, 'FF260070', '311-SPI727785', '2026-02-25', 259, NULL, NULL, '2026-02-26', 2, 0.750, 0.150, 0.900, 26, 18, 0.900, 0, NULL, NULL, NULL, NULL, NULL, NULL, NULL, 0, NULL),
(475, '2026-03-10 08:18:53', '2026-04-16 11:46:44', 84, 84, 3, 'FF260071', 'FAC-2026-1428', '2026-03-01', 241, NULL, '99 Rue des Demo\r\n92000 NANTERRE\r\nFrance', '2026-03-02', 2, 925.000, 185.000, 1110.000, 26, 18, 0.000, 100, NULL, NULL, NULL, NULL, NULL, NULL, NULL, 0, NULL),
(478, '2026-04-16 10:37:08', '2026-04-17 06:19:21', 84, 84, 1, 'FC260032', 'Contrat CC250007', '2026-04-01', 207, 3836, NULL, '2026-05-01', 2, 59.990, 11.998, 71.988, 26, 15, 71.990, 0, NULL, NULL, 'Facture générée automatiquement depuis le contrat CC250007', NULL, NULL, NULL, NULL, 0, NULL),
(479, '2026-04-16 10:37:08', '2026-04-17 06:19:21', 84, 84, 1, 'FC260033', 'Contrat CC260010', '2026-04-01', 250, NULL, NULL, '2026-05-01', 2, 196.990, 39.398, 236.388, 27, 15, 236.390, 0, NULL, NULL, 'Facture générée automatiquement depuis le contrat CC260010', NULL, NULL, NULL, NULL, 0, NULL),
(480, '2026-04-16 10:37:09', '2026-04-17 06:19:21', 84, 84, 1, 'FC260034', 'Contrat CC260011', '2026-04-01', 255, NULL, NULL, '2026-05-01', 2, 22.990, 4.598, 27.588, 27, 15, 27.590, 0, NULL, NULL, 'Facture générée automatiquement depuis le contrat CC260011', NULL, NULL, NULL, NULL, 0, NULL),
(481, '2026-04-16 10:37:09', '2026-04-17 06:19:21', 84, 84, 1, 'FC260035', 'Contrat CC260012', '2026-04-01', 244, NULL, NULL, '2026-05-01', 2, 62.980, 12.596, 75.576, 27, 15, 75.580, 0, NULL, NULL, 'Facture générée automatiquement depuis le contrat CC260012', NULL, NULL, NULL, NULL, 0, NULL),
(482, '2026-04-16 11:35:35', '2026-04-17 06:19:21', 84, 84, 1, 'FC260036', 'SO260064', '2026-03-01', 281, NULL, NULL, '2026-03-02', 2, 308.490, 61.698, 370.188, 27, 18, 370.190, 0, 429, NULL, NULL, NULL, NULL, NULL, NULL, 0, NULL),
(483, '2026-04-16 11:36:23', '2026-04-17 06:19:21', 84, 84, 1, 'FC260037', 'Contrat CC260013', '2026-03-01', 281, NULL, NULL, '2026-03-02', 2, 175.072, 35.014, 210.086, 27, 18, 210.090, 0, NULL, NULL, 'Facture générée automatiquement depuis le contrat CC260013', NULL, NULL, NULL, NULL, 0, NULL),
(484, '2026-04-16 11:55:28', '2026-04-17 06:19:21', 84, 84, 3, 'FF260072', 'FR76193325', '2026-03-01', 229, NULL, '2 rue de la demo BREST', '2026-03-02', 2, 4.990, 1.000, 5.990, 26, 18, 0.000, 100, NULL, NULL, NULL, NULL, NULL, NULL, NULL, 0, NULL),
(485, '2026-04-16 11:56:50', '2026-04-17 06:19:21', 84, 84, 3, 'FF260073', 'FR76769758', '2026-04-16', 229, NULL, '2 rue de la demo BREST', '2026-05-16', 2, 16.380, 3.276, 19.656, 26, 18, 19.660, 0, NULL, NULL, 'horizongestion.fr', NULL, NULL, NULL, NULL, 0, NULL),
(486, '2026-04-16 11:57:47', '2026-04-17 06:19:21', 84, 84, 3, 'FF260074', 'FR76702112', '2026-04-01', 229, NULL, '2 rue de la demo BREST', '2026-04-02', 2, 4.990, 1.000, 5.990, 26, 18, 5.990, 0, NULL, NULL, NULL, NULL, NULL, NULL, NULL, 0, NULL),
(487, '2026-04-16 12:16:14', '2026-04-17 06:19:21', 84, 84, 3, 'FF260075', '781218638389', '2026-03-16', 283, NULL, NULL, '2026-03-16', 2, 280.910, 56.182, 337.092, 30, 21, 0.000, 100, NULL, NULL, NULL, NULL, NULL, NULL, NULL, 0, NULL),
(488, '2026-04-16 12:24:33', '2026-04-17 06:19:21', 84, 84, 3, 'FF260076', '178006429', '2026-04-03', 284, NULL, NULL, '2026-04-03', 2, 39.000, 0.000, 39.000, 30, 21, 39.000, 0, NULL, NULL, NULL, NULL, NULL, NULL, NULL, 0, NULL),
(489, '2026-04-16 12:35:04', '2026-04-17 06:19:21', 84, 84, 3, 'FF260077', '174916547', '2026-03-16', 284, NULL, NULL, '2026-03-16', 2, 45.000, 0.000, 45.000, 30, 21, 0.000, 100, NULL, NULL, NULL, NULL, NULL, NULL, NULL, 0, NULL),
(490, '2026-04-16 12:36:37', '2026-04-17 11:01:22', 84, 84, 3, 'FF260078', '177208122', '2026-03-30', 284, NULL, NULL, '2026-03-30', 2, 268.000, 0.000, 268.000, 30, 21, 0.000, 100, NULL, NULL, NULL, NULL, NULL, NULL, NULL, 0, NULL),
(491, '2026-04-16 12:39:36', '2026-04-17 06:19:21', 84, 84, 3, 'FF260079', '177600819', '2026-04-01', 284, NULL, NULL, '2026-04-01', 2, 150.000, 0.000, 150.000, 30, 21, 150.000, 0, NULL, NULL, NULL, NULL, NULL, NULL, NULL, 0, NULL),
(492, '2026-04-16 12:41:41', '2026-04-17 06:19:21', 84, 84, 3, 'FF260080', '174329730', '2026-03-13', 284, NULL, NULL, '2026-03-13', 2, 45.000, 0.000, 45.000, 30, 21, 0.000, 100, NULL, NULL, NULL, NULL, NULL, NULL, NULL, 0, NULL),
(493, '2026-04-16 12:49:35', '2026-04-17 06:19:21', 84, 84, 3, 'FF260081', '000016563612', '2026-03-18', 285, NULL, NULL, '2026-03-18', 2, 414.360, 35.800, 450.160, 30, 21, 0.000, 100, NULL, NULL, NULL, NULL, NULL, NULL, NULL, 0, NULL),
(494, '2026-04-16 12:52:45', '2026-04-17 06:19:21', 84, 84, 3, 'FF260082', '000016546182', '2026-03-17', 285, NULL, NULL, '2026-03-17', 2, 261.750, 49.800, 311.550, 30, 21, 0.000, 100, NULL, NULL, NULL, NULL, NULL, NULL, NULL, 0, NULL),
(495, '2026-04-16 12:56:52', '2026-04-17 06:19:21', 84, 84, 3, 'FF260083', 'L000000142705389', '2026-03-09', 230, NULL, '99 RUE DU DEMO 75015 PARIS 15', '2026-03-10', 2, 18.240, 0.000, 18.240, 30, 18, 0.000, 100, NULL, NULL, NULL, NULL, NULL, NULL, NULL, 0, NULL),
(496, '2026-04-16 12:59:32', '2026-04-17 11:00:09', 84, 84, 3, 'FF260084', 'SERV202603-58553', '2026-03-11', 260, NULL, NULL, '2026-03-12', 2, 10.500, 0.000, 10.500, 26, 18, 10.500, 0, NULL, NULL, NULL, NULL, NULL, NULL, NULL, 0, NULL),
(497, '2026-04-16 13:08:15', '2026-04-17 11:02:12', 84, 84, 3, 'FF260085', 'EWKLXGT4-0001', '2026-03-18', 286, NULL, NULL, '2026-03-18', 2, 15.000, 3.000, 18.000, 30, 21, 0.000, 100, NULL, NULL, NULL, NULL, NULL, NULL, NULL, 0, NULL),
(498, '2026-04-16 13:10:46', '2026-04-17 06:19:21', 84, 84, 3, 'FF260086', '311-SPI736385', '2026-04-25', 259, NULL, NULL, '2026-04-26', 2, 0.750, 0.150, 0.900, 26, 18, 0.900, 0, NULL, NULL, NULL, NULL, NULL, NULL, NULL, 0, NULL),
(499, '2026-04-16 13:11:58', '2026-04-17 06:19:21', 84, 84, 3, 'FF260087', 'FAC-2026-20274', '2026-04-01', 241, NULL, '99 Rue des Demo\r\n92000 NANTERRE\r\nFrance', '2026-04-02', 2, 925.000, 185.000, 1110.000, 26, 18, 1110.000, 0, NULL, NULL, NULL, NULL, NULL, NULL, NULL, 0, NULL);

--
-- Déchargement des données de la table `invoice_line_inl`
--

INSERT INTO `invoice_line_inl` (`inl_id`, `inl_created`, `inl_updated`, `fk_usr_id_author`, `fk_usr_id_updater`, `fk_inv_id`, `inl_prtlib`, `inl_prtdesc`, `inl_prttype`, `inl_is_subscription`, `inl_note`, `inl_qty`, `inl_priceunitht`, `inl_discount`, `inl_mtht`, `fk_prt_id`, `inl_order`, `inl_type`, `inl_purchasepriceunitht`, `fk_orl_id`, `fk_pol_id`, `fk_inl_id`, `fk_col_id`, `inl_tax_rate`, `fk_tax_id`) VALUES
(638, '2025-09-11 17:28:48', '2026-01-27 08:12:20', 84, 84, 360, 'Téléphonie OVH', '', 1, 0, '', 1.00, 4.990, NULL, 4.990, 59, 0, 0, NULL, NULL, NULL, NULL, NULL, 0.00, NULL),
(642, '2025-09-12 08:44:26', '2025-09-12 08:46:56', 84, 84, 361, 'Frais postaux', '', 1, 0, '', 1.00, 3.990, NULL, 3.990, 60, 0, 0, NULL, NULL, NULL, NULL, NULL, 0.00, 29),
(645, '2025-09-12 08:55:21', NULL, 84, NULL, 362, 'Baskets Auto-laçantes (Nike Mag)', 'Service de courtage de domainesunovia.com', 0, 0, NULL, 1.00, 90.990, 0.00, 90.990, 50, 0, 0, NULL, NULL, NULL, NULL, NULL, 20.00, 23),
(660, '2025-09-12 08:57:45', '2026-02-09 14:54:59', 84, 84, 457, 'Domaine', NULL, 0, 0, '', 1.00, 19.290, NULL, 19.290, 61, 0, 0, 0.000, NULL, NULL, NULL, NULL, 20.00, 23),
(661, '2025-09-12 09:05:20', '2025-09-12 10:48:19', 84, 84, 364, 'Honoraire', '', 1, 0, '', 1.00, 190.000, NULL, 190.000, 62, 0, 0, NULL, NULL, NULL, NULL, NULL, 0.00, 29),
(662, '2025-09-12 09:05:20', '2025-09-12 10:48:25', 84, 84, 364, 'Honoraire', '', 1, 0, '', 1.00, 40.000, NULL, 40.000, 62, 0, 0, NULL, NULL, NULL, NULL, NULL, 0.00, 29),
(663, '2025-09-12 11:07:07', '2025-09-12 11:07:37', 84, 84, 365, 'Téléphonie OVH', '', 1, 0, '', 1.00, 2.140, NULL, 2.140, 59, 0, 0, NULL, NULL, NULL, NULL, NULL, 20.00, 82),
(667, '2025-09-12 11:16:08', NULL, 84, NULL, 366, 'Domaine', 'Enchères d\'achat de domaineunovia.com', 1, 0, NULL, 1.00, 1298.810, 0.00, 1298.810, 61, 0, 0, NULL, NULL, NULL, NULL, NULL, 20.00, 82),
(668, '2025-09-12 11:17:18', '2025-09-12 11:17:43', 84, 84, 367, 'Domaine', '', 1, 0, '', 1.00, 21.990, NULL, 21.990, 61, 2, 0, NULL, NULL, NULL, NULL, NULL, 20.00, 82),
(672, NULL, '2025-09-12 11:18:30', NULL, 84, 367, 'Honoraire', '', 1, 0, '', 1.00, 0.170, NULL, 0.170, 62, 1, 0, NULL, NULL, NULL, NULL, NULL, 20.00, 82),
(673, '2025-09-12 11:19:40', '2025-09-12 11:20:25', 84, 84, 368, 'Téléphonie OVH', '', 1, 0, '', 1.00, 1.000, NULL, 1.000, 59, 0, 0, NULL, NULL, NULL, NULL, NULL, 20.00, 82),
(674, '2025-09-12 11:21:35', '2025-09-12 11:22:04', 84, 84, 369, 'Honoraire', '', 1, 0, '', 1.00, 675.000, NULL, 675.000, 62, 0, 0, NULL, NULL, NULL, NULL, NULL, 20.00, 82),
(675, '2025-09-12 11:21:35', '2025-09-12 11:22:13', 84, 84, 369, 'Honoraire', '', 1, 0, '', 1.00, 62.330, NULL, 62.330, 62, 0, 0, NULL, NULL, NULL, NULL, NULL, 20.00, 82),
(676, '2025-09-12 11:29:12', '2025-09-15 12:19:46', 84, 84, 370, 'Baskets Auto-laçantes (Nike Mag)', 'Dell PowerEdge R640 10 x 2.5\" (2 x SAS/SATA, 8 x NVMe)\n2 x Intel Xeon Gold 6138 2.00GHz 20-Core CPU SR3B5\n4 x 64GB PC4-2666 LR DDR4 4Rx4 2666MHz ECC\nPERC H740P Mini Mono RAID Controller with 8GB Cache\n2 x Dell 1.6TB SSD PCIe NVMe 2.5\" E/C MU Gen4 U.2\nIntel X710 Quad Port 4 x 10Gbps SFP+ RNDC (4 x Ports)\n2 x 750W Hot-Swap Power Supplies (13th & 14th Gen)\niDRAC9 Enterprise License\nA7 Sliding Rack Kit\nNo Bezel Included', 0, 0, NULL, 3.00, 1255.470, 0.00, 3766.410, 50, 0, 0, NULL, NULL, NULL, NULL, NULL, 0.00, 30),
(677, '2025-09-12 11:29:12', '2025-09-15 12:19:46', 84, 84, 370, 'Baskets Auto-laçantes (Nike Mag)', 'Dell PowerVault ME4012 Storage Array\n2 x 16 GbE FC Controllers (Type B 16G FC / 10G iSCSI SFP+)\n8 x Dell 16TB SAS 7.2k 3.5\" 12G E/C ME4\nx12 way Backplane for up to 12 x 3.5\" SAS and SSD Hard Drives\nDual Redundant 600W PSUs (2xPSUs)\nRack Rails Included\nBezel Included\n8 x Dell 10Gb SFP+ FC Short Range Transceiver', 0, 0, NULL, 1.00, 7713.890, 0.00, 7713.890, 50, 0, 0, NULL, NULL, NULL, NULL, NULL, 0.00, 30),
(678, '2025-09-12 11:29:12', '2025-09-15 12:19:46', 84, 84, 370, 'Baskets Auto-laçantes (Nike Mag)', 'Dell PowerVault ME4024 Storage Array\n2 x 16G FC Controllers (Type B 16G FC / 10G iSCSI SFP+)\n6 x Dell 3.84TB SSD SAS 2.5\" 12G E/C RI ME4\nx24 way Backplane for up to 24 x 2.5\" SAS and SSD Hard Drives\nDual Redundant 600W PSUs (2xPSUs)\nRack Rails Included\nBezel Included\n8 x Dell 10Gb SFP+ FC Short Range Transceiver', 0, 0, NULL, 1.00, 9651.690, 0.00, 9651.690, 50, 0, 0, NULL, NULL, NULL, NULL, NULL, 0.00, 30),
(679, '2025-09-12 11:29:12', '2025-09-15 12:19:46', 84, 84, 370, 'Baskets Auto-laçantes (Nike Mag)', 'Dell Networking N4032F Chassis OS6 Ref\n24 x 10Gb SFP+ auto-sensing Ports\n2 x 460W Hot Swap Power Supply Units\n1 Hot Swap Expansion Module Bay\nDell OS6 Installed\nRack Rails Included\nAccessory Cables Sold Separately', 0, 0, NULL, 2.00, 465.000, 0.00, 930.000, 50, 0, 0, NULL, NULL, NULL, NULL, NULL, 0.00, 30),
(680, '2025-09-12 11:29:12', '2025-09-15 12:19:46', 84, 84, 370, 'Baskets Auto-laçantes (Nike Mag)', 'QSFP DP Stack Module Ref', 0, 0, NULL, 2.00, 175.000, 0.00, 350.000, 50, 0, 0, NULL, NULL, NULL, NULL, NULL, 0.00, 30),
(681, '2025-09-12 11:29:12', '2025-09-15 12:19:46', 84, 84, 370, 'Frais de port', '', 1, 0, '', 1.00, 54.000, NULL, 54.000, 64, 0, 0, NULL, NULL, NULL, NULL, NULL, 0.00, 30),
(682, '2025-09-12 11:45:08', '2025-09-12 11:46:07', 84, 84, 371, 'Voyage et déplacement', '', 1, 0, '', 1.00, 140.000, NULL, 140.000, 65, 0, 0, NULL, NULL, NULL, NULL, NULL, 0.00, 29),
(683, '2025-09-12 11:45:08', '2025-09-12 11:46:17', 84, 84, 371, 'Voyage et déplacement', '', 1, 0, '', 1.00, 63.000, NULL, 63.000, 65, 0, 0, NULL, NULL, NULL, NULL, NULL, 0.00, 29),
(684, '2025-09-12 11:58:14', '2025-09-12 11:59:10', 84, 84, 372, 'Ligne Directe avec 1955', '', 1, 0, '', 1.00, 6.150, NULL, 6.150, 59, 0, 0, NULL, NULL, NULL, NULL, NULL, 20.00, 82),
(690, '2025-09-12 12:07:58', '2025-09-12 12:08:40', 84, 84, 373, 'Domaine', '', 1, 0, '', 1.00, 5.590, NULL, 5.590, 61, 0, 0, NULL, NULL, NULL, NULL, NULL, 20.00, 82),
(691, '2025-09-12 12:09:25', '2025-11-13 16:40:22', 84, 84, 374, 'Dell Server', '', 1, 0, '', 1.00, 72.000, NULL, 72.000, 63, 1, 0, NULL, NULL, NULL, NULL, NULL, 0.00, 29),
(692, '2025-09-12 12:09:25', '2025-11-13 16:40:22', 84, 84, 374, 'Dell Server', '', 1, 0, '', 16.00, 14.000, NULL, 224.000, 63, 0, 0, NULL, NULL, NULL, NULL, NULL, 0.00, 29),
(693, '2025-09-12 13:40:59', '2025-09-12 13:41:59', 84, 84, 375, 'Matériel Informatique', '', 1, 0, '', 1.00, 195.840, NULL, 195.840, 63, 0, 0, NULL, NULL, NULL, NULL, NULL, 20.00, 82),
(698, '2025-09-12 13:42:50', '2025-09-12 13:49:29', 84, 84, 376, 'Baskets Auto-laçantes (Nike Mag)', '6100-BASE - Netgate pfSense+ Security Gateway\r\nMémoire : 8 GB\r\nStockage \r\n16 GB', 0, 0, '', 1.00, 799.000, 10.50, 715.110, 50, 0, 0, NULL, NULL, NULL, NULL, NULL, 20.00, 23),
(699, '2025-09-12 13:42:50', '2025-09-12 13:43:21', 84, 84, 376, 'Baskets Auto-laçantes (Nike Mag)', 'Forfait Expédition\r\nOffert', 0, 0, '', 1.00, 20.000, 100.00, 0.000, 50, 0, 0, NULL, NULL, NULL, NULL, NULL, 20.00, 23),
(701, '2025-09-15 16:38:45', '2025-09-16 08:28:36', 84, 84, 377, 'Services bancaires', '', 1, 0, '', 1.00, 0.290, NULL, 0.290, 66, 1, 0, NULL, NULL, NULL, NULL, NULL, 20.00, 82),
(707, '2025-09-17 08:26:06', '2025-09-19 16:12:05', 84, 84, 378, 'Baskets Auto-laçantes (Nike Mag)', '', 0, 0, '', 1.00, 150.900, NULL, 150.900, 50, 2, 0, NULL, NULL, NULL, NULL, NULL, 20.00, 23),
(713, '2025-09-17 14:24:06', '2025-09-22 07:32:30', 84, 84, 381, 'Baskets Auto-laçantes (Nike Mag)', '', 1, 0, '', 1.00, 168.540, NULL, 168.540, 63, 1, 0, NULL, NULL, NULL, NULL, NULL, 20.00, 82),
(714, '2025-09-17 14:26:45', '2025-09-17 14:28:14', 84, 84, 382, 'Baskets Auto-laçantes (Nike Mag)', '', 1, 0, '', 1.00, 158.530, NULL, 158.530, 63, 1, 0, NULL, NULL, NULL, NULL, NULL, 20.00, 82),
(716, '2025-09-17 14:27:59', NULL, 84, NULL, 382, 'Frais de port', '', 1, 0, '', 1.00, 10.010, NULL, 10.010, 64, 1, 0, NULL, NULL, NULL, NULL, NULL, 20.00, 82),
(718, '2025-09-17 14:36:52', NULL, 84, NULL, 383, 'Matériel Informatique', '', 1, 0, '', 1.00, 9.860, NULL, 9.860, 63, 1, 0, NULL, NULL, NULL, NULL, NULL, 0.00, 26),
(722, '2025-09-17 14:40:25', '2025-09-17 14:40:27', 84, 84, 384, 'Matériel Informatique', '', 1, 0, '', 1.00, 276.000, NULL, 276.000, 63, 1, 0, NULL, NULL, NULL, NULL, NULL, 20.00, 82),
(723, '2025-09-17 14:51:29', '2025-09-17 14:51:50', 84, 84, 385, 'Matériel Informatique', '', 1, 0, '', 1.00, 227.970, NULL, 227.970, 63, 2, 0, NULL, NULL, NULL, NULL, NULL, 20.00, 82),
(724, '2025-09-17 14:51:50', '2025-09-17 14:51:58', 84, 84, 385, 'Frais de port', '', 1, 0, '', 1.00, 18.900, NULL, 18.900, 64, 1, 0, NULL, NULL, NULL, NULL, NULL, 20.00, 82),
(725, '2025-09-19 16:12:05', '2025-09-19 16:12:23', 84, 84, 378, 'Frais de port', '', 1, 0, '', 1.00, 11.790, NULL, 11.790, 64, 1, 0, NULL, NULL, NULL, NULL, NULL, 20.00, 82),
(726, '2025-09-22 07:59:04', '2025-09-22 08:00:06', 84, 84, 386, 'Voyage et déplacement', '<p><strong>SNCF PVT1 VICHY/PARIS BERCY GAYTE/CEDRIC Type tarif : PUB Départ le 16/07/2025 CO2 (en Kg): 5.0 Type billet : Billet Electronique Classe : 2</strong></p>', 1, 0, '', 1.00, 57.000, NULL, 57.000, 65, 1, 0, NULL, NULL, NULL, NULL, NULL, 0.00, 34),
(727, '2025-09-22 07:59:04', '2025-09-22 08:00:24', 84, 84, 386, 'Voyage et déplacement', '<p>SNCF PVT1 VICHY/PARIS BERCY GAYTE/CHLOE Type tarif: PUB Départ le 16/07/2025 CO2 (en Kg): 5.0 Type billet : Billet Electronique Classe : 2</p>', 1, 0, '', 1.00, 39.000, NULL, 39.000, 65, 1, 0, NULL, NULL, NULL, NULL, NULL, 0.00, 34),
(728, '2025-09-22 08:01:13', '2025-09-22 08:01:41', 84, 84, 387, 'Honoraire', '<p>Honoraires</p>', 1, 0, '', 1.00, 2000.000, NULL, 2000.000, 62, 1, 0, NULL, NULL, NULL, NULL, NULL, 20.00, 82),
(732, '2025-09-22 08:05:00', '2025-09-22 08:05:43', 84, 84, 388, 'Ligne Directe avec 1955', 'VOIP', 1, 0, '', 1.00, 2.620, NULL, 2.620, 59, 2, 0, NULL, NULL, NULL, NULL, NULL, 20.00, 82),
(734, '2025-09-22 08:05:43', NULL, 84, NULL, 388, 'Nom de Domaine', '', 1, 0, '', 1.00, 21.280, NULL, 21.280, 61, 1, 0, NULL, NULL, NULL, NULL, NULL, 20.00, 82),
(735, '2025-09-22 08:06:47', '2025-09-22 08:10:26', 84, 84, 389, 'Housing', 'Housing H - DC Hill Valley Networks 1 - Demi baie 24U et 4KVA - Frais accès\r\nTVA à l\'encaissement\r\nau service', 1, 0, '', 1.00, 1500.000, NULL, 1500.000, 67, 1, 0, NULL, NULL, NULL, NULL, NULL, 20.00, 82),
(736, '2025-09-23 08:30:31', '2025-11-13 17:00:54', 84, 84, 390, 'Matériel Informatique', '', 1, 0, '', 1.00, 72.000, NULL, 72.000, 63, 1, 0, NULL, NULL, NULL, NULL, NULL, 0.00, 29),
(741, '2025-09-26 13:43:28', '2025-09-26 13:46:01', 84, 84, 393, 'Antenne de Foudre pour Clocher', '', 0, 0, '', 1.00, 239.900, NULL, 239.900, 49, 1, 0, 0.000, 855, NULL, NULL, NULL, 20.00, 31),
(742, '2025-09-26 13:43:28', '2025-09-26 13:45:58', 84, 84, 393, 'Frais installation', '<p>Forfait Conversion de Vol (Hover Conversion) en vos locaux&nbsp;</p>', 1, 0, '', 1.00, 199.000, 10.00, 179.100, 27, 1, 0, 0.000, 856, NULL, NULL, NULL, 20.00, 70),
(743, '2025-10-07 10:38:14', '2025-11-21 20:22:29', 84, 84, 394, 'Condensateur de Flux (Flux Capacitor)', '<p>Lenovo ThinkBook 14 G8 IAL 21SJ - Conception de charnière à 180 degrés - Intel Core Ultra 5 - 225U / jusqu\'à 4.8 GHz - Win 11 Pro - Intel Graphics - 16 Go RAM - 512 Go SSD NVMe - 14\" IPS 1920 x 1200 - Gigabit Ethernet - Wi-Fi 6E, Bluetooth - gris arctique - clavier : Français - avec 2 ans de support Lenovo Depot</p>', 0, 0, NULL, 1.00, 689.100, NULL, 689.100, 70, 1, NULL, NULL, NULL, 228, NULL, NULL, 20.00, 23),
(744, '2025-10-07 10:38:14', '2025-11-21 20:22:29', 84, 84, 394, 'Frais de port', '', 1, 0, NULL, 1.00, 9.900, 0.00, 9.900, 64, 0, 0, NULL, NULL, 229, NULL, NULL, 20.00, 82),
(745, '2025-10-29 09:20:06', NULL, 84, NULL, 395, 'Assistance "Standardiste de Hill Valley"', '', 0, 0, NULL, 1.00, 99.990, 0.00, 99.990, 77, 0, 0, 29.000, 908, NULL, NULL, NULL, 20.00, 31),
(746, '2025-10-29 09:20:06', '2025-10-29 09:20:19', 84, 84, 395, 'Forfait Conversion de Vol (Hover Conversion)', '', 1, 0, NULL, 1.00, 99.000, 50.00, 49.500, 27, 1, 0, NULL, 915, NULL, NULL, NULL, 20.00, 70),
(748, '2025-11-13 14:47:44', '2026-02-09 14:53:33', 84, 84, 397, 'Ligne Directe avec 1955', '', 1, 0, '', 1.00, 6.190, NULL, 6.190, 59, 1, 0, NULL, NULL, NULL, NULL, NULL, 0.00, NULL),
(749, '2025-11-13 14:57:09', '2025-11-13 14:57:25', 84, 84, 398, 'Ligne Directe avec 1955', '', 1, 0, '', 1.00, 4.990, NULL, 4.990, 59, 1, 0, NULL, NULL, NULL, NULL, NULL, 20.00, 82),
(750, '2025-11-13 14:58:14', '2025-11-13 15:15:20', 84, 84, 399, 'Talkie-Walkie Vintage (Modèle Doc)', '', 1, 0, '', 1.00, 37.850, NULL, 37.850, 61, 1, 0, NULL, NULL, NULL, NULL, NULL, 20.00, 82),
(752, '2025-11-13 15:14:56', '2025-11-13 15:15:31', 84, 84, 399, 'Talkie-Walkie Vintage (Modèle Doc)', '', 1, 0, NULL, 1.00, 0.010, NULL, 0.010, 61, 2, 0, NULL, NULL, NULL, NULL, NULL, NULL, 26),
(754, '2025-11-13 16:55:25', '2025-11-13 16:55:59', 84, 84, 400, 'Housing', 'Housing H - DC Hill Valley Networks 1 - Demi baie 24U et 4KVA - Frais accès\r\nTVA à l\'encaissement\r\nau service', 1, 0, '', 1.00, 810.000, NULL, 810.000, 67, 1, 0, NULL, NULL, NULL, NULL, NULL, 20.00, 82),
(755, '2025-11-13 16:57:14', '2025-11-13 16:57:31', 84, 84, 401, 'Housing', 'Housing H - DC Hill Valley Networks 1 - Demi baie 24U et 4KVA - Frais accès\r\nTVA à l\'encaissement\r\nau service', 1, 0, '', 1.00, 920.000, NULL, 920.000, 67, 1, 0, NULL, NULL, NULL, NULL, NULL, 20.00, 82),
(758, '2025-11-13 17:11:43', '2025-11-13 17:19:44', 84, 84, 403, 'Honoraire', '', 1, 0, '', 1.00, 270.000, NULL, 270.000, 62, 1, 0, NULL, NULL, NULL, NULL, NULL, NULL, 26),
(767, '2025-11-13 17:35:58', '2025-11-13 17:36:58', 84, 84, 405, 'Hydrateur de Pizza Black & Decker', '', 0, 0, '', 5.00, 123.640, NULL, 618.200, 68, 1, 0, NULL, NULL, NULL, NULL, NULL, 20.00, 23),
(768, '2025-11-13 17:35:58', '2025-11-13 17:36:37', 84, 84, 405, 'Frais de port', '', 1, 0, '', 1.00, 10.500, NULL, 10.500, 64, 1, 0, NULL, NULL, NULL, NULL, NULL, 20.00, 82),
(771, '2025-11-13 17:41:16', '2025-11-13 17:41:40', 84, 84, 407, 'Assistance "Standardiste de Hill Valley"', '', 0, 0, NULL, 1.00, 24.170, NULL, 24.170, 77, 1, 0, NULL, NULL, NULL, NULL, NULL, 20.00, 23),
(772, '2025-11-13 17:43:28', '2025-11-13 17:44:00', 84, 84, 408, 'Assistance "Standardiste de Hill Valley"', '', 0, 0, NULL, 1.00, 32.500, NULL, 32.500, 77, 1, 0, NULL, NULL, NULL, NULL, NULL, 20.00, 23),
(773, '2025-11-13 17:46:14', '2025-11-13 17:46:28', 84, 84, 409, 'Housing', '', 1, 0, NULL, 1.00, 810.000, NULL, 810.000, 67, 1, 0, NULL, NULL, NULL, NULL, NULL, 20.00, 82),
(775, '2025-11-13 17:49:35', '2025-11-13 17:51:46', 84, 84, 410, 'Frais d’actes et de contentieux', '', 1, 0, NULL, 1.00, 2.670, NULL, 2.670, 92, 1, 0, NULL, NULL, NULL, NULL, NULL, 20.00, 82),
(778, '2025-11-13 17:52:55', '2025-11-13 17:53:37', 84, 84, 411, 'Caméscope JVC GR-C1', '<p>1 compte</p><ul><li>SK Drive avec 100Go / Utilisateur</li><li>Boite email 50 Go&nbsp;</li><li>Antispam standard</li><li>Antivirus</li><li>Only Office Online</li><li>Support Illimité PC</li></ul>', 1, 0, NULL, 1.00, 90.000, NULL, 90.000, 82, 1, 0, NULL, NULL, NULL, NULL, NULL, 20.00, 82),
(779, '2025-11-13 17:53:37', NULL, 84, NULL, 411, 'Frais de port', '', 1, 0, NULL, 1.00, 6.100, NULL, 6.100, 64, 2, 0, NULL, NULL, NULL, NULL, NULL, 20.00, 82),
(780, '2025-11-13 17:55:00', '2025-11-13 17:58:15', 84, 84, 412, 'Locations de matériel et logiciels informatiques', 'Claude Pro', 1, 0, NULL, 1.00, 180.000, NULL, 180.000, 93, 1, 0, NULL, NULL, NULL, NULL, NULL, NULL, 26),
(781, '2025-11-13 18:00:19', '2025-11-13 18:01:01', 84, 84, 413, 'Radio-CASSETTE AIWA (MODÈLE MARTY)', '<p>Networks UniFi Cloud Key Gen2 serveur de surveillance de réseau Gigabit Ethernet</p>', 0, 0, NULL, 1.00, 179.900, NULL, 179.900, 84, 1, 0, 125.820, 925, NULL, NULL, NULL, 20.00, 31),
(782, '2025-11-13 18:00:19', '2025-11-17 12:15:53', 84, 84, 413, 'Frais de port', '', 1, 0, NULL, 1.00, 29.000, 100.00, NULL, 64, 1, 0, NULL, 927, NULL, NULL, NULL, 20.00, 70),
(783, '2025-11-17 12:03:54', '2025-11-17 12:12:26', 84, 84, 414, 'Bidon d\'Huile "Texaco 2015"', '<p>Intervention en vos locaux technicien système et réseau le &nbsp;14 nov 2025</p><p>&nbsp;</p>', 1, 0, NULL, 1.00, 290.000, 10.00, 261.000, 96, 1, 0, NULL, NULL, NULL, NULL, NULL, 20.00, 70),
(791, '2025-11-17 12:23:29', NULL, 84, NULL, 416, 'Condensateur de Flux (Flux Capacitor)', '<p>Conception de charnière à 180 degrés - Intel Core Ultra 5 - 225U / jusqu\'à 4.8 GHz - Win 11 Pro - Intel Graphics - 16 Go RAM - 512 Go SSD NVMe - 14\" IPS 1920 x 1200 - Gigabit Ethernet - Wi-Fi 6E, Bluetooth - gris arctique - clavier : Français - avec 2 ans de support Lenovo Depot</p>', 0, 0, NULL, 1.00, 790.840, 0.00, 790.840, 70, 0, 0, 711.000, NULL, NULL, NULL, NULL, 20.00, 31),
(792, '2025-11-17 12:23:29', NULL, 84, NULL, 416, 'Forfait Conversion de Vol (Hover Conversion)', '<p><strong>Mise en service complète :</strong> Déballage, initialisation et connexion réseau.<br><strong>Installation et optimisation :</strong> Installation de l\'OS, des pilotes, des mises à jour système et de l\'antivirus.<br><strong>Transfert de données sécurisé :</strong> Migration de l\'intégralité des documents, photos, et autres fichiers de l\'ancien PC.<br><strong>Installation des logiciels :</strong> Installation et configuration des applications essentielles et de la messagerie.<br><strong>Paramétrage des périphériques :</strong> Raccordement et configuration de votre imprimante, scanner, etc.</p>', 1, 0, NULL, 1.00, 249.000, 20.00, 199.200, 27, 0, 0, NULL, NULL, NULL, NULL, NULL, 20.00, 70),
(793, '2025-11-17 12:23:29', NULL, 84, NULL, 416, 'Frais de port', '', 1, 0, NULL, 1.00, 29.990, 100.00, 0.000, 64, 0, 0, NULL, NULL, NULL, NULL, NULL, 20.00, 70),
(794, '2025-11-17 12:23:29', NULL, 84, NULL, 416, 'Assistance "Standardiste de Hill Valley"', '', 0, 0, NULL, 1.00, 249.000, 15.00, 211.650, 77, 0, 0, 29.000, NULL, NULL, NULL, NULL, 20.00, 31),
(795, '2025-11-17 12:23:29', '2025-11-17 12:23:29', 84, NULL, 416, 'Abonnement du 01/10/2025 au 01/10/2026', NULL, NULL, 0, NULL, 1.00, 0.000, 0.00, 0.000, NULL, 0, 1, NULL, NULL, NULL, NULL, NULL, NULL, NULL),
(796, '2025-11-17 12:23:29', NULL, 84, NULL, 416, 'Protocole "Sirène de Police 2015"', '<p>Protection efficace contre les virus, les malwares et les ransomwares, plusieurs fois primée</p><p>Abonnement 12 mois - 1 Poste</p>', 1, 0, NULL, 12.00, 3.990, 0.00, 47.880, 72, 0, 0, 0.750, NULL, NULL, NULL, NULL, 20.00, 70),
(797, '2025-11-17 12:23:29', NULL, 84, NULL, 416, 'Sous-total Abonnement', NULL, NULL, 0, NULL, 1.00, 0.000, 0.00, 47.880, NULL, 0, 2, NULL, NULL, NULL, NULL, NULL, NULL, NULL),
(798, '2025-11-21 19:30:14', '2026-02-09 14:53:21', 84, 84, 417, 'Ligne Directe avec 1955', '', 1, 0, '', 1.00, 5.000, NULL, 5.000, 59, 1, 0, NULL, NULL, NULL, NULL, NULL, 0.00, NULL),
(799, '2025-11-21 20:14:46', NULL, 84, NULL, 418, 'RC professionnelle', '', 1, 0, NULL, 1.00, 333.670, NULL, 333.670, 101, 1, 0, NULL, NULL, NULL, NULL, NULL, NULL, 26),
(805, '2025-11-28 10:32:36', '2025-11-28 10:35:25', 84, 84, 420, 'Bidon d\'Huile "Texaco 2015"', '<p>Intervention en vos locaux du 12/11/2025 ½ journée Profil ingénieur</p>', 1, 0, NULL, 1.00, 499.000, 50.00, 249.500, 96, 1, 0, NULL, NULL, NULL, NULL, NULL, 20.00, 70),
(806, '2025-12-04 17:30:28', NULL, 84, NULL, 421, 'Mise en service', NULL, NULL, 0, NULL, 1.00, 0.000, 0.00, 0.000, NULL, 0, 1, NULL, NULL, NULL, NULL, NULL, NULL, NULL),
(807, '2025-12-04 17:30:28', NULL, 84, NULL, 421, 'Forfait Conversion de Vol (Hover Conversion)', '<p>Gestion administrative et technique du transfert &nbsp;de votre tenant Microsoft 365</p><p>&nbsp;</p>', 1, 0, NULL, 1.00, 199.000, 50.00, 99.500, 27, 0, 0, NULL, NULL, NULL, NULL, NULL, 20.00, 70),
(808, '2025-12-04 17:30:28', NULL, 84, NULL, 421, 'Archive "Mémoire de George" - frais de mise en service', '', 1, 0, NULL, 2.00, 9.990, 0.00, 19.980, 73, 0, 0, NULL, NULL, NULL, NULL, NULL, 20.00, 70),
(809, '2025-12-04 17:30:28', NULL, 84, NULL, 421, 'Sous-total Mise en service', NULL, NULL, 0, NULL, 1.00, 0.000, 0.00, 119.480, NULL, 0, 2, NULL, NULL, NULL, NULL, NULL, NULL, NULL),
(810, '2025-12-04 17:34:09', '2025-12-04 17:34:09', 84, NULL, 422, 'Abonnement du 04/12/2025 au 01/12/2026', NULL, NULL, 0, NULL, 1.00, 0.000, 0.00, 0.000, NULL, 0, 1, NULL, NULL, NULL, NULL, 744, NULL, NULL),
(811, '2025-12-04 17:34:09', NULL, 84, NULL, 422, 'Talkie-Walkie Vintage (Modèle Doc)', '<p>horizongestion.fr<br><span style=\"background-color:rgb(255,255,255);color:rgb(32,32,32);\">horizondemo.eu</span></p>', 1, 0, NULL, 2.00, 29.990, 10.00, 53.980, 61, 0, 0, 7.490, NULL, NULL, NULL, 745, 20.00, 70),
(812, '2025-12-04 17:34:09', NULL, 84, NULL, 422, 'Forfait "Enchantement de la Mer - Paiement mensuel - Engagement annuel', '', 1, 0, NULL, 1.00, 81.720, 0.00, 81.720, 75, 0, 0, 61.440, NULL, NULL, NULL, 747, 20.00, 70),
(813, '2025-12-04 17:34:09', NULL, 84, NULL, 422, 'Consultation "Lait-Fraise au Chocolat" - Paiement Annuel - Engagement Annuel', '', 1, 0, NULL, 1.00, 54.000, 0.00, 54.000, 74, 0, 0, 40.560, NULL, NULL, NULL, 748, 20.00, 70),
(814, '2025-12-04 17:34:09', NULL, 84, NULL, 422, 'Appareil Photo Pocket Instamatic', '<p>Sauvegarde quotidienne 1 compte - conservation 30 jours. Protège les données OneDrive, SharePoint, Teams, Outlook Mail, Contacts et Calendrier de votre organisation Microsoft 365.&nbsp;</p>', 1, 0, NULL, 2.00, 67.090, 0.00, 134.180, 76, 0, 0, 8.040, NULL, NULL, NULL, 749, 20.00, 70),
(815, '2025-12-04 17:34:09', NULL, 84, NULL, 422, 'Sous-total Abonnement', NULL, NULL, 0, NULL, 1.00, 0.000, 0.00, 323.880, NULL, 0, 2, NULL, NULL, NULL, NULL, 746, NULL, NULL),
(816, '2025-12-04 17:40:45', NULL, 84, NULL, 423, 'Mise en service', NULL, NULL, 0, NULL, 1.00, 0.000, 0.00, 0.000, NULL, 0, 1, NULL, NULL, NULL, NULL, NULL, NULL, NULL),
(817, '2025-12-04 17:40:45', NULL, 84, NULL, 423, 'Forfait Conversion de Vol (Hover Conversion)', '<p>Gestion administrative et technique du transfert &nbsp;de votre tenant Microsoft 365</p>', 1, 0, NULL, 1.00, 199.000, 50.00, 99.500, 27, 0, 0, NULL, NULL, NULL, NULL, NULL, 20.00, 70),
(818, '2025-12-04 17:40:45', NULL, 84, NULL, 423, 'Sous-total - Mise en service', NULL, NULL, 0, NULL, 1.00, 0.000, 0.00, 99.500, NULL, 0, 2, NULL, NULL, NULL, NULL, NULL, NULL, NULL),
(819, '2025-12-04 17:41:29', '2025-12-04 17:41:29', 84, NULL, 424, 'Abonnement du 04/12/2025 au 01/12/2026', NULL, NULL, 0, NULL, 1.00, 0.000, 0.00, 0.000, NULL, 0, 1, NULL, NULL, NULL, NULL, 750, NULL, NULL),
(820, '2025-12-04 17:41:29', NULL, 84, NULL, 424, 'Nom de domain.com .fr.org - Paiement mensuel - Engagement annuel', '<p>Nom de domaine redevance mensuel - Abonnement Annuel</p>', 1, 0, NULL, 1.00, 2.990, 0.00, 2.990, 47, 0, 0, 1.800, NULL, NULL, NULL, 751, 20.00, 70),
(821, '2025-12-04 17:41:29', NULL, 84, NULL, 424, 'Consultation "Lait-Fraise au Chocolat" - Paiement Annuel - Engagement Annuel', '', 1, 0, NULL, 9.00, 54.000, 0.00, 486.000, 74, 0, 0, 40.560, NULL, NULL, NULL, 753, 20.00, 70),
(822, '2025-12-04 17:41:29', NULL, 84, NULL, 424, 'Sous-total Abonnement', NULL, NULL, 0, NULL, 1.00, 0.000, 0.00, 488.990, NULL, 0, 2, NULL, NULL, NULL, NULL, 752, NULL, NULL),
(827, '2025-12-04 18:05:46', '2025-12-04 18:05:46', 84, NULL, 426, 'Abonnement du 01/12/2025 au 01/01/2026', NULL, NULL, 0, NULL, 1.00, 0.000, 0.00, 0.000, NULL, 0, 1, NULL, NULL, NULL, NULL, 754, NULL, NULL),
(828, '2025-12-04 18:05:46', NULL, 84, NULL, 426, 'Caméscope JVC GR-C1', '<p>1 compte</p><ul><li>SK Drive avec 100Go / Utilisateur</li><li>Boite email 50 Go&nbsp;</li><li>Antispam standard</li><li>Antivirus</li><li>Only Office Online</li><li>Support Illimité PC</li></ul>', 1, 0, NULL, 1.00, 59.990, 0.00, 59.990, 82, 0, 0, 45.960, NULL, NULL, NULL, 755, 20.00, 70),
(829, '2025-12-04 18:05:46', NULL, 84, NULL, 426, 'Guitare Chinery "Erlewine" - Paiement mensuel - Engagement annuel', '<p>Gestion d\'un pc supplémentaire à votre licence initiale Cloud Pro Suite :&nbsp;</p><ul><li>Mise à jour et protection de votre PC</li><li>Antivirus</li><li>Support Illimité PC</li></ul>', 1, 0, NULL, 1.00, 34.990, 100.00, 0.000, 99, 0, 0, 20.820, NULL, NULL, NULL, 757, 20.00, 70),
(830, '2025-12-04 18:05:46', NULL, 84, NULL, 426, 'Sous-total Abonnement', NULL, NULL, 0, NULL, 1.00, 0.000, 0.00, 59.990, NULL, 0, 2, NULL, NULL, NULL, NULL, 756, NULL, NULL),
(831, '2025-12-04 18:18:21', NULL, 84, NULL, 427, 'Mise en service', NULL, NULL, 0, NULL, 1.00, 0.000, 0.00, 0.000, NULL, 0, 1, NULL, NULL, NULL, NULL, NULL, NULL, NULL),
(832, '2025-12-04 18:18:21', NULL, 84, NULL, 427, 'Domaine Web - Frais de mise en service', '<p>Gestion administrative et technique nécessaire à la mise en service du domaine</p>', 1, 0, NULL, 1.00, 9.990, 0.00, 9.990, 48, 0, 0, 0.000, NULL, NULL, NULL, NULL, 20.00, 70),
(833, '2025-12-04 18:18:21', NULL, 84, NULL, 427, 'Sous-total Mise en service', NULL, NULL, 0, NULL, 1.00, 0.000, 0.00, 9.990, NULL, 0, 2, NULL, NULL, NULL, NULL, NULL, NULL, NULL),
(837, '2025-12-04 18:24:03', '2025-12-04 18:24:03', 84, NULL, 429, 'Abonnement du 01/07/2025 au 01/07/2026', NULL, NULL, 0, NULL, 1.00, 0.000, 0.00, 0.000, NULL, 0, 1, NULL, NULL, NULL, NULL, 758, NULL, NULL),
(838, '2025-12-04 18:24:03', NULL, 84, NULL, 429, 'Talkie-Walkie Vintage (Modèle Doc)', '<p>domaine : <span class=\"fontstyle0\">demo-restaurant.fr</span>&nbsp;<br>&nbsp;</p>', 1, 0, NULL, 1.00, 34.990, 0.00, 34.990, 61, 0, 0, 7.490, NULL, NULL, NULL, 759, 20.00, 70),
(839, '2025-12-04 18:24:03', NULL, 84, NULL, 429, 'Sous-total Abonnement', NULL, NULL, 0, NULL, 1.00, 0.000, 0.00, 34.990, NULL, 0, 2, NULL, NULL, NULL, NULL, 760, NULL, NULL),
(840, '2025-12-09 10:33:54', '2025-12-09 10:34:17', 84, 84, 430, 'Housing', 'Housing H - DC Hill Valley Networks 1 - Demi baie 24U et 4KVA - Frais accès\r\nTVA à l\'encaissement\r\nau service', 1, 0, '', 1.00, 925.000, NULL, 925.000, 67, 1, 0, NULL, NULL, NULL, NULL, NULL, 20.00, 82),
(841, '2025-12-09 10:36:09', NULL, 84, NULL, 431, 'Frais postaux', '', 1, 0, '', 1.00, 3.990, NULL, 3.990, 60, 0, 0, NULL, NULL, NULL, NULL, NULL, 0.00, 29),
(842, '2025-12-09 10:37:43', '2026-02-09 14:50:34', 84, 84, 455, 'Ligne Directe avec 1955', NULL, 0, 0, '', 1.00, 4.990, NULL, 4.990, 59, 1, 0, 0.000, NULL, NULL, NULL, NULL, 20.00, 23),
(844, '2025-12-09 10:40:43', NULL, 84, NULL, 433, 'Appareil Photo Pocket Instamatic', '<p>Sauvegarde quotidienne 1 compte - conservation 30 jours. Protège les données OneDrive, SharePoint, Teams, Outlook Mail, Contacts et Calendrier de votre organisation Microsoft 365.&nbsp;</p>', 1, 0, NULL, 1.00, 8.660, NULL, 8.660, 76, 2, 0, NULL, NULL, NULL, NULL, NULL, NULL, 26),
(846, '2025-12-09 13:53:47', '2026-02-09 15:02:45', 84, 84, 434, 'Housing', 'Housing H - DC Hill Valley Networks 1 - Demi baie 24U et 4KVA - Frais accès\r\nTVA à l\'encaissement\r\nau service', 1, 0, '', 1.00, 925.000, NULL, 925.000, 67, 1, 0, NULL, NULL, NULL, NULL, NULL, 0.00, NULL),
(847, '2025-12-09 13:56:59', '2025-12-09 13:57:38', 84, 84, 435, 'Services bancaires', 'Encaissement de chèque', 1, 0, NULL, 2.00, 2.000, NULL, 4.000, 66, 1, 0, NULL, NULL, NULL, NULL, NULL, 20.00, 82),
(849, '2025-12-09 14:07:57', NULL, 84, NULL, 436, 'Hydrateur de Pizza Black & Decker', '', 0, 0, NULL, 5.00, 199.900, 9.00, 909.550, 68, 0, 0, 135.000, NULL, NULL, NULL, NULL, 20.00, 31),
(850, '2025-12-09 14:07:57', NULL, 84, NULL, 436, 'Installation / Configuration', '<p>Forfait Conversion de Vol (Hover Conversion) en vos locaux</p>', 1, 0, NULL, 1.00, 599.000, 14.00, 515.140, 27, 0, 0, NULL, NULL, NULL, NULL, NULL, 20.00, 70),
(852, '2025-12-09 14:08:38', '2025-12-09 14:08:38', 84, NULL, 437, 'Abonnement du 01/10/2025 au 01/10/2026', NULL, NULL, 0, NULL, 1.00, 0.000, 0.00, 0.000, NULL, 0, 1, NULL, NULL, NULL, NULL, 761, NULL, NULL),
(853, '2025-12-09 14:08:38', NULL, 84, NULL, 437, 'Supervision Chrono-Logique', '<p>Supervision et mise à jour de votre équipements.</p><p>Abonnement 12 mois&nbsp;</p>', 1, 0, NULL, 12.00, 19.900, 0.00, 238.800, 69, 0, 0, NULL, NULL, NULL, NULL, 762, 20.00, 70),
(854, '2025-12-09 14:08:38', NULL, 84, NULL, 437, 'Sous-total Abonnement', NULL, NULL, 0, NULL, 1.00, 0.000, 0.00, 238.800, NULL, 0, 2, NULL, NULL, NULL, NULL, 763, NULL, NULL),
(855, '2025-12-16 08:10:37', NULL, 84, NULL, 438, 'Abonnement du 04/12/2025 au 01/12/2026', NULL, NULL, 0, NULL, 1.00, 0.000, 0.00, 0.000, NULL, 1, 1, NULL, NULL, NULL, NULL, NULL, NULL, NULL),
(857, '2025-12-16 08:10:37', '2025-12-16 08:10:49', 84, 84, 438, 'Consultation "Lait-Fraise au Chocolat" - Paiement Annuel - Engagement Annuel', '', 1, 0, NULL, 1.00, 54.000, NULL, 54.000, 74, 2, 0, 40.560, NULL, NULL, NULL, NULL, 20.00, 70),
(858, '2025-12-16 08:10:37', NULL, 84, NULL, 438, 'Sous-total Abonnement', NULL, NULL, 0, NULL, 1.00, 0.000, 0.00, 54.000, NULL, 3, 2, NULL, NULL, NULL, NULL, NULL, NULL, NULL),
(867, '2026-02-08 15:34:35', '2026-02-08 15:51:53', 84, 84, 440, 'Forfait Conversion de Vol (Hover Conversion)', '<p>Gestion administrative et technique du transfert  de votre tenant Microsoft 365</p>', 0, 0, NULL, 1.00, 199.000, 50.00, 99.500, 27, 1, 0, 0.000, 1014, NULL, NULL, NULL, 20.00, 31),
(872, '2026-02-08 15:57:20', '2026-02-08 15:57:20', 84, 84, 442, 'Distributeur de croquettes "Einstein"', '<p>Gestion administrative et technique </p>', 0, 0, NULL, 1.00, 19.990, NULL, 19.990, 95, 1, 0, 10.000, 1030, NULL, NULL, NULL, 20.00, 31),
(873, '2026-02-08 16:04:18', '2026-02-08 16:04:18', 84, 84, 443, 'Mise en service', NULL, NULL, 0, NULL, 1.00, NULL, NULL, 0.000, NULL, 1, 1, NULL, NULL, NULL, NULL, NULL, 0.00, NULL),
(874, '2026-02-08 16:04:18', '2026-02-08 16:04:18', 84, 84, 443, 'Assistance "Standardiste de Hill Valley"', '', 0, 0, NULL, 1.00, 99.990, 10.00, 89.991, 77, 2, 0, 29.000, 1074, NULL, NULL, NULL, 20.00, 31),
(875, '2026-02-08 16:04:18', '2026-02-08 16:04:18', 84, 84, 443, 'Forfait Conversion de Vol (Hover Conversion)', '<p>Gestion administrative et technique du transfert &nbsp;de votre tenant Microsoft 365</p>', 1, 0, NULL, 1.00, 199.000, 50.00, 99.500, 27, 3, 0, NULL, 1081, NULL, NULL, NULL, 20.00, 70),
(876, '2026-02-08 16:04:18', '2026-02-08 16:04:18', 84, 84, 443, 'Sonde de Sommeil (Alpha-Rhythm Generator)', '', 1, 0, NULL, 1.00, 59.990, 100.00, 0.000, 83, 4, 0, 42.260, 1083, NULL, NULL, NULL, 20.00, 70),
(877, '2026-02-08 16:04:18', '2026-02-08 16:04:18', 84, 84, 443, 'Installation d\'un Générateur de Fusion Mr. Fusion', '<p>Gestion administrative et technique nécessaire à la mise en service du domaine</p>', 1, 0, NULL, 1.00, 9.990, NULL, 9.990, 48, 5, 0, NULL, 1080, NULL, NULL, NULL, 20.00, 70),
(878, '2026-02-08 16:04:18', '2026-02-08 16:04:18', 84, 84, 443, 'Sous-total - Mise en service', NULL, NULL, 0, NULL, 1.00, NULL, NULL, 199.481, NULL, 6, 2, NULL, NULL, NULL, NULL, NULL, 0.00, NULL),
(879, '2026-02-08 16:12:07', '2026-02-08 16:12:07', 84, 84, 444, 'Abonnement', NULL, NULL, 0, NULL, 1.00, NULL, NULL, 0.000, NULL, 1, 1, NULL, NULL, NULL, NULL, NULL, 0.00, NULL),
(880, '2026-02-08 16:12:07', '2026-02-08 16:12:07', 84, 84, 444, 'Batte de Baseball "Slugging" - Paiement mensuel - Engagement mensuel', '<p>Offres data-only Bouygues 5G jusqu\'a 10Go/mois</p>', 0, 0, NULL, 1.00, 22.990, NULL, 22.990, 94, 2, 0, 11.000, NULL, NULL, NULL, NULL, 20.00, 31),
(881, '2026-02-08 16:12:07', '2026-02-08 16:12:07', 84, 84, 444, 'Sous-total Abonnement', NULL, NULL, 0, NULL, 1.00, NULL, NULL, 22.990, NULL, 3, 2, NULL, NULL, NULL, NULL, NULL, 0.00, NULL),
(882, '2026-02-08 16:12:08', '2026-02-08 16:12:08', 84, 84, 445, 'Abonnement', NULL, NULL, 0, NULL, 1.00, NULL, NULL, 0.000, NULL, 1, 1, NULL, NULL, NULL, NULL, NULL, 0.00, NULL),
(883, '2026-02-08 16:12:08', '2026-02-08 16:12:08', 84, 84, 445, 'Caméscope JVC GR-C1', '<p>Ce compte comprend :</p>\n<ul>\n<li>SK Drive avec 100Go / Utilisateur</li>\n<li>Boite email 50 Go </li>\n<li>Antispam standard</li>\n<li>Antivirus</li>\n<li>Only Office Online</li>\n<li>Support Illimité PC</li>\n</ul>', 0, 0, NULL, 1.00, 59.990, NULL, 59.990, 82, 2, 0, 45.960, NULL, NULL, NULL, NULL, 20.00, 31),
(884, '2026-02-08 16:12:08', '2026-02-08 16:12:08', 84, 84, 445, 'Nom de domain.com .fr.org - Paiement mensuel - Engagement annuel', '<p>Nom de domaine redevance mensuel - Abonnement Annuel</p>', 0, 0, NULL, 1.00, 2.990, NULL, 2.990, 47, 3, 0, 1.800, NULL, NULL, NULL, NULL, 20.00, 31),
(885, '2026-02-08 16:12:08', '2026-02-08 16:12:08', 84, 84, 445, 'Sous-total Abonnement', NULL, NULL, 0, NULL, 1.00, NULL, NULL, 62.980, NULL, 4, 2, NULL, NULL, NULL, NULL, NULL, 0.00, NULL),
(886, '2026-02-08 16:12:08', '2026-02-08 16:12:08', 84, 84, 446, 'Abonnement', NULL, NULL, 0, NULL, 1.00, NULL, NULL, NULL, NULL, 1, 1, NULL, NULL, NULL, NULL, NULL, 0.00, NULL),
(887, '2026-02-08 16:12:08', '2026-02-08 16:12:08', 84, 84, 446, 'Caméscope JVC GR-C1', '<p>1 compte</p><ul><li>SK Drive avec 100Go / Utilisateur</li><li>Boite email 50 Go&nbsp;</li><li>Antispam standard</li><li>Antivirus</li><li>Only Office Online</li><li>Support Illimité PC</li></ul>', 1, 0, NULL, 1.00, 59.990, NULL, 59.990, 82, 2, 0, 45.960, NULL, NULL, NULL, NULL, 20.00, 70),
(888, '2026-02-08 16:12:08', '2026-02-08 16:12:08', 84, 84, 446, 'Guitare Chinery "Erlewine" - Paiement mensuel - Engagement annuel', '<p>Gestion d\'un pc supplémentaire à votre licence initiale Cloud Pro Suite :&nbsp;</p><ul><li>Mise à jour et protection de votre PC</li><li>Antivirus</li><li>Support Illimité PC</li></ul>', 1, 0, NULL, 1.00, 34.990, 100.00, 0.000, 99, 3, 0, 20.820, NULL, NULL, NULL, NULL, 20.00, 70),
(889, '2026-02-08 16:12:08', '2026-02-08 16:12:08', 84, 84, 446, 'Sous-total Abonnement', NULL, NULL, 0, NULL, 1.00, NULL, NULL, 59.990, NULL, 4, 2, NULL, NULL, NULL, NULL, NULL, 0.00, NULL),
(890, '2026-02-08 17:13:48', '2026-02-08 17:13:48', 84, 84, 447, 'Abonnement', NULL, NULL, 0, NULL, 1.00, NULL, NULL, 0.000, NULL, 1, 1, NULL, NULL, NULL, NULL, NULL, 0.00, NULL),
(891, '2026-02-08 17:13:48', '2026-02-08 17:13:48', 84, 84, 447, 'Batte de Baseball "Slugging" - Paiement mensuel - Engagement mensuel', '<p>Offres data-only Bouygues 5G jusqu\'a 10Go/mois</p>', 0, 0, NULL, 1.00, 22.990, NULL, 22.990, 94, 2, 0, 11.000, NULL, NULL, NULL, NULL, 20.00, 31),
(892, '2026-02-08 17:13:48', '2026-02-08 17:13:48', 84, 84, 447, 'Sous-total Abonnement', NULL, NULL, 0, NULL, 1.00, NULL, NULL, 22.990, NULL, 3, 2, NULL, NULL, NULL, NULL, NULL, 0.00, NULL),
(893, '2026-02-08 17:13:48', '2026-02-08 17:13:48', 84, 84, 448, 'Abonnement', NULL, NULL, 0, NULL, 1.00, NULL, NULL, 0.000, NULL, 1, 1, NULL, NULL, NULL, NULL, NULL, 0.00, NULL),
(894, '2026-02-08 17:13:48', '2026-02-08 17:13:48', 84, 84, 448, 'Caméscope JVC GR-C1', '<p>Ce compte comprend :</p>\n<ul>\n<li>SK Drive avec 100Go / Utilisateur</li>\n<li>Boite email 50 Go </li>\n<li>Antispam standard</li>\n<li>Antivirus</li>\n<li>Only Office Online</li>\n<li>Support Illimité PC</li>\n</ul>', 0, 0, NULL, 1.00, 59.990, NULL, 59.990, 82, 2, 0, 45.960, NULL, NULL, NULL, NULL, 20.00, 31),
(895, '2026-02-08 17:13:48', '2026-02-08 17:13:48', 84, 84, 448, 'Nom de domain.com .fr.org - Paiement mensuel - Engagement annuel', '<p>Nom de domaine redevance mensuel - Abonnement Annuel</p>', 0, 0, NULL, 1.00, 2.990, NULL, 2.990, 47, 3, 0, 1.800, NULL, NULL, NULL, NULL, 20.00, 31),
(896, '2026-02-08 17:13:48', '2026-02-08 17:13:48', 84, 84, 448, 'Sous-total Abonnement', NULL, NULL, 0, NULL, 1.00, NULL, NULL, 62.980, NULL, 4, 2, NULL, NULL, NULL, NULL, NULL, 0.00, NULL),
(897, '2026-02-08 17:13:48', '2026-02-08 17:13:48', 84, 84, 449, 'Abonnement', NULL, NULL, 0, NULL, 1.00, NULL, NULL, NULL, NULL, 1, 1, NULL, NULL, NULL, NULL, NULL, 0.00, NULL),
(898, '2026-02-08 17:13:48', '2026-02-08 17:13:48', 84, 84, 449, 'Caméscope JVC GR-C1', '<p>1 compte</p><ul><li>SK Drive avec 100Go / Utilisateur</li><li>Boite email 50 Go&nbsp;</li><li>Antispam standard</li><li>Antivirus</li><li>Only Office Online</li><li>Support Illimité PC</li></ul>', 1, 0, NULL, 1.00, 59.990, NULL, 59.990, 82, 2, 0, 45.960, NULL, NULL, NULL, NULL, 20.00, 70),
(899, '2026-02-08 17:13:48', '2026-02-08 17:13:48', 84, 84, 449, 'Guitare Chinery "Erlewine" - Paiement mensuel - Engagement annuel', '<p>Gestion d\'un pc supplémentaire à votre licence initiale Cloud Pro Suite :&nbsp;</p><ul><li>Mise à jour et protection de votre PC</li><li>Antivirus</li><li>Support Illimité PC</li></ul>', 1, 0, NULL, 1.00, 34.990, 100.00, 0.000, 99, 3, 0, 20.820, NULL, NULL, NULL, NULL, 20.00, 70),
(900, '2026-02-08 17:13:48', '2026-02-08 17:13:48', 84, 84, 449, 'Sous-total Abonnement', NULL, NULL, 0, NULL, 1.00, NULL, NULL, 59.990, NULL, 4, 2, NULL, NULL, NULL, NULL, NULL, 0.00, NULL),
(901, '2026-02-08 17:13:56', '2026-02-08 17:13:56', 84, 84, 450, 'Abonnement', NULL, NULL, 0, NULL, 1.00, NULL, NULL, 0.000, NULL, 1, 1, NULL, NULL, NULL, NULL, NULL, 0.00, NULL),
(902, '2026-02-08 17:13:56', '2026-02-08 17:13:56', 84, 84, 450, 'Batte de Baseball "Slugging" - Paiement mensuel - Engagement mensuel', '<p>Offres data-only Bouygues 5G jusqu\'a 10Go/mois</p>', 0, 0, NULL, 1.00, 22.990, NULL, 22.990, 94, 2, 0, 11.000, NULL, NULL, NULL, NULL, 20.00, 31),
(903, '2026-02-08 17:13:56', '2026-02-08 17:13:56', 84, 84, 450, 'Sous-total Abonnement', NULL, NULL, 0, NULL, 1.00, NULL, NULL, 22.990, NULL, 3, 2, NULL, NULL, NULL, NULL, NULL, 0.00, NULL),
(904, '2026-02-08 17:13:56', '2026-02-08 17:13:56', 84, 84, 451, 'Abonnement', NULL, NULL, 0, NULL, 1.00, NULL, NULL, 0.000, NULL, 1, 1, NULL, NULL, NULL, NULL, NULL, 0.00, NULL),
(905, '2026-02-08 17:13:56', '2026-02-08 17:13:56', 84, 84, 451, 'Caméscope JVC GR-C1', '<p>Ce compte comprend :</p>\n<ul>\n<li>SK Drive avec 100Go / Utilisateur</li>\n<li>Boite email 50 Go </li>\n<li>Antispam standard</li>\n<li>Antivirus</li>\n<li>Only Office Online</li>\n<li>Support Illimité PC</li>\n</ul>', 0, 0, NULL, 1.00, 59.990, NULL, 59.990, 82, 2, 0, 45.960, NULL, NULL, NULL, NULL, 20.00, 31),
(906, '2026-02-08 17:13:56', '2026-02-08 17:13:56', 84, 84, 451, 'Nom de domain.com .fr.org - Paiement mensuel - Engagement annuel', '<p>Nom de domaine redevance mensuel - Abonnement Annuel</p>', 0, 0, NULL, 1.00, 2.990, NULL, 2.990, 47, 3, 0, 1.800, NULL, NULL, NULL, NULL, 20.00, 31),
(907, '2026-02-08 17:13:56', '2026-02-08 17:13:56', 84, 84, 451, 'Sous-total Abonnement', NULL, NULL, 0, NULL, 1.00, NULL, NULL, 62.980, NULL, 4, 2, NULL, NULL, NULL, NULL, NULL, 0.00, NULL),
(908, '2026-02-09 14:41:35', '2026-02-10 08:36:22', 84, 84, 453, 'Protocole "Sirène de Police 2015"', '<p>Protection efficace contre les virus, les malwares et les ransomwares, plusieurs fois primée</p>', 0, 0, NULL, 1.00, 1.500, 0.00, 1.500, 72, 1, 0, 0.000, NULL, NULL, NULL, NULL, 20.00, 23),
(912, '2026-02-09 14:47:05', '2026-02-10 08:36:42', 84, 84, 454, 'Appareil Photo Pocket Instamatic', '<p>Sauvegarde quotidienne 1 compte - conservation 30 jours. Protège les données OneDrive, SharePoint, Teams, Outlook Mail, Contacts et Calendrier de votre organisation Microsoft 365. </p>', 0, 0, NULL, 1.00, 38.630, 0.00, 38.630, 76, 1, 0, 0.000, NULL, NULL, NULL, NULL, 20.00, 23),
(914, '2026-02-09 14:51:59', '2026-02-09 14:51:59', 84, 84, 456, 'Ligne Directe avec 1955', NULL, 0, 0, '', 1.00, 4.990, NULL, 4.990, 59, 1, 0, 0.000, NULL, NULL, NULL, NULL, 20.00, 23),
(916, '2026-02-09 14:56:47', '2026-02-10 14:14:44', 84, 84, 459, 'Domaine', NULL, 0, 0, '', 1.00, 13.490, NULL, 13.490, 61, 0, 0, 0.000, NULL, NULL, NULL, NULL, 20.00, 23),
(918, '2026-02-09 15:02:58', '2026-02-10 14:15:45', 84, 84, 462, 'Housing', '<p>Housing H - DC Hill Valley Networks 1 - Demi baie 24U et 4KVA - Frais accès TVA à l\'encaissement au service</p>', 0, 0, '', 1.00, 925.000, NULL, 925.000, 67, 1, 0, 0.000, NULL, NULL, NULL, NULL, 20.00, 23),
(919, '2026-02-09 15:11:15', '2026-02-10 14:32:26', 84, 84, 465, 'Protocole "Sirène de Police 2015"', '<p>Protection efficace contre les virus, les malwares et les ransomwares, plusieurs fois primée</p>', 0, 0, NULL, 1.00, 0.750, 0.00, 0.750, 72, 1, 0, 0.000, NULL, NULL, NULL, NULL, 20.00, 23),
(921, '2026-02-09 15:21:06', '2026-02-10 08:34:25', 84, 84, 452, 'Protocole "Sirène de Police 2015"', '<p>Protection efficace contre les virus, les malwares et les ransomwares, plusieurs fois primée</p>', 0, 0, NULL, 1.00, 0.750, 0.00, 0.750, 72, 1, 0, 0.000, NULL, NULL, NULL, NULL, 20.00, 23),
(922, '2026-02-10 14:14:20', '2026-02-10 14:14:20', 84, 84, 458, 'Talkie-Walkie Vintage (Modèle Doc)', NULL, 0, 0, NULL, 1.00, 39.370, 0.00, 39.370, 61, 1, 0, 0.000, NULL, NULL, NULL, NULL, 20.00, 23),
(923, '2026-02-10 14:21:07', '2026-02-10 14:21:07', 84, 84, 460, 'Housing', NULL, 0, 0, NULL, 1.00, 925.000, 0.00, 925.000, 67, 1, 0, 0.000, NULL, NULL, NULL, NULL, 20.00, 23),
(926, '2026-02-10 14:33:36', '2026-02-10 14:33:36', 84, 84, 461, 'Abonnement Almanach des Sports (1950-2000)', NULL, 0, 0, NULL, 1.00, 386.280, 0.00, 386.280, 45, 1, 0, 0.000, NULL, NULL, NULL, NULL, 20.00, 23),
(928, '2026-02-12 08:29:03', '2026-02-12 08:29:38', 84, 84, 467, 'Services bancaires', '<p>Encaissement de chèque</p>', 0, 0, NULL, 1.00, 0.180, NULL, 0.180, 66, 1, 0, 0.000, NULL, NULL, NULL, NULL, 0.00, 26),
(929, '2026-02-12 08:31:01', '2026-02-12 08:31:31', 84, 84, 468, 'Services bancaires', '<p>Encaissement de chèque</p>', 0, 0, NULL, 1.00, 2.000, NULL, 2.000, 66, 1, 0, 0.000, NULL, NULL, NULL, NULL, 20.00, 23),
(930, '2026-02-12 08:45:12', '2026-02-12 08:45:12', 84, 84, 432, 'Ligne Directe avec 1955', NULL, 0, 0, NULL, 1.00, 6.360, 0.00, 6.360, 59, 1, 0, 0.000, NULL, NULL, NULL, NULL, 20.00, 23),
(931, '2026-03-10 06:29:22', '2026-03-10 06:29:22', 84, 84, 469, 'Abonnement', NULL, NULL, 0, NULL, 1.00, NULL, NULL, NULL, NULL, 1, 1, NULL, NULL, NULL, NULL, NULL, 0.00, NULL),
(932, '2026-03-10 06:29:22', '2026-03-10 06:29:22', 84, 84, 469, 'Caméscope JVC GR-C1', '<p>1 compte</p><ul><li>SK Drive avec 100Go / Utilisateur</li><li>Boite email 50 Go&nbsp;</li><li>Antispam standard</li><li>Antivirus</li><li>Only Office Online</li><li>Support Illimité PC</li></ul>', 1, 0, NULL, 1.00, 59.990, NULL, 59.990, 82, 2, 0, 45.960, NULL, NULL, NULL, NULL, 20.00, 70),
(933, '2026-03-10 06:29:22', '2026-03-10 06:29:22', 84, 84, 469, 'Guitare Chinery "Erlewine" - Paiement mensuel - Engagement annuel', '<p>Gestion d\'un pc supplémentaire à votre licence initiale Cloud Pro Suite :&nbsp;</p><ul><li>Mise à jour et protection de votre PC</li><li>Antivirus</li><li>Support Illimité PC</li></ul>', 1, 0, NULL, 1.00, 34.990, 100.00, 0.000, 99, 3, 0, 20.820, NULL, NULL, NULL, NULL, 20.00, 70),
(934, '2026-03-10 06:29:22', '2026-03-10 06:29:22', 84, 84, 469, 'Sous-total Abonnement', NULL, NULL, 0, NULL, 1.00, NULL, NULL, 59.990, NULL, 4, 2, NULL, NULL, NULL, NULL, NULL, 0.00, NULL),
(935, '2026-03-10 06:29:22', '2026-03-10 06:29:22', 84, 84, 470, 'Abonnement', NULL, NULL, 0, NULL, 1.00, NULL, NULL, 0.000, NULL, 1, 1, NULL, NULL, NULL, NULL, NULL, 0.00, NULL),
(936, '2026-03-10 06:29:22', '2026-03-10 06:29:22', 84, 84, 470, 'Batte de Baseball "Slugging" - Paiement mensuel - Engagement mensuel', '<p>Offres data-only Bouygues 5G jusqu\'a 10Go/mois</p>', 0, 0, NULL, 1.00, 22.990, NULL, 22.990, 94, 2, 0, 11.000, NULL, NULL, NULL, NULL, 20.00, 31),
(937, '2026-03-10 06:29:22', '2026-03-10 06:29:22', 84, 84, 470, 'Sous-total Abonnement', NULL, NULL, 0, NULL, 1.00, NULL, NULL, 22.990, NULL, 3, 2, NULL, NULL, NULL, NULL, NULL, 0.00, NULL),
(938, '2026-03-10 06:29:22', '2026-03-10 06:29:22', 84, 84, 471, 'Abonnement', NULL, NULL, 0, NULL, 1.00, NULL, NULL, 0.000, NULL, 1, 1, NULL, NULL, NULL, NULL, NULL, 0.00, NULL),
(939, '2026-03-10 06:29:22', '2026-03-10 06:29:22', 84, 84, 471, 'Caméscope JVC GR-C1', '<p>Ce compte comprend :</p>\n<ul>\n<li>SK Drive avec 100Go / Utilisateur</li>\n<li>Boite email 50 Go </li>\n<li>Antispam standard</li>\n<li>Antivirus</li>\n<li>Only Office Online</li>\n<li>Support Illimité PC</li>\n</ul>', 0, 0, NULL, 1.00, 59.990, NULL, 59.990, 82, 2, 0, 45.960, NULL, NULL, NULL, NULL, 20.00, 31),
(940, '2026-03-10 06:29:22', '2026-03-10 06:29:22', 84, 84, 471, 'Nom de domain.com .fr.org - Paiement mensuel - Engagement annuel', '<p>Nom de domaine redevance mensuel - Abonnement Annuel</p>', 0, 0, NULL, 1.00, 2.990, NULL, 2.990, 47, 3, 0, 1.800, NULL, NULL, NULL, NULL, 20.00, 31),
(941, '2026-03-10 06:29:22', '2026-03-10 06:29:22', 84, 84, 471, 'Sous-total Abonnement', NULL, NULL, 0, NULL, 1.00, NULL, NULL, 62.980, NULL, 4, 2, NULL, NULL, NULL, NULL, NULL, 0.00, NULL),
(942, '2026-03-10 07:21:23', '2026-03-10 08:03:59', 84, 84, 464, 'Batte de Baseball "Slugging" - Paiement mensuel - Engagement mensuel', '<p>Offres data-only Bouygues 5G jusqu\'a 10Go/mois</p>', 0, 0, NULL, 1.00, 10.500, 0.00, 10.500, 94, 1, 0, 0.000, NULL, NULL, NULL, NULL, 0.00, 26),
(943, '2026-03-10 08:01:28', '2026-04-17 10:58:11', 84, 84, 472, 'Batte de Baseball "Slugging" - Paiement mensuel - Engagement mensuel', '<p>Offres data-only Bouygues 5G jusqu\'a 10Go/mois</p>', 0, 0, NULL, 1.00, 18.630, 0.00, 18.630, 94, 1, 0, 0.000, NULL, NULL, NULL, NULL, 0.00, 126),
(944, '2026-03-10 08:03:38', '2026-04-17 10:58:18', 84, 84, 472, 'Batte de Baseball "Slugging" - Paiement mensuel - Engagement mensuel', '<p>Carte SIM</p>', 0, 0, NULL, 1.00, 40.000, 0.00, 40.000, 94, 2, 0, 0.000, NULL, NULL, NULL, NULL, 20.00, 82),
(945, '2026-03-10 08:15:40', '2026-03-10 08:16:33', 84, 84, 473, 'Protocole "Sirène de Police 2015"', '<p>Protection efficace contre les virus, les malwares et les ransomwares, plusieurs fois primée</p>', 0, 0, NULL, 1.00, 0.750, 0.00, 0.750, 72, 1, 0, 0.000, NULL, NULL, NULL, NULL, 20.00, 23),
(946, '2026-03-10 08:17:24', '2026-03-10 08:17:24', 84, 84, 474, 'Protocole "Sirène de Police 2015"', '<p>Protection efficace contre les virus, les malwares et les ransomwares, plusieurs fois primée</p>', 0, 0, NULL, 1.00, 0.750, 0.00, 0.750, 72, 1, 0, 0.000, NULL, NULL, NULL, NULL, 20.00, 23),
(947, '2026-03-10 08:18:53', '2026-03-10 08:18:53', 84, 84, 475, 'Housing', '<p>Housing H - DC Hill Valley Networks 1 - Demi baie 24U et 4KVA - Frais accès TVA à l\'encaissement au service</p>', 0, 0, '', 1.00, 925.000, NULL, 925.000, 67, 1, 0, 0.000, NULL, NULL, NULL, NULL, 20.00, 23),
(958, '2026-04-16 10:37:08', '2026-04-16 10:37:08', 84, 84, 478, 'Abonnement', NULL, NULL, 0, NULL, 1.00, NULL, NULL, NULL, NULL, 1, 1, NULL, NULL, NULL, NULL, NULL, 0.00, NULL),
(959, '2026-04-16 10:37:08', '2026-04-16 10:37:08', 84, 84, 478, 'Caméscope JVC GR-C1', '<p>1 compte</p><ul><li>SK Drive avec 100Go / Utilisateur</li><li>Boite email 50 Go&nbsp;</li><li>Antispam standard</li><li>Antivirus</li><li>Only Office Online</li><li>Support Illimité PC</li></ul>', 1, 0, NULL, 1.00, 59.990, NULL, 59.990, 82, 2, 0, 45.960, NULL, NULL, NULL, NULL, 20.00, 31),
(960, '2026-04-16 10:37:08', '2026-04-16 10:37:08', 84, 84, 478, 'Guitare Chinery "Erlewine" - Paiement mensuel - Engagement annuel', '<p>Gestion d\'un pc supplémentaire à votre licence initiale Cloud Pro Suite :&nbsp;</p><ul><li>Mise à jour et protection de votre PC</li><li>Antivirus</li><li>Support Illimité PC</li></ul>', 1, 0, NULL, 1.00, 34.990, 100.00, 0.000, 99, 3, 0, 20.820, NULL, NULL, NULL, NULL, 20.00, 31),
(961, '2026-04-16 10:37:08', '2026-04-16 10:37:08', 84, 84, 478, 'Sous-total Abonnement', NULL, NULL, 0, NULL, 1.00, NULL, NULL, 59.990, NULL, 4, 2, NULL, NULL, NULL, NULL, NULL, 0.00, NULL),
(962, '2026-04-16 10:37:08', '2026-04-16 10:37:08', 84, 84, 479, 'Abonnement', NULL, NULL, 0, NULL, 1.00, NULL, NULL, 0.000, NULL, 1, 1, NULL, NULL, NULL, NULL, NULL, 0.00, NULL),
(963, '2026-04-16 10:37:08', '2026-04-16 10:37:08', 84, 84, 479, 'Consultation "Lait-Fraise au Chocolat" - Paiement Annuel - Engagement Annuel', NULL, 0, 0, NULL, 3.00, 54.000, NULL, 162.000, 74, 2, 0, 40.560, NULL, NULL, NULL, NULL, 20.00, 31),
(964, '2026-04-16 10:37:08', '2026-04-16 10:37:08', 84, 84, 479, 'Talkie-Walkie Vintage (Modèle Doc)', NULL, 0, 0, NULL, 1.00, 34.990, NULL, 34.990, 61, 3, 0, 7.490, NULL, NULL, NULL, NULL, 20.00, 31),
(965, '2026-04-16 10:37:08', '2026-04-16 10:37:08', 84, 84, 479, 'Sous-total Abonnement', NULL, NULL, 0, NULL, 1.00, NULL, NULL, 196.990, NULL, 4, 2, NULL, NULL, NULL, NULL, NULL, 0.00, NULL),
(966, '2026-04-16 10:37:09', '2026-04-16 10:37:09', 84, 84, 480, 'Abonnement', NULL, NULL, 0, NULL, 1.00, NULL, NULL, 0.000, NULL, 1, 1, NULL, NULL, NULL, NULL, NULL, 0.00, NULL),
(967, '2026-04-16 10:37:09', '2026-04-16 10:37:09', 84, 84, 480, 'Batte de Baseball "Slugging" - Paiement mensuel - Engagement mensuel', '<p>Offres data-only Bouygues 5G jusqu\'a 10Go/mois</p>', 0, 0, NULL, 1.00, 22.990, NULL, 22.990, 94, 2, 0, 11.000, NULL, NULL, NULL, NULL, 20.00, 31),
(968, '2026-04-16 10:37:09', '2026-04-16 10:37:09', 84, 84, 480, 'Sous-total Abonnement', NULL, NULL, 0, NULL, 1.00, NULL, NULL, 22.990, NULL, 3, 2, NULL, NULL, NULL, NULL, NULL, 0.00, NULL),
(969, '2026-04-16 10:37:09', '2026-04-16 10:37:09', 84, 84, 481, 'Abonnement', NULL, NULL, 0, NULL, 1.00, NULL, NULL, 0.000, NULL, 1, 1, NULL, NULL, NULL, NULL, NULL, 0.00, NULL),
(970, '2026-04-16 10:37:09', '2026-04-16 10:37:09', 84, 84, 481, 'Caméscope JVC GR-C1', '<p>Ce compte comprend :</p>\n<ul>\n<li>SK Drive avec 100Go / Utilisateur</li>\n<li>Boite email 50 Go </li>\n<li>Antispam standard</li>\n<li>Antivirus</li>\n<li>Only Office Online</li>\n<li>Support Illimité PC</li>\n</ul>', 0, 0, NULL, 1.00, 59.990, NULL, 59.990, 82, 2, 0, 45.960, NULL, NULL, NULL, NULL, 20.00, 31);
INSERT INTO `invoice_line_inl` (`inl_id`, `inl_created`, `inl_updated`, `fk_usr_id_author`, `fk_usr_id_updater`, `fk_inv_id`, `inl_prtlib`, `inl_prtdesc`, `inl_prttype`, `inl_is_subscription`, `inl_note`, `inl_qty`, `inl_priceunitht`, `inl_discount`, `inl_mtht`, `fk_prt_id`, `inl_order`, `inl_type`, `inl_purchasepriceunitht`, `fk_orl_id`, `fk_pol_id`, `fk_inl_id`, `fk_col_id`, `inl_tax_rate`, `fk_tax_id`) VALUES
(971, '2026-04-16 10:37:09', '2026-04-16 10:37:09', 84, 84, 481, 'Nom de domain.com .fr.org - Paiement mensuel - Engagement annuel', '<p>Nom de domaine redevance mensuel - Abonnement Annuel</p>', 0, 0, NULL, 1.00, 2.990, NULL, 2.990, 47, 3, 0, 1.800, NULL, NULL, NULL, NULL, 20.00, 31),
(972, '2026-04-16 10:37:09', '2026-04-16 10:37:09', 84, 84, 481, 'Sous-total Abonnement', NULL, NULL, 0, NULL, 1.00, NULL, NULL, 62.980, NULL, 4, 2, NULL, NULL, NULL, NULL, NULL, 0.00, NULL),
(973, '2026-04-16 11:35:35', '2026-04-16 11:35:35', 84, 84, 482, 'Mise en service', NULL, NULL, 0, NULL, 1.00, NULL, NULL, 0.000, NULL, 1, 1, NULL, NULL, NULL, NULL, NULL, 0.00, NULL),
(974, '2026-04-16 11:35:35', '2026-04-16 11:35:35', 84, 84, 482, 'Forfait Conversion de Vol (Hover Conversion)', '<p>Frais exceptionnel de reprise d\'un tenant microsoft expiré, avec perte de d\'identifiant de connexion.</p>', 0, 0, NULL, 1.00, 199.000, 0.00, 199.000, 27, 2, 0, 0.000, 1117, NULL, NULL, NULL, 20.00, 70),
(975, '2026-04-16 11:35:35', '2026-04-16 11:35:35', 84, 84, 482, 'Forfait Conversion de Vol (Hover Conversion)', '<p>Gestion administrative et technique du transfert  de votre tenant Microsoft 365</p>\n<p> </p>', 0, 0, '', 1.00, 199.000, 50.00, 99.500, 27, 3, 0, NULL, 1104, NULL, NULL, NULL, 20.00, 70),
(976, '2026-04-16 11:35:35', '2026-04-16 11:35:35', 84, 84, 482, 'Archive "Mémoire de George" - frais de mise en service', NULL, 0, 0, '', 1.00, 9.990, NULL, 9.990, 73, 4, 0, NULL, 1105, NULL, NULL, NULL, 20.00, 70),
(977, '2026-04-16 11:35:35', '2026-04-16 11:35:35', 84, 84, 482, 'Sous-total Mise en service', NULL, NULL, 0, NULL, 1.00, NULL, NULL, 308.490, NULL, 5, 2, NULL, NULL, NULL, NULL, NULL, 0.00, NULL),
(978, '2026-04-16 11:36:23', '2026-04-16 11:36:23', 84, 84, 483, 'Abonnement', NULL, NULL, 0, NULL, 1.00, NULL, NULL, 0.000, NULL, 1, 1, NULL, NULL, NULL, NULL, NULL, 0.00, NULL),
(979, '2026-04-16 11:36:23', '2026-04-16 11:36:23', 84, 84, 483, 'Nom de domain.com .fr.org  - Redevance annuelle Abonnement Annuel', '<p>agmartin.fr<br><span style=\"background-color: #ffffff; color: #202020;\">agmartin-demo.fr</span></p>', 0, 0, NULL, 2.00, 29.990, 10.00, 53.982, 61, 2, 0, 7.490, NULL, NULL, NULL, NULL, 20.00, 70),
(980, '2026-04-16 11:36:23', '2026-04-16 11:36:23', 84, 84, 483, 'Consultation "Lait-Fraise au Chocolat" - Redevance Annuelle - Abonnement Annuel', NULL, 0, 0, NULL, 1.00, 54.000, NULL, 54.000, 74, 3, 0, 40.560, NULL, NULL, NULL, NULL, 20.00, 70),
(981, '2026-04-16 11:36:23', '2026-04-16 11:36:23', 84, 84, 483, 'Sauvegarde 365 Exchange Online (Plan 1) et Basic- Redevance Annuelle - Abonnement Annuel', '<p>Sauvegarde quotidienne 1 compte - conservation 30 jours. Protège les données OneDrive, SharePoint, Teams, Outlook Mail, Contacts et Calendrier de votre organisation Microsoft 365. </p>', 0, 0, NULL, 1.00, 67.090, NULL, 67.090, 76, 4, 0, 8.040, NULL, NULL, NULL, NULL, 20.00, 70),
(982, '2026-04-16 11:36:23', '2026-04-16 11:36:23', 84, 84, 483, 'Sous-total Abonnement', NULL, NULL, 0, NULL, 1.00, NULL, NULL, 175.072, NULL, 5, 2, NULL, NULL, NULL, NULL, NULL, 0.00, NULL),
(983, '2026-04-16 11:55:28', '2026-04-16 11:55:28', 84, 84, 484, 'Ligne Directe avec 1955', NULL, 0, 0, '', 1.00, 4.990, NULL, 4.990, 59, 1, 0, 0.000, NULL, NULL, NULL, NULL, 20.00, 23),
(984, '2026-04-16 11:56:50', '2026-04-16 11:57:12', 84, 84, 485, 'Talkie-Walkie Vintage (Modèle Doc)', NULL, 0, 0, NULL, 1.00, 16.380, 0.00, 16.380, 61, 1, 0, 0.000, NULL, NULL, NULL, NULL, 20.00, 82),
(985, '2026-04-16 11:57:47', '2026-04-16 11:57:47', 84, 84, 486, 'Ligne Directe avec 1955', NULL, 0, 0, '', 1.00, 4.990, NULL, 4.990, 59, 1, 0, 0.000, NULL, NULL, NULL, NULL, 20.00, 23),
(986, '2026-04-16 12:16:14', '2026-04-16 12:17:30', 84, 84, 487, 'Honoraire', NULL, 0, 0, NULL, 1.00, 280.908, 0.00, 280.908, 62, 1, 0, 0.000, NULL, NULL, NULL, NULL, 20.00, 82),
(987, '2026-04-16 12:24:33', '2026-04-16 12:39:06', 84, 84, 488, 'Voyage et déplacement', '<p>Tous a table Adherent</p>', 0, 0, NULL, 1.00, 39.000, 0.00, 39.000, 65, 1, 0, 0.000, NULL, NULL, NULL, NULL, 0.00, 26),
(988, '2026-04-16 12:35:04', '2026-04-16 12:44:14', 84, 84, 489, 'Voyage et déplacement', '<p><span class=\"fontstyle0\">Tous à Table - Paris Saclay -</span> </p>', 0, 0, NULL, 1.00, 45.000, 0.00, 45.000, 65, 1, 0, 0.000, NULL, NULL, NULL, NULL, 0.00, 26),
(989, '2026-04-16 12:36:37', '2026-04-17 11:00:57', 84, 84, 490, 'Voyage et déplacement', '<p><span class=\"fontstyle0\">ADHESION - 2026 CPME 91 - VALABLE 1 AN A COMPTER DU JOUR DE L\'ADHESION</span> </p>', 0, 0, NULL, 1.00, 268.000, 0.00, 268.000, 65, 1, 0, 0.000, NULL, NULL, NULL, NULL, 0.00, 26),
(990, '2026-04-16 12:39:36', '2026-04-16 12:40:30', 84, 84, 491, 'Voyage et déplacement', '<p><span class=\"fontstyle0\">Pays Basque Digital</span>  Adhesion </p>', 0, 0, NULL, 1.00, 150.000, 0.00, 150.000, 65, 1, 0, 0.000, NULL, NULL, NULL, NULL, 0.00, 26),
(992, '2026-04-16 12:49:35', '2026-04-16 12:51:18', 84, 84, 493, 'Honoraire', '<p><span class=\"fontstyle0\">Frais d\'annonce légale</span> </p>', 0, 0, NULL, 1.00, 179.000, 0.00, 179.000, 62, 1, 0, 0.000, NULL, NULL, NULL, NULL, 20.00, 82),
(993, '2026-04-16 12:49:35', '2026-04-16 12:51:02', 84, 84, 493, 'Honoraire', '<p>Débours: Frais d\'enregistrement de la modification au greffe (RCS)</p>', 0, 0, NULL, 1.00, 235.360, 0.00, 235.360, 62, 2, 0, 0.000, NULL, NULL, NULL, NULL, 0.00, 26),
(994, '2026-04-16 12:52:45', '2026-04-16 12:53:24', 84, 84, 494, 'Honoraire', '<p><span class=\"fontstyle0\">Frais d\'annonce légale</span> </p>', 0, 0, NULL, 1.00, 249.000, 0.00, 249.000, 62, 1, 0, 0.000, NULL, NULL, NULL, NULL, 20.00, 82),
(995, '2026-04-16 12:52:45', '2026-04-16 12:53:37', 84, 84, 494, 'Honoraire', '<p>Débours: Frais d\'enregistrement de la modification au greffe (RCS)</p>', 0, 0, NULL, 1.00, 12.750, 0.00, 12.750, 62, 2, 0, 0.000, NULL, NULL, NULL, NULL, 0.00, 26),
(996, '2026-04-16 12:56:52', '2026-04-16 12:57:59', 84, 84, 495, 'Frais postaux', NULL, 0, 0, '', 1.00, 18.240, NULL, 18.240, 60, 0, 0, 0.000, NULL, NULL, NULL, NULL, 0.00, 26),
(997, '2026-04-16 12:59:32', '2026-04-16 13:00:32', 84, 84, 496, 'Batte de Baseball "Slugging" - Paiement mensuel - Engagement mensuel', '<p>Offres data-only Bouygues 5G jusqu\'a 10Go/mois</p>', 0, 0, NULL, 1.00, 10.500, 0.00, 10.500, 94, 1, 0, 0.000, NULL, NULL, NULL, NULL, 0.00, 126),
(999, '2026-04-16 13:08:15', '2026-04-16 13:08:15', 84, 84, 497, 'RESOP Sainte-Geneviève-des-Bois', 'RESOP Sainte-Geneviève-des-Bois 01/04/2026\nincl.', NULL, 0, NULL, 1.00, 15.000, 0.00, 15.000, 65, 1, 0, NULL, NULL, NULL, NULL, NULL, 20.00, 23),
(1000, '2026-04-16 13:10:46', '2026-04-16 13:10:46', 84, 84, 498, 'Protocole "Sirène de Police 2015"', '<p>Protection efficace contre les virus, les malwares et les ransomwares, plusieurs fois primée</p>', 0, 0, NULL, 1.00, 0.750, 0.00, 0.750, 72, 1, 0, 0.000, NULL, NULL, NULL, NULL, 20.00, 23),
(1001, '2026-04-16 13:11:58', '2026-04-16 13:11:58', 84, 84, 499, 'Housing', '<p>Housing H - DC Hill Valley Networks 1 - Demi baie 24U et 4KVA - Frais accès TVA à l\'encaissement au service</p>', 0, 0, '', 1.00, 925.000, NULL, 925.000, 67, 1, 0, 0.000, NULL, NULL, NULL, NULL, 20.00, 23),
(1002, '2026-04-17 06:14:30', '2026-04-17 06:14:30', 84, 84, 492, 'Voyage et déplacement', '<p><span class=\"fontstyle0\">Tous à Table - Paris Saclay - 27 mars 2026</span> </p>', 0, 0, NULL, 1.00, 45.000, 0.00, 45.000, 65, 1, 0, 0.000, NULL, NULL, NULL, NULL, 0.00, 26);

--
-- Déchargement des données de la table `Service "SOS Dépanneuse de l\'Oncle Jailbird"_ptr`
--

INSERT INTO `partner_ptr` (`ptr_id`, `insert_at`, `updated_at`, `fk_usr_id_author`, `fk_usr_id_updater`, `ptr_name`, `ptr_address`, `ptr_zip`, `ptr_city`, `ptr_country`, `ptr_phone`, `ptr_email`, `fk_usr_id_seller`, `ptr_is_active`, `ptr_is_customer`, `ptr_is_supplier`, `ptr_is_prospect`, `ptr_notes`, `ptr_vat_number`, `ptr_siren`, `usr_id_referenttech`, `fk_pam_id_customer`, `fk_dur_id_payment_condition_customer`, `fk_pam_id_supplier`, `fk_dur_id_payment_condition_supplier`, `fk_acc_id_customer`, `fk_acc_id_supplier`, `ptr_account_auxiliary_customer`, `ptr_account_auxiliary_supplier`, `ptr_customer_note`, `fk_tap_id`, `ptr_prospect_description`, `ptr_Linkedin_url`, `ptr_pappers_url`, `ptr_headcount`, `ptr_activity`, `ptr_customer_delivery_address`, `ptr_supplier_delivery_address`) VALUES
(207, '2025-06-25 09:24:06', '2026-03-10 09:54:29', 84, 84, 'SARL DEMO ONE', '45 Boulevard de l\'Avenir &', '40100', 'DAX', NULL, NULL, NULL, NULL, 1, 1, 0, 0, '', '', '', NULL, NULL, NULL, NULL, NULL, 424, NULL, 'JACOB &', NULL, NULL, NULL, NULL, NULL, NULL, NULL, NULL, NULL, NULL),
(208, '2025-07-28 12:44:11', '2025-11-21 18:43:46', 84, 84, 'Tannen Excavation & Fumier ', '1711 Rue du Coyote', '75006', 'PARIS', NULL, '', NULL, NULL, 1, 1, 0, 0, '', '', '', NULL, 27, 16, NULL, NULL, 407, NULL, 'MARTIN ', NULL, '', NULL, NULL, NULL, NULL, NULL, NULL, NULL, NULL),
(224, '2025-07-31 19:11:04', '2025-11-21 16:02:32', 84, 84, 'Hill Valley Solutions', '1 demo Ave,  Tempe, Arizona 85281, United States', '', '', NULL, '', NULL, NULL, 1, 0, 1, 0, '', '', '', NULL, NULL, NULL, 27, 21, NULL, 401, NULL, NULL, NULL, NULL, NULL, NULL, NULL, NULL, NULL, NULL, NULL),
(225, '2025-08-25 18:05:51', '2025-08-25 18:05:51', 84, NULL, 'Einstein Security', '10 RUE DES PYRAMIDES 75001 PARIS 1', NULL, NULL, NULL, NULL, NULL, NULL, 1, 0, 1, 0, NULL, NULL, NULL, NULL, NULL, NULL, NULL, NULL, NULL, NULL, NULL, NULL, NULL, NULL, NULL, NULL, NULL, NULL, NULL, NULL, NULL),
(229, '2025-09-11 17:10:40', '2025-11-21 16:03:01', 84, 84, 'Doc Brown Industries', '2 rue de la demo BREST', '', '', NULL, '', NULL, NULL, 1, 0, 1, 0, '', '', '', NULL, NULL, NULL, 26, 18, NULL, 395, NULL, NULL, NULL, NULL, NULL, NULL, NULL, NULL, NULL, NULL, NULL),
(230, '2025-09-12 08:44:23', '2025-09-12 09:06:42', 84, 84, 'Lorraine Conseil', '99 RUE DU DEMO 75015 PARIS 15', '', '', NULL, '', NULL, NULL, 1, 0, 1, 0, '', NULL, NULL, NULL, NULL, NULL, NULL, NULL, NULL, NULL, NULL, NULL, NULL, NULL, NULL, NULL, NULL, NULL, NULL, NULL, NULL),
(231, '2025-09-12 09:05:07', '2025-09-12 09:06:28', 84, 84, 'Needles Trading', 'LibertéÉgalité Fraternité', '', '', NULL, '', NULL, NULL, 1, 0, 1, 0, '', NULL, NULL, NULL, NULL, NULL, NULL, NULL, NULL, NULL, NULL, NULL, NULL, NULL, NULL, NULL, NULL, NULL, NULL, NULL, NULL),
(232, '2025-09-12 11:21:32', '2025-11-21 16:01:52', 84, 84, 'Emmett Brown Systems', '50, Avenue Des Bleuets - 91600 Savigny-Sur-Orge', '', '', NULL, '', NULL, NULL, 1, 0, 1, 0, '', '', '', NULL, NULL, NULL, 26, 15, NULL, 397, NULL, NULL, NULL, NULL, NULL, NULL, NULL, NULL, NULL, NULL, NULL),
(233, '2025-09-12 11:29:09', '2025-11-21 16:02:23', 84, 84, 'Biff Enterprises SA', 'INDUSTRIAL ESTATE EDINGHAM DALBEATTIE DG5 4NA', '', '', NULL, '', NULL, NULL, 1, 0, 1, 0, '', '', '', NULL, NULL, NULL, 27, 21, NULL, 399, NULL, NULL, NULL, 7, NULL, NULL, NULL, NULL, NULL, NULL, NULL),
(234, '2025-09-12 11:45:05', '2025-11-13 17:08:57', 84, 84, 'Tannen Corp', '88 T AV GAL LECLERC92100 BOULOGNE BILLANCOURT', '', '', NULL, '', NULL, NULL, 1, 0, 1, 0, '', '', '', NULL, NULL, NULL, NULL, NULL, NULL, 4, NULL, NULL, NULL, NULL, NULL, NULL, NULL, NULL, NULL, NULL, NULL),
(235, '2025-09-12 12:09:21', '2025-11-21 16:02:14', 84, 84, 'Lone Pine SARL', 'Untere Hauptstrasse 29', '', '', NULL, '', NULL, NULL, 1, 0, 1, 0, '', '', '', NULL, NULL, NULL, 27, 21, NULL, 400, NULL, NULL, NULL, 5, NULL, NULL, NULL, NULL, NULL, NULL, NULL),
(236, '2025-09-12 13:40:56', '2025-11-21 16:02:02', 84, 84, 'Strickland Logistics', '1 RUE DE demo - ZI DE LA DEMO -', '', '', NULL, '', NULL, NULL, 1, 0, 1, 0, '', '', '', NULL, NULL, NULL, 30, 18, NULL, 398, NULL, NULL, NULL, NULL, NULL, NULL, NULL, NULL, NULL, NULL, NULL),
(237, '2025-09-12 13:42:48', '2025-11-21 16:03:27', 84, 84, 'Lyon Estates Tech', '28 RUE DE LONDRES 75009 PARIS 9', '', '', NULL, '', NULL, NULL, 1, 0, 1, 0, '', '', '', NULL, NULL, NULL, 27, 21, NULL, 406, NULL, NULL, NULL, NULL, NULL, NULL, NULL, NULL, NULL, NULL, NULL),
(238, '2025-09-15 16:13:51', '2025-11-21 16:03:08', 84, 84, 'Goldie Wilson Electronics', '', '', '', NULL, '', NULL, NULL, 1, 0, 1, 0, '', '', '', NULL, NULL, NULL, 26, 18, NULL, 404, NULL, 'Goldie Wilson Electronics', NULL, NULL, NULL, NULL, NULL, NULL, NULL, NULL, NULL),
(239, '2025-09-17 14:34:08', '2025-09-17 14:34:22', 84, 84, 'Twin Pines Services', '', '', '', NULL, '', NULL, NULL, 1, 0, 1, 0, '', NULL, NULL, NULL, NULL, NULL, 30, 18, NULL, 4, NULL, NULL, NULL, NULL, NULL, NULL, NULL, NULL, NULL, NULL, NULL),
(240, '2025-09-17 14:44:44', '2025-11-21 16:01:36', 84, 84, 'McFly Corp', '10 AV DES LOUVRESSES92230 GENNEVILLIERS', '', '', NULL, '', NULL, NULL, 1, 0, 1, 0, '', '', '', NULL, NULL, NULL, 27, 21, NULL, 396, NULL, NULL, NULL, NULL, NULL, NULL, NULL, NULL, NULL, NULL, NULL),
(241, '2025-09-22 08:06:45', '2025-11-21 16:02:54', 84, 84, 'Hill Valley Networks', '99 Rue des Demo92000 NANTERREFrance', '', '', NULL, '', NULL, NULL, 1, 0, 1, 0, '', '', '', NULL, NULL, NULL, 26, 15, NULL, 403, NULL, NULL, NULL, NULL, NULL, NULL, NULL, NULL, NULL, NULL, NULL),
(242, '2025-10-03 09:18:32', '2025-11-17 12:20:58', 84, 84, 'Pierre DUPONT', '1640 Avenue de la Rivière', '75012', 'Paris', NULL, '', NULL, NULL, 1, 1, 0, 0, '', '', '', NULL, 27, 18, NULL, NULL, 3, NULL, NULL, NULL, '', NULL, NULL, NULL, NULL, NULL, NULL, NULL, NULL),
(243, '2025-10-08 14:18:21', '2025-10-08 14:18:50', 84, 84, 'HORIZON GESTION', '1 PLACE DE L\'HORLOGE', '40150 ', 'SOORTS-HOSSEGOR', NULL, '', NULL, NULL, 1, 1, 0, 0, '', NULL, NULL, NULL, 27, 18, NULL, NULL, 3, NULL, NULL, NULL, '', NULL, NULL, NULL, NULL, NULL, NULL, NULL, NULL),
(244, '2025-10-13 15:50:36', '2026-03-10 09:35:43', 84, 84, 'Horlogerie de la Place du Clocher', '10 A 12, RUE JULES GUESDE', '91130', 'RIS-ORANGIS', NULL, NULL, NULL, NULL, 1, 1, 0, 0, '', NULL, NULL, NULL, 27, 15, NULL, NULL, 423, NULL, NULL, NULL, NULL, NULL, NULL, NULL, NULL, NULL, NULL, NULL, NULL),
(245, '2025-10-14 09:14:26', '2025-11-13 17:43:14', 84, 84, 'Marty Systems Aupp', '', '', '', NULL, '', NULL, NULL, 1, 0, 1, 0, '', '', '', NULL, NULL, NULL, 30, 18, NULL, 4, NULL, NULL, NULL, NULL, NULL, NULL, NULL, NULL, NULL, NULL, NULL),
(246, '2025-10-20 07:14:13', '2025-10-20 09:34:21', 84, 84, 'Black & Decker Hydratation', '30 Avenue de la Liberte', '92120', 'Montrouge', NULL, '', NULL, NULL, 1, 1, 0, 0, '', NULL, NULL, NULL, 27, 15, NULL, NULL, 3, NULL, NULL, NULL, '', NULL, NULL, NULL, NULL, NULL, NULL, NULL, NULL),
(247, '2025-10-24 08:53:54', '2026-03-10 09:32:10', 84, 84, 'GEI - GESTION ELECTRICITE', '1727 Rue du Buisson', '94270', 'Le Kremlin-Bicêtre', NULL, NULL, NULL, NULL, 1, 1, 0, 1, '', NULL, NULL, NULL, NULL, NULL, NULL, NULL, 422, NULL, NULL, NULL, NULL, NULL, NULL, NULL, NULL, NULL, NULL, NULL, NULL),
(248, '2025-10-24 09:21:09', '2026-03-10 09:23:12', 84, 84, 'RAMI MEDICAL PARIS', '55 RUE ALBERT EINSTEIN', '75009', 'Paris', NULL, NULL, NULL, NULL, 1, 1, 0, 1, '', NULL, NULL, NULL, NULL, NULL, NULL, NULL, 419, NULL, NULL, NULL, NULL, NULL, NULL, NULL, NULL, NULL, NULL, NULL, NULL),
(249, '2025-10-24 15:24:28', NULL, 84, NULL, 'LOCAVOILIER', 'Wilson Nettoyage & Services', '97290', 'MARIN', NULL, '', NULL, NULL, 1, 0, 0, 1, '', NULL, NULL, NULL, NULL, NULL, NULL, NULL, NULL, NULL, NULL, NULL, NULL, NULL, NULL, NULL, NULL, NULL, NULL, NULL, NULL),
(250, '2025-11-04 09:33:41', '2026-04-17 10:42:08', 84, 84, 'SCI LES CHENES', '72 AV D’ALSACE LORRAINE', '91550', 'PARAY-VIEILLE-POSTE', NULL, NULL, NULL, NULL, 1, 1, 0, 1, '', NULL, NULL, NULL, NULL, NULL, NULL, NULL, 421, NULL, NULL, NULL, NULL, NULL, NULL, NULL, NULL, NULL, NULL, NULL, NULL),
(251, '2025-11-13 17:41:14', '2025-11-21 16:02:43', 84, 84, 'Marty Systems', 'KIVRA: 559418-0498 106 31 STOCKHOLM', '', '', NULL, '', NULL, NULL, 1, 0, 1, 0, '', '', '', NULL, NULL, NULL, 27, 21, NULL, 402, NULL, NULL, NULL, NULL, NULL, NULL, NULL, NULL, NULL, NULL, NULL),
(252, '2025-11-13 17:49:31', NULL, 84, NULL, 'Lyon Registry', '..\n5 AV DE PARIS\n94300 VINCENNES', NULL, NULL, NULL, NULL, NULL, NULL, 1, 0, 1, 0, NULL, NULL, NULL, NULL, NULL, NULL, NULL, NULL, NULL, NULL, NULL, NULL, NULL, NULL, NULL, NULL, NULL, NULL, NULL, NULL, NULL),
(253, '2025-11-13 17:52:52', '2025-11-21 16:03:18', 84, 84, 'Flux Capacitor Networks International Holding', 'EKKERSRIJT 031025692CC SON EN BREUGEL', '', '', NULL, '', NULL, NULL, 1, 0, 1, 0, '', '', '', NULL, NULL, NULL, 27, 21, NULL, 405, NULL, NULL, NULL, NULL, NULL, NULL, NULL, NULL, NULL, NULL, NULL),
(254, '2025-11-13 17:54:59', NULL, 84, NULL, 'Time Circuits Inc', '548 Market Street\nPMB 90375\nSan Francisco, California 94104\nUnited States', NULL, NULL, NULL, NULL, NULL, NULL, 1, 0, 1, 0, NULL, NULL, NULL, NULL, NULL, NULL, NULL, NULL, NULL, NULL, NULL, NULL, NULL, NULL, NULL, NULL, NULL, NULL, NULL, NULL, NULL),
(255, '2025-11-17 11:53:18', '2026-03-10 09:27:00', 84, 84, 'Générateurs Mr. Fusion France', '4 rue 18 NOV', '94270', 'Le Kremlin-Bicêtre', NULL, NULL, NULL, NULL, 1, 1, 0, 1, '', 'FR00222333444', '222333444', NULL, NULL, NULL, NULL, NULL, 420, NULL, NULL, NULL, NULL, NULL, NULL, NULL, NULL, NULL, NULL, NULL, NULL),
(256, '2025-11-21 20:14:08', '2025-11-21 20:27:37', 84, 84, '88mph Solutions', '14, avenue du Général de Gaulle, 94160 Saint-Mandé', '', '', NULL, '', NULL, NULL, 1, 0, 1, 0, '', '', '', NULL, NULL, NULL, 26, 18, NULL, 412, NULL, NULL, NULL, NULL, NULL, NULL, NULL, NULL, NULL, NULL, NULL),
(257, '2025-11-28 10:32:07', NULL, 84, NULL, 'LEROUX MICHEL', '55 CHEMIN DES DEMO', '78910 ', 'DEMOVILLE', NULL, '', NULL, NULL, 1, 1, 0, 0, '', 'FR00111222333', '12345678900010', NULL, 27, 18, NULL, NULL, 413, NULL, NULL, NULL, '', NULL, NULL, NULL, NULL, NULL, NULL, NULL, NULL),
(258, '2025-12-09 10:38:59', NULL, 84, NULL, 'George McFly Creative', '', NULL, NULL, NULL, NULL, NULL, NULL, 1, 0, 1, 0, NULL, NULL, NULL, NULL, NULL, NULL, NULL, NULL, NULL, NULL, NULL, NULL, NULL, NULL, NULL, NULL, NULL, NULL, NULL, NULL, NULL),
(259, '2026-02-09 14:40:06', '2026-02-09 14:42:08', 84, 84, 'Griff Tannen Corp', '6, rue du Général Audran - CS 90153\n92412 Courbevoie', NULL, NULL, NULL, '01 23 45 67 89', NULL, NULL, 1, 0, 1, 0, NULL, 'FR22384169926', NULL, NULL, NULL, NULL, NULL, NULL, NULL, 415, NULL, NULL, NULL, NULL, NULL, NULL, NULL, NULL, NULL, NULL, NULL),
(260, '2026-02-10 14:30:02', '2026-02-10 14:30:02', 84, 84, 'Hoverboard Systems', '52 BD ROBERT JARRY\n72000 LE MANS', NULL, NULL, NULL, '01 23 45 67 89', NULL, NULL, 1, 0, 1, 0, NULL, 'FR29478041064', NULL, NULL, NULL, NULL, NULL, NULL, NULL, NULL, NULL, NULL, NULL, NULL, NULL, NULL, NULL, NULL, NULL, NULL, NULL),
(261, '2026-02-18 11:43:16', '2026-02-18 11:43:16', 84, 84, 'DEMO PROTECT', 'ZI LES GLAISES, 9 AVENUE DU 1ER MAI', '91120', 'PALAISEAU', NULL, '01 23 45 67 89', 'contact@demoprotect.fr', NULL, 1, 0, 0, 1, NULL, NULL, '301850251', NULL, NULL, NULL, NULL, NULL, NULL, NULL, NULL, NULL, NULL, NULL, NULL, 'https://www.Linkedin.com/in/demo-user-1/', 'https://www.pappers.fr/entreprise/demo-protect-301850251', 'Entre 50 et 99 salariés (donnée 2022)', 'Fabrication d\'autres machines d\'usage général', NULL, NULL),
(262, '2026-02-18 11:46:33', '2026-02-18 11:46:33', 84, 84, 'BETA IMMOBILIER', '52 BD DE L\'YERRES', '91000', 'EVRY-COURCOURONNES', NULL, '01 34 56 78 90', NULL, NULL, 1, 0, 0, 1, NULL, NULL, '379317159', NULL, NULL, NULL, NULL, NULL, NULL, NULL, NULL, NULL, NULL, NULL, NULL, 'https://www.Linkedin.com/in/demo-user-2/', 'https://www.pappers.fr/entreprise/beta-immobilier-379317159', 'Entre 20 et 49 salariés (donnée 2022)', 'Administration d\'immeubles et autres biens immobiliers', NULL, NULL),
(263, '2026-02-18 11:48:18', '2026-02-18 11:48:18', 84, 84, 'SOCIETE DEMO', '110 CHEMIN DU VIEUX PAVE', '91220', 'BRETIGNY-SUR-ORGE', NULL, NULL, NULL, NULL, 1, 0, 0, 1, NULL, NULL, '959201591', NULL, NULL, NULL, NULL, NULL, NULL, NULL, NULL, NULL, NULL, NULL, NULL, 'https://www.Linkedin.com/in/demo-user-3/', 'https://www.pappers.fr/entreprise/societe-demo-959201591', 'Entre 10 et 19 salariés (donnée 2022)', 'Location de camions avec chauffeur', NULL, NULL),
(264, '2026-02-18 11:57:52', '2026-02-18 11:57:52', 84, 84, 'DELTA TECH', '3 RUE GALVANI', '91300', 'MASSY', NULL, NULL, 'contact@deltatech-demo.fr', NULL, 1, 0, 0, 1, NULL, NULL, '831241179', NULL, NULL, NULL, NULL, NULL, NULL, NULL, NULL, NULL, NULL, NULL, NULL, 'https://www.Linkedin.com/in/demo-user-4/', 'https://www.pappers.fr/entreprise/delta-tech-831241179', 'Entre 50 et 99 salariés (donnée 2022)', 'Activités spécialisées, scientifiques et techniques diverses', NULL, NULL),
(265, '2026-02-18 12:01:06', '2026-02-18 12:01:06', 84, 84, 'LES BEAUX JARDINS S A', '43 RUE RAYMOND POINCARE', '91330', 'YERRES', NULL, NULL, NULL, NULL, 1, 0, 0, 1, NULL, NULL, '957201478', NULL, NULL, NULL, NULL, NULL, NULL, NULL, NULL, NULL, NULL, NULL, NULL, 'https://www.Linkedin.com/in/demo-user-5/', 'https://www.pappers.fr/entreprise/les-beaux-jardins-957201478', 'Entre 50 et 99 salariés (donnée 2022)', 'Hébergement médicalisé pour personnes âgées', NULL, NULL),
(266, '2026-02-18 12:04:45', '2026-02-18 12:04:45', 84, 84, 'C. T. INDUSTRIE', '2 A AV DU BOIS DE L EPINE', '91000', 'EVRY-COURCOURONNES', NULL, '01 23 45 67 89', NULL, NULL, 1, 0, 0, 1, NULL, NULL, '404873242', NULL, NULL, NULL, NULL, NULL, NULL, NULL, NULL, NULL, NULL, NULL, NULL, 'https://www.Linkedin.com/in/demo-user-6/', 'https://www.pappers.fr/entreprise/c-t-industrie-404873242', 'Entre 10 et 19 salariés (donnée 2022)', 'Mécanique industrielle', NULL, NULL),
(267, '2026-02-18 12:07:36', '2026-02-18 12:07:36', 84, 84, 'BETADIS', 'ZAC DU PLATEAU, 1381 RUE DE BERNAU', '94500', 'CHAMPIGNY-SUR-MARNE', NULL, '01 23 45 67 89', NULL, NULL, 1, 0, 0, 1, NULL, NULL, '332847383', NULL, NULL, NULL, NULL, NULL, NULL, NULL, NULL, NULL, NULL, NULL, NULL, NULL, 'https://www.pappers.fr/entreprise/betadis-332847383', 'Entre 10 et 19 salariés (donnée 2022)', 'Commerce de gros (commerce interentreprises) de matériel électrique', NULL, NULL),
(268, '2026-02-18 12:08:08', '2026-02-18 12:08:08', 84, 84, 'TMC', '18 AVENUE FERDINAND DE LESSEPS', '91420', 'MORANGIS', NULL, '01 23 45 67 89', NULL, NULL, 1, 0, 0, 1, NULL, NULL, '752358705', NULL, NULL, NULL, NULL, NULL, NULL, NULL, NULL, NULL, NULL, NULL, NULL, 'https://www.Linkedin.com/in/demo-user-7/', 'https://www.pappers.fr/entreprise/alpha-transport-752358705', 'Entre 20 et 49 salariés (donnée 2022)', 'Transports routiers de fret interurbains', NULL, NULL),
(269, '2026-02-18 12:27:50', '2026-02-18 12:27:50', 84, 84, 'BETA RH', '86 AVENUE DE LA REPUBLIQUE', '75011', 'PARIS', NULL, NULL, 'contact@betarh-demo.fr', NULL, 1, 0, 0, 1, NULL, NULL, '982107088', NULL, NULL, NULL, NULL, NULL, NULL, NULL, NULL, NULL, NULL, NULL, NULL, NULL, 'https://www.pappers.fr/entreprise/beta-rh-982107088', '0 salarié (donnée 2026)', 'Conseil pour les affaires et autres conseils de gestion', NULL, NULL),
(270, '2026-02-18 14:09:39', '2026-02-18 14:14:32', 84, 84, 'Western Union Val-Colline', NULL, NULL, 'VILLIER SUR MARNE', NULL, NULL, NULL, NULL, 1, 0, 0, 1, NULL, NULL, NULL, NULL, NULL, NULL, NULL, NULL, NULL, NULL, NULL, NULL, NULL, NULL, NULL, NULL, NULL, NULL, NULL, NULL, NULL),
(271, '2026-02-18 14:53:47', '2026-02-18 14:53:47', 84, 84, 'Paradox Digital', 'ZONE INDUSTRIELLE, 1 RUE NICEPHORE NIEPCE', '45700', 'VILLEMANDEUR', NULL, NULL, NULL, NULL, 1, 0, 0, 1, NULL, NULL, '323253609', NULL, NULL, NULL, NULL, NULL, NULL, NULL, NULL, NULL, NULL, NULL, NULL, 'https://www.Linkedin.com/in/demo-user-8/', 'https://www.pappers.fr/entreprise/geotech-323253609', 'Entre 50 et 99 salariés (donnée 2023)', 'Activité des géomètres', NULL, NULL),
(272, '2026-02-18 15:07:19', '2026-02-18 15:07:19', 84, 84, 'PROSPECT 1', '1727 RUE DU BUISSON', '91210', 'DEMOVILLE', NULL, '01 23 45 67 89', NULL, NULL, 1, 0, 0, 1, NULL, NULL, '443479480', NULL, NULL, NULL, NULL, NULL, NULL, NULL, NULL, NULL, NULL, NULL, NULL, NULL, 'https://www.pappers.fr/entreprise/ld-ingenierie-443479480', 'Entre 10 et 19 salariés (donnée 2023)', 'Ingénierie, études techniques', NULL, NULL),
(273, '2026-02-18 15:38:48', '2026-02-18 15:38:48', 84, 84, 'Plateforme de Données 1.21 GW', 'NUM VOIE 17-19, 17 ROUTE DE CORBEIL', '91700', 'SAINTE-GENEVIEVE-DES-BOIS', NULL, '01 67 89 01 23', NULL, NULL, 1, 0, 0, 1, NULL, NULL, '315105858', NULL, NULL, NULL, NULL, NULL, NULL, NULL, NULL, NULL, NULL, NULL, NULL, NULL, 'https://www.pappers.fr/entreprise/pacifique-315105858', 'Entre 50 et 99 salariés (donnée 2022)', 'Commerce de voitures et de véhicules automobiles légers', NULL, NULL),
(274, '2026-02-26 10:01:50', '2026-02-26 10:33:32', 3829, 3829, 'Transports Demo', 'Ctre Européen de Fret  3 Avenue d\'Alegera', '64990', 'Mouguerre', NULL, '06 44 55 66 77', NULL, NULL, 0, 0, 0, 1, NULL, NULL, NULL, NULL, NULL, NULL, NULL, NULL, NULL, NULL, NULL, NULL, NULL, NULL, NULL, 'https://www.Linkedin.com/in/demo-user-9/', 'https://www.pappers.fr/entreprise/demo-transport-824396832', NULL, 'Transport', NULL, NULL),
(275, '2026-02-26 10:05:36', '2026-02-26 10:05:36', 3829, 3829, 'AB Consulting', '6 bis Chem. de Hayet', '64100', 'Bayonne', NULL, NULL, 'contact@abconsulting-demo.fr', NULL, 0, 0, 0, 1, NULL, NULL, NULL, NULL, NULL, NULL, NULL, NULL, NULL, NULL, NULL, NULL, NULL, NULL, NULL, 'https://www.Linkedin.com/in/demo-user-10/', 'https://www.pappers.fr/entreprise/ab-consulting-842434532', NULL, 'Cabinet Comptable', NULL, NULL),
(276, '2026-02-26 10:07:38', '2026-02-26 10:33:40', 3829, 3829, 'Bertrand & Associés', '80 CHEMIN DE L\'AVIATION', '64200', 'BASSUSSARRY', NULL, '06 55 66 77 88', 'contact@bertrand-associes-demo.fr', NULL, 0, 0, 0, 1, NULL, NULL, NULL, NULL, NULL, NULL, NULL, NULL, NULL, NULL, NULL, NULL, NULL, NULL, NULL, 'Linkedin.com/in/demo-user-11', 'https://www.pappers.fr/entreprise/cabinet-bertrand-et-associes-311461677', NULL, 'Cabinet comptabilité', NULL, NULL),
(277, '2026-02-26 10:31:52', '2026-02-26 10:31:52', 3829, 3829, 'Atelier Demo Architecture', 'RESIDENCE BEDERATZIAK, 918 RUE DE HIRIBEHERE', '64480', 'USTARITZ', NULL, NULL, 'contact@atelierarchi-demo.fr', NULL, 0, 0, 0, 1, NULL, NULL, NULL, NULL, NULL, NULL, NULL, NULL, NULL, NULL, NULL, NULL, NULL, NULL, NULL, NULL, 'https://www.pappers.fr/entreprise/atelier-demo-831615653', NULL, 'Architecture BTP', NULL, NULL),
(278, '2026-02-26 10:33:08', '2026-02-26 10:33:08', 3829, 3829, 'Construction Demo', '6 CHEMIN DE LA MAROUETTE', '64100', 'BAYONNE', NULL, '05 01 23 45 67', NULL, NULL, 0, 0, 0, 1, NULL, NULL, NULL, NULL, NULL, NULL, NULL, NULL, NULL, NULL, NULL, NULL, NULL, NULL, NULL, NULL, 'https://www.pappers.fr/entreprise/sas-demo-construction-732720388', NULL, NULL, NULL, NULL),
(279, '2026-02-27 14:17:55', '2026-02-27 14:17:55', 3829, 3829, 'ML INGENIERIE AUDIOVISUEL', '112 RUE DE CHARENTON', '75012', 'PARIS', NULL, NULL, NULL, NULL, 0, 0, 0, 1, NULL, NULL, NULL, NULL, NULL, NULL, NULL, NULL, NULL, NULL, NULL, NULL, NULL, NULL, NULL, 'https://www.Linkedin.com/in/demo-user-12/', 'https://www.pappers.fr/entreprise/ml-ingenierie-audiovisuel-824091128', NULL, 'Ingénierie, études techniques', NULL, NULL),
(280, '2026-02-27 15:32:23', '2026-02-27 15:32:23', 3829, 3829, 'Betama Exploitation', 'B.P. 220, Zone Industrielle de Kawéni, Mamoudzou,', '97600', 'Mayotte', NULL, '+262 269 00 11 22', 'contact@betama-demo.fr', NULL, 0, 0, 0, 1, NULL, NULL, NULL, NULL, NULL, NULL, NULL, NULL, NULL, NULL, NULL, NULL, NULL, NULL, NULL, NULL, 'https://www.pappers.fr/entreprise/betama-exploitation-822051066', NULL, NULL, NULL, NULL),
(281, '2026-03-30 07:26:21', '2026-03-30 07:26:21', 84, 84, 'AG MARTIN', '20 RUE DU MARCHE', '75011', 'Paris', NULL, NULL, NULL, 84, 1, 1, 0, 0, NULL, NULL, NULL, NULL, 27, 18, NULL, NULL, 425, NULL, NULL, NULL, NULL, NULL, NULL, NULL, NULL, NULL, NULL, NULL, NULL),
(283, '2026-04-16 12:13:51', '2026-04-16 12:34:06', 84, 84, 'Linkedin', '5 Wilton Park', NULL, 'Dublin', NULL, NULL, NULL, NULL, 1, 0, 1, 0, NULL, 'IE9740425P', NULL, NULL, NULL, NULL, NULL, NULL, NULL, 4, NULL, NULL, NULL, NULL, NULL, NULL, NULL, NULL, NULL, NULL, NULL),
(284, '2026-04-16 12:22:36', '2026-04-16 12:33:30', 84, 84, 'Clara Clayton Consulting', '2 Rue Marc Sangnier', '33130', 'Bègles', NULL, NULL, NULL, NULL, 1, 0, 1, 0, NULL, NULL, NULL, NULL, NULL, NULL, NULL, NULL, NULL, 436, NULL, NULL, NULL, NULL, NULL, NULL, NULL, NULL, NULL, NULL, NULL),
(285, '2026-04-16 12:47:25', '2026-04-16 12:52:34', 84, 84, 'Jennifer Parker Design', '50 RUE D HAUTEVILLE 75010 PARIS 10', NULL, NULL, NULL, NULL, NULL, NULL, 1, 0, 1, 0, NULL, 'FR18753892926', NULL, NULL, NULL, NULL, NULL, NULL, NULL, 4, NULL, NULL, NULL, NULL, NULL, NULL, NULL, NULL, NULL, NULL, NULL),
(286, '2026-04-16 13:07:13', '2026-04-16 13:08:41', 84, 84, 'DeLorean Industries', NULL, NULL, NULL, NULL, '+33 1 70 27 71 06', NULL, NULL, 1, 0, 1, 0, NULL, NULL, NULL, NULL, NULL, NULL, NULL, NULL, NULL, 4, NULL, NULL, NULL, NULL, NULL, NULL, NULL, NULL, NULL, NULL, NULL);

--
-- Déchargement des données de la table `payment_allocation_pal`
--

INSERT INTO `payment_allocation_pal` (`pal_id`, `pay_created`, `pal_updated`, `fk_usr_id_author`, `fk_usr_id_updater`, `fk_pay_id`, `fk_inv_id`, `fk_che_id`, `fk_exr_id`, `pal_amount`, `fk_pay_id_source`) VALUES
(200, NULL, NULL, 84, NULL, 28, 360, NULL, NULL, 5.99, NULL),
(201, NULL, NULL, 84, NULL, 29, 361, NULL, NULL, 3.99, NULL),
(202, NULL, NULL, 84, NULL, 30, 362, NULL, NULL, 109.19, NULL),
(203, NULL, NULL, 84, NULL, 31, 363, NULL, NULL, 48.65, NULL),
(204, NULL, NULL, 84, NULL, 32, 364, NULL, NULL, 230.00, NULL),
(205, NULL, NULL, 84, NULL, 33, 365, NULL, NULL, 2.57, NULL),
(206, NULL, NULL, 84, NULL, 34, 366, NULL, NULL, 1558.57, NULL),
(207, NULL, NULL, 84, NULL, 35, 367, NULL, NULL, 26.59, NULL),
(208, NULL, NULL, 84, NULL, 36, 368, NULL, NULL, 1.20, NULL),
(209, NULL, NULL, 84, NULL, 37, 369, NULL, NULL, 884.80, NULL),
(210, NULL, NULL, 84, NULL, 38, 371, NULL, NULL, 203.00, NULL),
(211, NULL, NULL, 84, NULL, 39, 372, NULL, NULL, 7.38, NULL),
(212, NULL, NULL, 84, NULL, 40, 373, NULL, NULL, 6.71, NULL),
(213, NULL, NULL, 84, NULL, 42, 376, NULL, NULL, 858.13, NULL),
(214, NULL, NULL, 84, NULL, 43, 377, NULL, NULL, 0.35, NULL),
(215, NULL, NULL, 84, NULL, 45, 383, NULL, NULL, 9.86, NULL),
(216, NULL, NULL, 84, NULL, 46, 384, NULL, NULL, 331.20, NULL),
(217, NULL, NULL, 84, NULL, 47, 385, NULL, NULL, 296.24, NULL),
(220, NULL, NULL, 84, NULL, 58, 386, NULL, NULL, 96.00, NULL),
(221, NULL, NULL, 84, NULL, 59, 387, NULL, NULL, 2400.00, NULL),
(222, NULL, NULL, 84, NULL, 60, 388, NULL, NULL, 28.68, NULL),
(223, NULL, NULL, 84, NULL, 61, 389, NULL, NULL, 1800.00, NULL),
(225, NULL, NULL, NULL, NULL, 64, 370, NULL, NULL, 22465.99, NULL),
(226, NULL, NULL, NULL, NULL, 65, 397, NULL, NULL, 7.43, NULL),
(227, NULL, NULL, NULL, NULL, 66, 374, NULL, NULL, 296.00, NULL),
(228, NULL, NULL, NULL, NULL, 67, 390, NULL, NULL, 72.00, NULL),
(229, NULL, NULL, NULL, NULL, 68, 400, NULL, NULL, 972.00, NULL),
(230, NULL, NULL, NULL, NULL, 69, 403, NULL, NULL, 270.00, NULL),
(231, NULL, NULL, NULL, NULL, 70, 399, NULL, NULL, 45.43, NULL),
(232, NULL, NULL, NULL, NULL, 71, 401, NULL, NULL, 1104.00, NULL),
(235, NULL, NULL, NULL, NULL, 75, 407, NULL, NULL, 29.00, NULL),
(236, NULL, NULL, NULL, NULL, 76, 408, NULL, NULL, 39.00, NULL),
(237, NULL, NULL, NULL, NULL, 77, 395, NULL, NULL, 179.39, NULL),
(238, NULL, NULL, NULL, NULL, 78, 410, NULL, NULL, 3.20, NULL),
(266, '2025-11-21 17:31:23', NULL, 84, NULL, 83, 405, NULL, NULL, 714.66, NULL),
(267, '2025-11-21 18:17:00', NULL, 84, NULL, 84, NULL, 1, NULL, 397.00, NULL),
(269, '2025-11-21 19:00:14', NULL, 84, NULL, 86, 381, NULL, NULL, 202.25, NULL),
(270, '2025-11-21 19:00:42', NULL, 84, NULL, 87, 382, NULL, NULL, 202.25, NULL),
(271, '2025-11-21 19:06:41', NULL, 84, NULL, 88, 375, NULL, NULL, 235.01, NULL),
(272, '2025-11-21 19:10:22', NULL, 84, NULL, 89, 378, NULL, NULL, 195.23, NULL),
(273, '2025-11-21 19:10:32', NULL, 84, NULL, 90, 405, NULL, NULL, 39.78, NULL),
(274, '2025-11-21 19:19:52', NULL, 84, NULL, 91, 398, NULL, NULL, 5.99, NULL),
(279, '2025-11-21 20:15:19', NULL, 84, NULL, 96, 418, NULL, NULL, 333.67, NULL),
(280, '2025-11-21 20:35:07', NULL, 84, NULL, 79, 416, NULL, NULL, 1499.48, NULL),
(281, '2025-11-21 20:35:35', NULL, 84, NULL, 97, 394, NULL, NULL, 838.80, NULL),
(282, '2025-12-09 10:31:06', NULL, 84, NULL, 98, 421, NULL, NULL, 119.48, NULL),
(283, '2025-12-09 10:31:28', NULL, 84, NULL, 99, 422, NULL, NULL, 323.88, NULL),
(284, '2025-12-09 10:32:27', NULL, 84, NULL, 100, 423, NULL, NULL, 119.40, NULL),
(285, '2025-12-09 10:32:39', NULL, 84, NULL, 101, 424, NULL, NULL, 586.79, NULL),
(287, '2025-12-09 13:54:41', NULL, 84, NULL, 103, 434, NULL, NULL, 972.00, NULL),
(288, '2025-12-09 13:54:45', NULL, 84, NULL, 104, 434, NULL, NULL, 138.00, NULL),
(289, '2025-12-09 13:55:02', NULL, 84, NULL, 105, 417, NULL, NULL, 6.00, NULL),
(290, '2025-12-09 13:58:47', NULL, 84, NULL, 106, 435, NULL, NULL, 2.40, NULL),
(291, '2025-12-09 13:58:51', NULL, 84, NULL, 107, 435, NULL, NULL, 2.40, NULL),
(293, '2025-12-09 13:59:50', NULL, 84, NULL, 108, 412, NULL, NULL, 180.00, NULL),
(294, '2025-12-09 14:00:09', NULL, 84, NULL, 109, 411, NULL, NULL, 115.32, NULL),
(301, '2025-12-09 14:17:56', NULL, 84, NULL, 110, 393, NULL, NULL, 502.80, NULL),
(302, '2025-12-09 14:17:56', NULL, 84, NULL, 110, 436, NULL, NULL, 1709.63, NULL),
(303, '2025-12-09 14:17:56', NULL, 84, NULL, 110, 437, NULL, NULL, 286.56, NULL),
(306, '2025-12-09 14:52:37', NULL, 84, NULL, 111, 421, NULL, NULL, 23.90, NULL),
(307, '2025-12-09 14:52:37', NULL, 84, NULL, 111, 422, NULL, NULL, 64.78, NULL),
(309, '2026-02-12 08:16:21', '2026-02-12 08:16:21', 84, 84, 113, 433, NULL, NULL, 8.66, NULL),
(311, '2026-02-12 08:23:44', '2026-02-12 08:23:44', 84, 84, 115, 430, NULL, NULL, 1110.00, NULL),
(312, '2026-02-12 08:24:41', '2026-02-12 08:24:41', 84, 84, 116, 460, NULL, NULL, 1110.00, NULL),
(313, '2026-02-12 08:29:54', '2026-02-12 08:29:54', 84, 84, 117, 467, NULL, NULL, 0.18, NULL),
(314, '2026-02-12 08:32:05', '2026-02-12 08:32:05', 84, 84, 118, 468, NULL, NULL, 2.40, NULL),
(315, '2026-02-12 08:38:14', '2026-02-12 08:38:14', 84, 84, 119, 431, NULL, NULL, 3.99, NULL),
(317, '2026-02-12 08:40:00', '2026-02-12 08:40:00', 84, 84, 121, 413, NULL, NULL, 215.88, NULL),
(318, '2026-02-12 08:45:50', '2026-02-12 08:45:50', 84, 84, 122, 432, NULL, NULL, 7.63, NULL),
(319, '2026-02-12 08:47:56', '2026-02-12 08:47:56', 84, 84, 123, 455, NULL, NULL, 5.99, NULL),
(320, '2026-02-12 08:47:56', '2026-02-12 08:47:56', 84, 84, 123, 457, NULL, NULL, 23.15, NULL),
(321, '2026-02-12 08:52:39', '2026-02-12 08:52:39', 84, 84, 124, 446, NULL, NULL, 71.99, NULL),
(322, '2026-03-10 08:08:26', '2026-03-10 08:08:26', 84, 84, 125, 462, NULL, NULL, 1110.00, NULL),
(323, '2026-03-10 08:11:13', '2026-03-10 08:11:13', 84, 84, 126, 456, NULL, NULL, 5.99, NULL),
(324, '2026-03-10 08:11:13', '2026-03-10 08:11:13', 84, 84, 126, 458, NULL, NULL, 47.24, NULL),
(325, '2026-03-10 08:11:29', '2026-03-10 08:11:29', 84, 84, 127, 459, NULL, NULL, 16.19, NULL),
(330, '2026-03-10 08:22:14', '2026-03-10 08:22:14', 84, 84, 130, 443, NULL, NULL, 239.38, NULL),
(331, '2026-03-10 08:23:20', '2026-03-10 08:23:20', 84, 84, 129, 442, NULL, NULL, 23.99, NULL),
(332, '2026-03-10 08:23:20', '2026-03-10 08:23:20', 84, 84, 129, 444, NULL, NULL, 27.59, NULL),
(333, '2026-03-10 08:23:38', '2026-03-10 08:23:38', 84, 84, 128, 447, NULL, NULL, 27.59, NULL),
(334, '2026-03-10 08:23:38', '2026-03-10 08:23:38', 84, 84, 128, 450, NULL, NULL, 27.59, NULL),
(335, '2026-03-10 10:02:49', '2026-03-10 10:02:49', 84, 84, 131, 445, NULL, NULL, 75.58, NULL),
(336, '2026-03-10 10:03:12', '2026-03-10 10:03:12', 84, 84, 132, 448, NULL, NULL, 75.58, NULL),
(338, '2026-03-26 13:37:59', '2026-03-26 13:37:59', 84, 84, 120, 438, NULL, NULL, 64.80, NULL),
(339, '2026-04-16 11:46:44', '2026-04-16 11:46:44', 84, 84, 134, 475, NULL, NULL, 1110.00, NULL),
(340, '2026-04-16 11:58:39', '2026-04-16 11:58:39', 84, 84, 135, 484, NULL, NULL, 5.99, NULL),
(341, '2026-04-16 12:17:46', '2026-04-16 12:17:46', 84, 84, 136, 487, NULL, NULL, 337.09, NULL),
(343, '2026-04-16 12:44:27', '2026-04-16 12:44:27', 84, 84, 138, 489, NULL, NULL, 45.00, NULL),
(344, '2026-04-16 12:51:38', '2026-04-16 12:51:38', 84, 84, 139, 493, NULL, NULL, 450.16, NULL),
(345, '2026-04-16 12:54:01', '2026-04-16 12:54:01', 84, 84, 140, 494, NULL, NULL, 311.55, NULL),
(346, '2026-04-16 12:58:33', '2026-04-16 12:58:33', 84, 84, 141, 495, NULL, NULL, 18.24, NULL),
(347, '2026-04-16 13:14:56', '2026-04-16 13:14:56', 84, 84, 142, 470, NULL, NULL, 27.59, NULL),
(349, '2026-04-16 13:24:06', '2026-04-16 13:24:06', 84, 84, 124, 427, NULL, NULL, 11.99, NULL),
(351, '2026-04-17 05:26:13', '2026-04-17 05:26:13', 84, 84, 124, 429, NULL, NULL, 3.59, NULL),
(356, '2026-04-17 06:00:58', '2026-04-17 06:00:58', 84, 84, 144, 451, NULL, NULL, 75.58, NULL),
(357, '2026-04-17 06:05:21', '2026-04-17 06:05:21', 84, 84, 145, 471, NULL, NULL, 75.58, NULL),
(358, '2026-04-17 06:16:59', '2026-04-17 06:16:59', 84, 84, 146, 492, NULL, NULL, 45.00, NULL),
(359, '2026-04-17 10:46:15', '2026-04-17 10:46:15', 84, 84, 143, 426, NULL, NULL, 71.99, NULL),
(360, '2026-04-17 10:46:15', '2026-04-17 10:46:15', 84, 84, 143, 429, NULL, NULL, 38.40, NULL),
(361, '2026-04-17 10:46:15', '2026-04-17 10:46:15', 84, 84, 143, 449, NULL, NULL, 71.99, NULL),
(362, '2026-04-17 10:46:15', '2026-04-17 10:46:15', 84, 84, 143, 469, NULL, NULL, 71.99, NULL),
(365, '2026-04-17 10:59:58', '2026-04-17 10:59:58', 84, 84, 148, 464, NULL, NULL, 10.50, NULL),
(366, '2026-04-17 10:59:58', '2026-04-17 10:59:58', 84, 84, 148, 472, NULL, NULL, 66.63, NULL),
(367, '2026-04-17 11:01:15', '2026-04-17 11:01:15', 84, 84, 149, 490, NULL, NULL, 268.00, NULL),
(368, '2026-04-17 11:02:11', '2026-04-17 11:02:11', 84, 84, 150, 497, NULL, NULL, 18.00, NULL),
(369, '2026-04-17 11:05:38', '2026-04-17 11:05:38', 84, 84, 151, 414, NULL, NULL, 313.20, NULL);

--
-- Déchargement des données de la table `payment_pay`
--

INSERT INTO `payment_pay` (`pay_id`, `pay_created`, `pay_updated`, `fk_usr_id_author`, `fk_usr_id_updater`, `pay_date`, `pay_number`, `pay_amount`, `fk_pam_id`, `fk_cop_id`, `fk_usr_id`, `pay_amount_available`, `fk_ptr_id`, `fk_bts_id`, `pay_operation`, `pay_reference`, `pay_status`, `fk_inv_id_deposit`, `fk_inv_id_refund`, `fk_inv_id_credit_generated`) VALUES
(28, NULL, NULL, 84, NULL, '2025-05-12', 'RF250002', 5.99, 26, NULL, NULL, NULL, 229, 2, 2, '', 2, NULL, NULL, NULL),
(29, NULL, NULL, 84, NULL, '2025-05-12', 'RF250003', 3.99, 30, NULL, NULL, NULL, 230, 2, 2, '', 2, NULL, NULL, NULL),
(30, NULL, NULL, 84, NULL, '2025-05-18', 'RF250004', 109.19, 30, NULL, NULL, NULL, 224, 2, 2, '', 2, NULL, NULL, NULL),
(31, NULL, NULL, 84, NULL, '2025-05-20', 'RF250005', 48.65, 26, NULL, NULL, NULL, 229, 2, 2, '', 2, NULL, NULL, NULL),
(32, NULL, NULL, 84, NULL, '2025-05-29', 'RF250006', 230.00, 30, NULL, NULL, NULL, 231, 2, 2, '', 2, NULL, NULL, NULL),
(33, NULL, NULL, 84, NULL, '2025-06-06', 'RF250007', 2.57, 26, NULL, NULL, NULL, 229, 2, 2, '', 2, NULL, NULL, NULL),
(34, NULL, NULL, 84, NULL, '2025-06-17', 'RF250008', 1558.57, 27, NULL, NULL, NULL, 224, 2, 2, '', 2, NULL, NULL, NULL),
(35, NULL, NULL, 84, NULL, '2025-06-19', 'RF250009', 26.59, 30, NULL, NULL, NULL, 224, 2, 2, '', 2, NULL, NULL, NULL),
(36, NULL, NULL, 84, NULL, '2025-06-19', 'RF250010', 1.20, 26, NULL, NULL, NULL, 229, 2, 2, '', 2, NULL, NULL, NULL),
(37, NULL, NULL, 84, NULL, '2025-06-30', 'RF250011', 884.80, 26, NULL, NULL, NULL, 232, 2, 2, '', 2, NULL, NULL, NULL),
(38, NULL, NULL, 84, NULL, '2025-07-03', 'RF250012', 203.00, 30, NULL, NULL, NULL, 234, 2, 2, '', 2, NULL, NULL, NULL),
(39, NULL, NULL, 84, NULL, '2025-07-07', 'RF250013', 7.38, 26, NULL, NULL, NULL, 229, 2, 2, '', 2, NULL, NULL, NULL),
(40, NULL, NULL, 84, NULL, '2025-07-07', 'RF250014', 6.71, 26, NULL, NULL, NULL, 229, 2, 2, '', 2, NULL, NULL, NULL),
(42, NULL, NULL, 84, NULL, '2025-07-13', 'RF250015', 858.13, 27, NULL, NULL, NULL, 237, 2, 2, '', 2, NULL, NULL, NULL),
(43, NULL, NULL, 84, NULL, '2025-05-02', 'RE250043', 0.35, 26, NULL, NULL, NULL, 238, 2, 2, '', 2, NULL, NULL, NULL),
(45, NULL, NULL, 84, NULL, '2025-07-17', 'RF250016', 9.86, 30, NULL, NULL, NULL, 239, 2, 2, '', 2, NULL, NULL, NULL),
(46, NULL, NULL, 84, NULL, '2025-07-23', 'RF250017', 331.20, 27, NULL, NULL, NULL, 235, 2, 2, '', 2, NULL, NULL, NULL),
(47, NULL, NULL, 84, NULL, '2025-07-30', 'RF250018', 296.24, 27, NULL, NULL, NULL, 240, 2, 2, '', 2, NULL, NULL, NULL),
(58, NULL, NULL, 84, NULL, '2025-08-16', 'RF250019', 96.00, 30, NULL, NULL, NULL, 234, 2, 2, '', 2, NULL, NULL, NULL),
(59, NULL, NULL, 84, NULL, '2025-08-15', 'RF250020', 2400.00, 27, NULL, NULL, NULL, 225, 2, 2, '', 2, NULL, NULL, NULL),
(60, NULL, NULL, 84, NULL, '2025-08-07', 'RF250021', 28.68, 26, NULL, NULL, NULL, 229, 2, 2, '', 2, NULL, NULL, NULL),
(61, NULL, NULL, 84, NULL, '2025-08-28', 'RF250022', 1800.00, 27, NULL, NULL, NULL, 241, 2, 2, '', 2, NULL, NULL, NULL),
(64, NULL, '2025-11-13 14:33:41', NULL, 84, '2025-07-01', 'RF250024', 22465.99, 27, NULL, NULL, NULL, 233, 2, 2, '', 2, NULL, NULL, NULL),
(65, NULL, '2025-11-13 14:56:30', NULL, 84, '2025-10-06', 'RF250025', 7.43, 26, NULL, NULL, NULL, 229, 2, 2, '', 2, NULL, NULL, NULL),
(66, NULL, '2025-11-13 16:40:35', NULL, 84, '2025-07-08', 'RF250026', 296.00, 27, NULL, NULL, NULL, 235, 2, 2, '', 2, NULL, NULL, NULL),
(67, NULL, '2025-11-13 17:01:50', NULL, 84, '2025-08-04', 'RE250067', 72.00, 27, NULL, NULL, NULL, 235, 2, 2, '', 2, NULL, NULL, NULL),
(68, NULL, '2025-11-13 17:10:10', NULL, 84, '2025-09-10', 'RF250027', 972.00, 26, NULL, NULL, NULL, 241, 2, 2, '', 2, NULL, NULL, NULL),
(69, NULL, '2025-11-13 17:20:25', NULL, 84, '2025-09-13', 'RF250028', 270.00, 30, NULL, NULL, NULL, 231, 2, 2, '', 2, NULL, NULL, NULL),
(70, NULL, '2025-11-13 17:20:42', NULL, 84, '2025-09-17', 'RF250029', 45.43, 26, NULL, NULL, NULL, 229, 2, 2, '', 2, NULL, NULL, NULL),
(71, NULL, '2025-11-13 17:20:59', NULL, 84, '2025-10-03', 'RF250030', 1104.00, 26, NULL, NULL, NULL, 241, 2, 2, '', 2, NULL, NULL, NULL),
(75, NULL, '2025-11-13 17:42:00', NULL, 84, '2025-10-14', 'RF250033', 29.00, 30, NULL, NULL, NULL, 251, 2, 2, '', 2, NULL, NULL, NULL),
(76, NULL, '2025-11-13 17:44:37', NULL, 84, '2025-10-29', 'RF250034', 39.00, 30, NULL, NULL, NULL, 251, 2, 2, '', 2, NULL, NULL, NULL),
(77, NULL, '2025-11-13 17:47:37', NULL, 84, '2025-10-30', 'RE250001', 179.39, 27, NULL, NULL, NULL, 246, 2, 1, '', 2, NULL, NULL, NULL),
(78, NULL, '2025-11-13 17:52:04', NULL, 84, '2025-10-25', 'RF250035', 3.20, 30, NULL, NULL, NULL, 252, 2, 2, '', 2, NULL, NULL, NULL),
(79, NULL, '2025-11-21 20:35:07', NULL, 84, '2025-11-15', 'RE250002', 1499.48, 28, NULL, NULL, NULL, 242, 2, 1, '', 2, NULL, NULL, NULL),
(83, NULL, '2025-11-21 17:31:23', NULL, 84, '2025-10-08', 'RF250036', 714.66, 27, NULL, NULL, NULL, 236, 2, 2, '', 2, NULL, NULL, NULL),
(84, NULL, '2025-11-21 18:17:00', NULL, 84, '2025-07-30', 'RH250001', 397.00, 27, 1, NULL, NULL, NULL, 2, 3, '', 2, NULL, NULL, NULL),
(86, NULL, '2025-11-21 19:00:14', NULL, 84, '2025-07-31', 'RF250037', 202.25, 27, NULL, NULL, NULL, 236, 2, 2, '', 2, NULL, NULL, NULL),
(87, '2025-11-21 19:00:42', NULL, 84, NULL, '2025-07-25', NULL, 202.25, NULL, NULL, NULL, NULL, 236, NULL, 2, NULL, 2, 381, NULL, NULL),
(88, NULL, '2025-11-21 19:06:41', NULL, 84, '2025-07-16', 'RF250038', 235.01, 30, NULL, NULL, NULL, 236, 2, 2, '', 2, NULL, NULL, NULL),
(89, '2025-11-21 19:10:22', NULL, 84, NULL, '2025-07-15', NULL, 195.23, NULL, NULL, NULL, NULL, 236, NULL, 2, NULL, 2, 375, NULL, NULL),
(90, '2025-11-21 19:10:32', NULL, 84, NULL, '2025-07-15', NULL, 39.78, NULL, NULL, NULL, NULL, 236, NULL, 2, NULL, 2, 375, NULL, NULL),
(91, NULL, '2025-11-21 19:19:52', NULL, 84, '2025-09-05', 'RF250039', 5.99, 26, NULL, NULL, NULL, 229, 2, 2, '', 2, NULL, NULL, NULL),
(96, NULL, '2025-11-21 20:15:19', NULL, 84, '2025-10-08', 'RF250040', 333.67, 27, NULL, NULL, NULL, 256, 2, 2, '', 2, NULL, NULL, NULL),
(97, NULL, '2025-11-21 20:35:35', NULL, 84, '2025-10-08', 'RF250041', 838.80, 30, NULL, NULL, NULL, 240, 2, 2, '', 2, NULL, NULL, NULL),
(98, NULL, '2026-03-10 09:53:32', NULL, 84, '2025-12-05', 'RE250003', 119.48, 27, NULL, NULL, NULL, 243, 2, 1, '', 2, NULL, NULL, NULL),
(99, NULL, '2026-03-10 09:53:32', NULL, 84, '2025-12-05', 'RE250004', 323.88, 27, NULL, NULL, NULL, 243, 2, 1, '', 2, NULL, NULL, NULL),
(100, NULL, '2026-03-10 09:53:32', NULL, 84, '2025-12-05', 'RE250005', 119.40, 27, NULL, NULL, NULL, 248, 2, 1, '', 2, NULL, NULL, NULL),
(101, NULL, '2026-03-10 09:53:32', NULL, 84, '2025-12-05', 'RE250006', 586.79, 27, NULL, NULL, NULL, 248, 2, 1, '', 2, NULL, NULL, NULL),
(103, '2025-12-09 13:54:41', NULL, 84, NULL, '2025-11-13', NULL, 972.00, NULL, NULL, NULL, NULL, 241, NULL, 2, NULL, 2, NULL, 409, NULL),
(104, NULL, '2025-12-09 13:54:45', NULL, 84, '2025-11-04', 'RF250042', 138.00, 26, NULL, NULL, NULL, 241, 2, 2, '', 2, NULL, NULL, NULL),
(105, NULL, '2025-12-09 13:55:02', NULL, 84, '2025-11-04', 'RF250043', 6.00, 26, NULL, NULL, NULL, 229, 2, 2, '', 2, NULL, NULL, NULL),
(106, NULL, '2025-12-09 13:58:47', NULL, 84, '2025-11-06', 'RF250044', 2.40, 26, NULL, NULL, NULL, 238, 2, 2, '', 2, NULL, NULL, NULL),
(107, NULL, '2025-12-09 13:58:51', NULL, 84, '2025-11-06', 'RF250045', 2.40, 26, NULL, NULL, NULL, 238, 2, 2, '', 2, NULL, NULL, NULL),
(108, NULL, '2025-12-09 13:59:50', NULL, 84, '2025-11-08', 'RF250046', 180.00, 30, NULL, NULL, NULL, 254, 2, 2, '', 2, NULL, NULL, NULL),
(109, NULL, '2025-12-09 14:00:09', NULL, 84, '2025-11-07', 'RF250047', 115.32, 30, NULL, NULL, NULL, 253, 2, 2, '', 2, NULL, NULL, NULL),
(110, NULL, '2025-12-09 14:17:56', NULL, 84, '2025-11-06', 'RE250007', 2498.99, 28, NULL, NULL, NULL, 208, 2, 1, '', 2, NULL, NULL, NULL),
(111, NULL, '2026-03-10 09:53:32', NULL, 84, '2025-12-09', 'RE250008', 88.68, 27, NULL, NULL, NULL, 243, 2, 1, '', 2, NULL, NULL, NULL),
(113, '2026-02-12 08:16:21', '2026-02-12 08:26:00', 84, 84, '2025-12-01', 'RF260048', 8.66, 30, NULL, NULL, NULL, 258, 2, 2, NULL, 2, NULL, NULL, NULL),
(115, '2026-02-12 08:23:44', '2026-02-12 08:26:00', 84, 84, '2025-12-03', 'RF260050', 1110.00, 26, NULL, NULL, NULL, 241, 2, 2, NULL, 2, NULL, NULL, NULL),
(116, '2026-02-12 08:24:41', '2026-02-12 08:26:00', 84, 84, '2026-01-05', 'RF260051', 1110.00, 26, NULL, NULL, NULL, 241, 2, 2, NULL, 2, NULL, NULL, NULL),
(117, '2026-02-12 08:29:54', '2026-02-12 08:38:23', 84, 84, '2025-12-31', 'RF260052', 0.18, 26, NULL, NULL, NULL, 238, 2, 2, NULL, 2, NULL, NULL, NULL),
(118, '2026-02-12 08:32:05', '2026-02-12 08:38:23', 84, 84, '2026-01-14', 'RF260053', 2.40, 26, NULL, NULL, NULL, 238, 2, 2, NULL, 2, NULL, NULL, NULL),
(119, '2026-02-12 08:38:14', '2026-02-12 08:38:23', 84, 84, '2025-12-03', 'RF260054', 3.99, 30, NULL, NULL, NULL, 230, 2, 2, NULL, 2, NULL, NULL, NULL),
(120, '2026-02-12 08:39:32', '2026-03-26 13:38:06', 84, 84, '2025-12-16', 'RE260009', 64.80, 27, NULL, NULL, NULL, 248, 2, 1, NULL, 2, NULL, NULL, NULL),
(121, '2026-02-12 08:40:00', '2026-02-12 08:45:58', 84, 84, '2026-01-14', 'RE260010', 215.88, 28, NULL, NULL, NULL, 208, 2, 1, NULL, 2, NULL, NULL, NULL),
(122, '2026-02-12 08:45:50', '2026-02-12 08:45:58', 84, 84, '2025-12-05', 'RF260055', 7.63, 26, NULL, NULL, NULL, 229, 2, 2, NULL, 2, NULL, NULL, NULL),
(123, '2026-02-12 08:47:56', '2026-02-12 08:52:58', 84, 84, '2026-01-02', 'RF260056', 29.14, 26, NULL, NULL, 0, 229, 2, 2, NULL, 2, NULL, NULL, NULL),
(124, '2026-02-12 08:52:39', '2026-04-17 05:26:13', 84, 84, '2026-01-26', 'RE260011', 87.57, 26, NULL, NULL, 0, 207, 2, 1, NULL, 2, NULL, NULL, NULL),
(125, '2026-03-10 08:08:26', '2026-03-10 08:24:55', 84, 84, '2026-02-04', 'RF260057', 1110.00, 26, NULL, NULL, NULL, 241, 2, 2, NULL, 2, NULL, NULL, NULL),
(126, '2026-03-10 08:11:13', '2026-03-10 08:24:55', 84, 84, '2026-02-05', 'RF260058', 53.23, 26, NULL, NULL, 0, 229, 2, 2, NULL, 2, NULL, NULL, NULL),
(127, '2026-03-10 08:11:29', '2026-03-10 08:24:55', 84, 84, '2026-02-09', 'RF260059', 16.19, 26, NULL, NULL, NULL, 229, 2, 2, NULL, 2, NULL, NULL, NULL),
(128, '2026-03-10 08:20:39', '2026-03-10 09:53:32', 84, 84, '2026-02-13', 'RE260012', 55.18, 27, NULL, NULL, 0, 255, 2, 1, NULL, 2, NULL, NULL, NULL),
(129, '2026-03-10 08:21:18', '2026-03-10 09:53:32', 84, 84, '2026-02-13', 'RE260013', 51.58, 27, NULL, NULL, 0, 255, 2, 1, NULL, 2, NULL, NULL, NULL),
(130, '2026-03-10 08:22:14', '2026-03-10 09:53:32', 84, 84, '2026-02-28', 'RE260014', 239.38, 27, NULL, NULL, NULL, 244, 2, 1, NULL, 2, NULL, NULL, NULL),
(131, '2026-03-10 10:02:49', '2026-03-10 10:04:21', 84, 84, '2026-03-03', 'RE260015', 75.58, 27, NULL, NULL, NULL, 244, 2, 1, NULL, 2, NULL, NULL, NULL),
(132, '2026-03-10 10:03:12', '2026-03-10 10:04:21', 84, 84, '2026-03-03', 'RE260016', 75.58, 27, NULL, NULL, NULL, 244, 2, 1, NULL, 2, NULL, NULL, NULL),
(133, '2026-04-13 13:18:34', '2026-04-13 13:18:46', 84, 84, '2026-02-28', 'RE260017', 64.80, 27, NULL, NULL, NULL, 248, 2, 1, NULL, 2, NULL, NULL, NULL),
(134, '2026-04-16 11:46:44', '2026-04-17 06:19:21', 84, 84, '2026-03-03', 'RF260060', 1110.00, 26, NULL, NULL, NULL, 241, 2, 2, NULL, 2, NULL, NULL, NULL),
(135, '2026-04-16 11:58:39', '2026-04-17 06:19:21', 84, 84, '2026-03-05', 'RF260061', 5.99, 26, NULL, NULL, NULL, 229, 2, 2, NULL, 2, NULL, NULL, NULL),
(136, '2026-04-16 12:17:46', '2026-04-17 06:19:21', 84, 84, '2026-03-17', 'RF260062', 337.09, 30, NULL, NULL, NULL, 283, 2, 2, NULL, 2, NULL, NULL, NULL),
(138, '2026-04-16 12:44:27', '2026-04-17 06:19:21', 84, 84, '2026-03-17', 'RF260064', 45.00, 30, NULL, NULL, NULL, 284, 2, 2, NULL, 2, NULL, NULL, NULL),
(139, '2026-04-16 12:51:38', '2026-04-17 06:19:21', 84, 84, '2026-03-19', 'RF260065', 450.16, 30, NULL, NULL, NULL, 285, 2, 2, NULL, 2, NULL, NULL, NULL),
(140, '2026-04-16 12:54:01', '2026-04-17 06:19:21', 84, 84, '2026-03-18', 'RF260066', 311.55, 30, NULL, NULL, NULL, 285, 2, 2, NULL, 2, NULL, NULL, NULL),
(141, '2026-04-16 12:58:33', '2026-04-17 06:19:21', 84, 84, '2026-03-10', 'RF260067', 18.24, 30, NULL, NULL, NULL, 230, 2, 2, NULL, 2, NULL, NULL, NULL),
(142, '2026-04-16 13:14:56', '2026-04-17 06:19:21', 84, 84, '2026-03-11', 'RE260018', 27.59, 27, NULL, NULL, NULL, 255, 2, 1, NULL, 2, NULL, NULL, NULL),
(143, '2026-04-17 05:38:14', '2026-04-17 10:53:34', 84, 84, '2026-03-18', 'RE260019', 254.37, 26, NULL, NULL, 0, 207, 2, 1, NULL, 2, NULL, NULL, NULL),
(144, '2026-04-17 06:00:58', '2026-04-17 06:19:21', 84, 84, '2026-03-26', 'RE260020', 75.58, 27, NULL, NULL, NULL, 244, 2, 1, NULL, 2, NULL, NULL, NULL),
(145, '2026-04-17 06:05:21', '2026-04-17 06:19:21', 84, 84, '2026-03-26', 'RE260021', 75.58, 27, NULL, NULL, NULL, 244, 2, 1, NULL, 2, NULL, NULL, NULL),
(146, '2026-04-17 06:16:59', '2026-04-17 06:19:21', 84, 84, '2026-03-13', 'RF260068', 45.00, 30, NULL, NULL, NULL, 284, 2, 2, NULL, 2, NULL, NULL, NULL),
(148, '2026-04-17 10:59:58', '2026-04-17 11:00:09', 84, 84, '2026-03-11', 'RF260069', 77.13, 26, NULL, NULL, 0, 260, 2, 2, NULL, 2, NULL, NULL, NULL),
(149, '2026-04-17 11:01:15', '2026-04-17 11:01:22', 84, 84, '2026-03-31', 'RF260070', 268.00, 30, NULL, NULL, NULL, 284, 2, 2, NULL, 2, NULL, NULL, NULL),
(150, '2026-04-17 11:02:11', '2026-04-17 11:02:18', 84, 84, '2026-03-18', 'RF260071', 18.00, 30, NULL, NULL, NULL, 286, 2, 2, NULL, 2, NULL, NULL, NULL),
(151, '2026-04-17 11:05:38', '2026-04-17 11:05:38', 84, 84, '2026-04-02', 'RE260022', 313.20, 28, NULL, NULL, NULL, 208, 2, 1, '5561087 075000066908 004510139601', 0, NULL, NULL, NULL);

--
-- Déchargement des données de la table `product_commissioning_prc`
--

INSERT INTO `product_commissioning_prc` (`prc_id`, `prc_created`, `prc_updated`, `fk_usr_id_author`, `fk_usr_id_updater`, `fk_prt_id_parent`, `fk_prt_id`, `prc_qte`, `prc_priceunitht`, `prc_tax`, `fk_tax_id`) VALUES
(8, NULL, '2025-01-07 14:12:43', NULL, NULL, 33, 23, 2, 1500.56, 5.5, NULL),
(9, NULL, '2025-01-07 14:12:39', NULL, NULL, 33, 27, 1, 99, 20, NULL),
(15, NULL, '2025-06-25 09:32:29', NULL, NULL, 47, 48, 1, 9.99, 20, NULL),
(16, NULL, '2025-06-25 09:32:47', NULL, NULL, 45, 46, 1, 19.99, 20, NULL),
(19, '2025-10-13 17:40:21', NULL, 84, NULL, 80, 81, 1, 499, 20, 31),
(20, '2025-10-27 08:40:36', NULL, 84, NULL, 78, 79, 1, 39.99, 20, 31),
(21, '2025-11-17 11:56:19', NULL, 84, NULL, 94, 95, 1, 19.99, 20, 31),
(22, '2025-11-21 08:31:10', NULL, 84, NULL, 97, 98, 1, 19.99, 20, 31),
(23, '2025-11-21 08:41:28', NULL, 84, NULL, 99, 100, 1, 34.99, 20, 31);

--
-- Déchargement des données de la table `product_prt`
--

INSERT INTO `product_prt` (`prt_id`, `fk_usr_id_author`, `fk_usr_id_updater`, `prt_updated`, `prt_created`, `prt_ref`, `prt_label`, `prt_desc`, `prt_priceunitht`, `prt_pricehtcost`, `prt_type`, `fk_tax_id_sale`, `fk_tax_id_purchase`, `prt_subscription`, `fk_acc_id_sale`, `fk_acc_id_purchase`, `prt_is_active`, `prt_is_purchasable`, `prt_is_sellable`, `prt_stock_alert_threshold`, `prt_stockable`) VALUES
(23, NULL, NULL, '2025-04-03 18:33:12', '2025-03-26 08:40:41', 'PROD-001', 'Frais de mise en service', '<p>Mise en service</p>', 1.00, 800.52, 'service', NULL, NULL, 0, NULL, NULL, 0, 0, 0, NULL, 0),
(25, NULL, NULL, '2025-01-06 18:24:36', '2025-03-26 08:40:41', 'PROD-002', 'Plutonium (Caisse de 12)', '', 1500.00, NULL, 'conso', NULL, NULL, 0, NULL, NULL, 0, 0, 0, NULL, 0),
(27, NULL, 84, '2026-03-10 08:00:43', '2025-03-26 08:40:41', 'PROD-003', 'Forfait Conversion de Vol (Hover Conversion)', '<p>- Sauvegarde complète de l\'ordinateur<br>- Installation du Système d\'exploitation<br>- Installation des drivers<br>- installation des logiciels<br>- Récupération de vos données</p>\n<p> </p>', 0.00, NULL, 'service', 70, NULL, 0, 307, 418, 1, 0, 1, NULL, 0),
(33, NULL, NULL, '2025-03-24 13:26:09', '2025-03-26 08:40:41', 'PROD-004', 'Hoverboard Mattel (Modèle Rose)', 'is simply dummy text of the printing and typesetting industry. Lorem Ipsum has been the industry\'s standard dummy text ever since the 1500s, when an unknown printer took a galley of type and scrambled it to make a type specimen book. It has survived not o', 150.00, NULL, 'conso', NULL, NULL, 1, NULL, NULL, 0, 0, 0, NULL, 0),
(45, 84, 84, '2025-10-13 17:06:55', '2025-06-25 08:52:57', 'PROD-005', 'Abonnement Almanach des Sports (1950-2000)', '', 4.50, 3.38, 'service', 70, 82, 1, NULL, NULL, 1, 1, 1, NULL, 0),
(46, 84, 84, '2025-06-25 09:34:14', '2025-06-25 08:57:58', 'PROD-006', 'Frais de nettoyage - Fumier de chez Biff', '<p>Gestion administrative et technique</p>', 19.99, NULL, 'service', 70, NULL, 0, NULL, NULL, 1, 0, 1, NULL, 0),
(47, 84, 84, '2025-10-13 17:06:29', '2025-06-25 08:59:41', 'PROD-007', 'Nom de domain.com .fr.org - Paiement mensuel - Engagement annuel', '<p>Nom de domaine redevance mensuel - Abonnement Annuel</p>', 2.99, 1.80, 'service', 70, 82, 1, NULL, NULL, 1, 1, 1, NULL, 0),
(48, 84, 84, '2025-10-08 14:23:29', '2025-06-25 09:02:12', 'PROD-008', 'Installation d\'un Générateur de Fusion Mr. Fusion', '<p>Gestion administrative et technique nécessaire à la mise en service du domaine</p>', 9.99, NULL, 'service', 70, NULL, 0, NULL, NULL, 1, 0, 1, NULL, 0),
(49, 84, 84, '2025-10-08 14:22:10', '2025-07-28 14:18:55', 'PROD-009', 'Antenne de Foudre pour Clocher', '', 219.90, 158.53, 'conso', 31, 23, 0, NULL, NULL, 1, 1, 1, NULL, 0),
(50, 84, 84, '2025-10-08 14:33:26', '2025-08-01 12:53:36', 'PROD-010', 'Baskets Auto-laçantes (Nike Mag)', '', 0.00, NULL, 'conso', 31, 23, 0, NULL, NULL, 1, 1, 1, NULL, 0),
(59, 84, 84, '2025-10-08 14:38:33', '2025-09-11 19:36:26', 'PROD-011', 'Ligne Directe avec 1955', '', 0.00, 4.99, 'service', NULL, 82, 0, 1, 360, 1, 1, 0, NULL, 0),
(60, 84, 84, '2025-10-08 14:26:05', '2025-09-12 08:46:15', 'PROD-012', 'Frais postaux', '', 0.00, NULL, 'service', NULL, 82, 0, 1, 360, 1, 1, 0, NULL, 0),
(61, 84, 84, '2025-10-13 17:44:10', '2025-09-12 08:58:02', 'PROD-013', 'Talkie-Walkie Vintage (Modèle Doc)', '', 34.99, 7.49, 'service', 70, 82, 1, 1, 360, 1, 1, 1, NULL, 0),
(62, 84, 84, '2025-10-08 14:29:27', '2025-09-12 10:48:04', 'PROD-014', 'Honoraire', '', 0.00, NULL, 'service', NULL, 82, 0, 1, 315, 1, 1, 0, NULL, 0),
(63, 84, 84, '2025-10-08 14:42:45', '2025-09-12 11:25:47', 'PROD-015', 'Matériel Informatique divers', '', 0.00, NULL, 'service', NULL, 82, 0, 1, 338, 1, 1, 0, NULL, 0),
(64, 84, 84, '2025-10-08 14:27:37', '2025-09-12 11:33:44', 'PROD-016', 'Frais de port', '', 0.00, NULL, 'service', 70, 82, 0, 1, 381, 1, 1, 1, NULL, 0),
(65, 84, 84, '2025-10-08 14:27:31', '2025-09-12 11:44:27', 'PROD-017', 'Voyage et déplacement', '', 0.00, NULL, 'service', NULL, 82, 0, 1, 336, 1, 1, 0, NULL, 0),
(66, 84, 84, '2025-10-08 14:27:07', '2025-09-15 16:18:38', 'PROD-018', 'Services bancaires', NULL, 0.00, NULL, 'service', NULL, 82, 0, 1, 309, 1, 1, 0, NULL, 0),
(67, 84, 84, '2025-10-08 14:28:05', '2025-09-22 08:09:44', 'PROD-019', 'Housing', NULL, 0.00, 900.00, 'service', NULL, 82, 0, 1, 333, 1, 1, 0, NULL, 0),
(68, 84, 84, '2025-10-08 14:20:11', '2025-09-26 15:22:08', 'PROD-020', 'Hydrateur de Pizza Black & Decker', NULL, 199.90, 135.00, 'conso', 31, 23, 0, NULL, NULL, 1, 1, 1, NULL, 0),
(69, 84, 84, '2025-11-21 08:46:37', '2025-09-26 17:22:31', 'PROD-021', 'Supervision Chrono-Logique', '<p>Supervision et mise à jour de votre équipements.</p>', 19.90, NULL, 'service', 70, NULL, 1, 307, 2, 1, 0, 1, NULL, 0),
(70, 84, 84, '2025-11-21 20:05:20', '2025-10-03 09:16:53', 'PROD-022', 'Condensateur de Flux (Flux Capacitor)', '<p>Lenovo ThinkBook 14 G8 IAL 21SJ - Conception de charnière à 180 degrés - Intel Core Ultra 5 - 225U / jusqu\'à 4.8 GHz - Win 11 Pro - Intel Graphics - 16 Go RAM - 512 Go SSD NVMe - 14\" IPS 1920 x 1200 - Gigabit Ethernet - Wi-Fi 6E, Bluetooth - gris arctique - clavier : Français - avec 2 ans de support Lenovo Depot</p>', 0.00, 686.00, 'conso', 31, 23, 0, 1, 2, 1, 1, 1, NULL, 0),
(71, 84, 84, '2025-10-08 14:20:28', '2025-10-03 09:24:52', 'PROD-023', 'Hydrateur Black & Decker (Model 2015)', NULL, 249.00, NULL, 'service', 70, 82, 0, NULL, NULL, 1, 1, 1, NULL, 0),
(72, 84, 84, '2025-10-13 17:06:38', '2025-10-06 07:51:28', 'PROD-024', 'Protocole "Sirène de Police 2015"', '<p>Protection efficace contre les virus, les malwares et les ransomwares, plusieurs fois primée</p>', 3.99, 0.75, 'service', 70, 82, 1, NULL, NULL, 1, 1, 1, NULL, 0),
(73, 84, 84, '2025-10-27 09:13:10', '2025-10-08 15:04:57', 'PROD-025', 'Archive "Mémoire de George" - frais de mise en service', '', 9.99, NULL, 'service', 70, NULL, 0, NULL, NULL, 1, 0, 1, NULL, 0),
(74, 84, 84, '2025-10-13 17:04:48', '2025-10-08 15:12:32', 'PROD-026', 'Consultation "Lait-Fraise au Chocolat" - Paiement Annuel - Engagement Annuel', NULL, 54.00, 40.56, 'service', 70, 82, 1, NULL, NULL, 1, 1, 1, NULL, 0),
(75, 84, 84, '2025-10-13 17:06:43', '2025-10-13 12:58:27', 'PROD-027', 'Forfait "Enchantement de la Mer - Paiement mensuel - Engagement annuel', NULL, 81.72, 61.44, 'service', 70, 82, 1, 1, 2, 1, 1, 1, NULL, 0),
(76, 84, 84, '2025-11-04 09:39:29', '2025-10-13 14:28:05', 'PROD-028', 'Appareil Photo Pocket Instamatic', '<p>Sauvegarde quotidienne 1 compte - conservation 30 jours. Protège les données OneDrive, SharePoint, Teams, Outlook Mail, Contacts et Calendrier de votre organisation Microsoft 365.&nbsp;</p>', 67.09, 8.04, 'service', 70, 82, 1, NULL, NULL, 1, 1, 1, NULL, 0),
(77, 84, 84, '2025-10-27 09:12:43', '2025-10-13 16:17:50', 'PROD-029', 'Assistance "Standardiste de Hill Valley"', '', 89.90, 29.00, 'conso', 31, 23, 0, NULL, NULL, 1, 1, 1, NULL, 0),
(78, 84, 84, '2025-10-27 08:40:39', '2025-10-13 16:20:15', 'PROD-030', 'Service de Recyclage "Goldie Wilson" - Paiement mensuel - Engagement annuel', '<p>&nbsp;1 compte utilisateur comprenant :</p><ul><li>SK Drive avec 100Go / Utilisateur</li><li>Boite email 50 Go</li><li>Antispam standard</li><li>Only Office Online</li></ul>', 39.99, NULL, 'service', 70, NULL, 1, NULL, NULL, 1, 0, 1, NULL, 0),
(79, 84, 84, '2025-10-27 09:12:48', '2025-10-13 16:33:02', 'PROD-031', 'Service de Recyclage "Goldie Wilson" - Mise en service', '', 39.99, NULL, 'service', 70, NULL, 0, NULL, NULL, 1, 0, 1, NULL, 0),
(80, 84, 84, '2025-10-13 17:40:54', '2025-10-13 17:12:11', 'PROD-032', 'Plaque d\'Immatriculation Chrono-Codes (OUTATIME)', '', 39.99, NULL, 'service', 70, NULL, 0, NULL, NULL, 1, 0, 1, NULL, 0),
(81, 84, 84, '2025-10-27 09:13:06', '2025-10-13 17:14:19', 'PROD-033', 'Walkman "Danger Zone"', '<ul><li>Gestion Administrative&nbsp;</li><li>Installation / Configuration du produit</li></ul>', 499.00, NULL, 'service', 70, NULL, 0, NULL, NULL, 1, 0, 1, NULL, 0),
(82, 84, 84, '2025-10-14 13:19:51', '2025-10-14 13:16:35', 'PROD-034', 'Caméscope JVC GR-C1', '<p>1 compte</p><ul><li>SK Drive avec 100Go / Utilisateur</li><li>Boite email 50 Go&nbsp;</li><li>Antispam standard</li><li>Antivirus</li><li>Only Office Online</li><li>Support Illimité PC</li></ul>', 59.99, 45.96, 'service', 70, 82, 1, NULL, NULL, 1, 1, 1, NULL, 0),
(83, 84, 84, '2025-10-27 09:12:53', '2025-10-14 13:19:20', 'PROD-035', 'Sonde de Sommeil (Alpha-Rhythm Generator)', '', 59.99, NULL, 'service', 70, NULL, 0, NULL, NULL, 1, 0, 1, NULL, 0),
(84, 84, 84, '2025-10-27 09:12:59', '2025-10-22 14:26:20', 'PROD-036', 'Radio-CASSETTE AIWA (MODÈLE MARTY)', '<p>Networks UniFi Cloud Key Gen2 serveur de surveillance de réseau Gigabit Ethernet</p>', 179.90, 125.82, 'conso', 31, 23, 0, NULL, NULL, 1, 1, 1, NULL, 0),
(85, 84, NULL, NULL, '2025-10-27 08:39:01', 'PROD-037', ' SkDrive Team Storage  100 Go', '', 9.99, 8.91, 'service', 70, 82, 1, NULL, NULL, 1, 1, 1, NULL, 0),
(86, 84, 84, '2025-11-04 08:40:15', '2025-11-04 08:27:22', 'PROD-038', 'Conception & Mise en Service de votre site internet', '<p><strong>Conception &amp; Développement (LiteSpeed/Responsive) :</strong>&nbsp;</p><ul><li>Développement sous <strong>WordPress</strong>, CMS leader mondial, offrant autonomie et évolutivité.</li><li>Création du site vitrine professionnel (max. 10 pages : Accueil, Menu, Galerie, Contact, Infos pratiques, Mentions Légales, etc.),&nbsp;</li><li>Design Responsive optimisé (adapté aux mobiles, tablettes et ordinateurs)</li><li>Optimisation des performances et compatibilité <strong>LiteSpeed</strong> pour des temps de chargement ultra-rapides.</li></ul><p><strong>Contenu Visuel Professionnel :</strong>&nbsp;</p><ul><li><strong>Shooting photo sur site</strong> (½ journée) incluant plats signature, ambiance de la salle, et portraits d\'équipe.&nbsp;</li><li>Rédaction et Intégration des <strong>contenus </strong>: textes, carte/menu dynamique, horaires, contacts, mentions légales.</li></ul><p><strong>Optimisation SEO initiale :</strong></p><ul><li>Recherche de <strong>mots-clés locaux</strong> pertinents (ville, spécialités, type de cuisine)</li><li>Rédaction des <strong>balises titre, méta-description et attributs ALT</strong></li><li>Structuration sémantique (balises Hn, URL propres)</li><li><strong>Maillage interne</strong> et optimisation des images</li><li>Connexion au <strong>Google Business Profile</strong> et à <strong>Google Search Console</strong></li></ul><p><strong>Mise en Service :</strong> Installation sur l\'hébergement, configuration du Nom de Domaine, tests finaux et mise en ligne.&nbsp;</p><p>&nbsp;</p>', 3590.00, NULL, 'service', 70, NULL, 0, NULL, NULL, 1, 0, 1, NULL, 0),
(87, 84, 84, '2025-11-04 09:04:03', '2025-11-04 08:43:32', 'PROD-039', 'Hébergement, Maintenance & SEO Formule Avancée - Paiement mensuel - Engagement annuel', '<p><strong>Hébergement professionnel LiteSpeed</strong> sur serveur haute performance, incluant certificat SSL, sauvegardes automatiques quotidiennes et supervision 24/7.</p><p><strong>Maintenance technique WordPress</strong> : mises à jour du CMS, des extensions et du thème, surveillance de la sécurité, corrections mineures et contrôle de compatibilité.</p><p><strong>Assistance technique prioritaire</strong> : support par e-mail ou téléphone sous 48h ouvrées pour tout incident ou besoin de mise à jour mineure.</p><p><strong>Optimisation SEO continue</strong> : suivi des performances de positionnement local, ajustement des balises, optimisation de la vitesse, mise à jour des contenus clés et maintien du référencement Google Business Profile.</p><p><strong>Sauvegardes </strong>quotidiennes avec rétention 30 jours</p><p>L’abonnement garantit la stabilité, la performance et la visibilité du site sur le long terme.<br>Engagement minimum : 12 mois, renouvelable tacitement. Résiliation possible à l’échéance avec préavis de 30 jours.</p>', 119.00, NULL, 'service', 70, NULL, 1, 1, 2, 1, 0, 1, NULL, 0),
(88, 84, 84, '2025-11-04 09:00:13', '2025-11-04 08:46:16', 'PROD-040', 'Hébergement, Maintenance & SEO Formule Essentielle- Paiement mensuel - Engagement annuel', '<p><strong>Hébergement professionnel LiteSpeed</strong> sur serveur haute performance, incluant certificat SSL, sauvegardes automatiques quotidiennes et supervision 24/7.</p><p><strong>Maintenance technique WordPress</strong> : mises à jour du CMS, des extensions et du thème, surveillance de la sécurité, corrections mineures et contrôle de compatibilité.</p><p><strong>Assistance technique prioritaire</strong> : support par e-mail ou téléphone sous 48h ouvrées pour tout incident ou besoin de mise à jour mineure.</p><p>L’abonnement garantit la stabilité, la performance et la visibilité du site sur le long terme.<br>Engagement minimum : 12 mois, renouvelable tacitement. Résiliation possible à l’échéance avec préavis de 30 jours.</p>', 69.00, NULL, 'service', 70, NULL, 1, NULL, NULL, 1, 0, 1, NULL, 0),
(90, 84, 84, '2025-11-04 09:03:53', '2025-11-04 09:00:33', 'PROD-041', 'Hébergement, Maintenance & SEO Formule Premium- Paiement mensuel - Engagement annuel-copy', '<p><strong>Hébergement professionnel LiteSpeed</strong> sur serveur haute performance, incluant certificat SSL, sauvegardes automatiques quotidiennes et supervision 24/7.</p><p><strong>Maintenance technique WordPress</strong> : mises à jour du CMS, des extensions et du thème, surveillance de la sécurité, corrections mineures et contrôle de compatibilité.</p><p><strong>Assistance technique prioritaire</strong> : support par e-mail ou téléphone sous 24h ouvrées pour tout incident ou besoin de mise à jour mineure.</p><p><strong>Optimisation SEO continue</strong> : suivi des performances de positionnement local, ajustement des balises, optimisation de la vitesse, mise à jour des contenus clés et maintien du référencement Google Business Profile.</p><p><strong>Sauvegardes </strong>quotidiennes avec rétention 30 jours</p><p><strong>SEO éditorial mensuel</strong> : optimisation de 1 à 2 pages ou actualités / articles pour booster le référencement</p><p><strong>Reporting trimestriel</strong> : performance, sécurité, référencement</p><p>L’abonnement garantit la stabilité, la performance et la visibilité du site sur le long terme.<br>Engagement minimum : 12 mois, renouvelable tacitement. Résiliation possible à l’échéance avec préavis de 30 jours.</p>', 179.00, NULL, 'service', 70, NULL, 1, NULL, NULL, 1, 0, 1, NULL, 0),
(91, 84, 84, '2025-11-04 09:39:18', '2025-11-04 09:38:40', 'PROD-042', 'Sauvegarde 365 Exchange Online (Plan 1) et Basic - Mise en service', '', 9.99, 8.04, 'service', 70, 82, 0, NULL, NULL, 1, 1, 1, NULL, 0),
(92, 84, 84, '2025-11-13 17:51:31', '2025-11-13 17:50:44', 'PROD-043', 'Frais d’actes et de contentieux', '', 0.00, 0.00, 'service', NULL, 82, 0, 1, 373, 1, 1, 0, NULL, 0),
(93, 84, 84, '2025-11-13 17:57:33', '2025-11-13 17:57:27', 'PROD-044', 'Locations de matériel et logiciels informatiques', NULL, NULL, 0.00, 'service', NULL, 82, 0, 1, 394, 1, 1, 0, NULL, 0),
(94, 84, 84, '2026-03-10 07:58:17', '2025-11-17 11:48:31', 'PROD-045', 'Batte de Baseball "Slugging" - Paiement mensuel - Engagement mensuel', '<p>Offres data-only Bouygues 5G jusqu\'a 10Go/mois</p>', 22.99, 11.00, 'service', 70, 82, 1, 416, 417, 1, 1, 1, NULL, 0),
(95, 84, 84, '2026-03-10 08:00:25', '2025-11-17 11:55:03', 'PROD-046', 'Distributeur de croquettes "Einstein"', '<p>Gestion administrative et technique </p>', 19.99, 0.00, 'service', 70, 82, 0, 307, 418, 1, 1, 1, NULL, 0),
(96, 84, 84, '2025-11-17 12:02:11', '2025-11-17 12:00:06', 'PROD-047', 'Bidon d\'Huile "Texaco 2015"', '<p>Intervention en vos locaux technicien system et réseau</p>', 290.00, NULL, 'service', 70, NULL, 0, 307, 2, 1, 0, 1, NULL, 0),
(97, 84, 84, '2025-11-21 08:33:41', '2025-11-21 08:30:24', 'PROD-048', 'Réveil "Flip Clock" Panasonic - Paiement Mensuel - Engagement Annuel', '<p>50 Go de stockage SSD&nbsp;<br>Sauvegardes quotidiennes<br>Haute disponibilité<br>Apache avec accélération Litespeed (LSCache)<br>Instances dédiées Redis<br>Instances dédiées Memcached<br>Bases de données illimités<br>Optimisé pour CMS (Joomla!, Prestashop, Drupal...)<br>Protection Anti-DDoS<br>Bande passante illimitée<br>1 certificat SSL<br>2 CPU Cores<br>8 GB RAM</p>', 19.99, NULL, 'service', 70, NULL, 1, NULL, NULL, 1, 0, 1, NULL, 0),
(98, 84, 84, '2025-11-21 08:32:22', '2025-11-21 08:30:38', 'PROD-049', 'Réveil "Flip Clock" Panasonic - Mise en service', '', 19.99, NULL, 'service', 70, NULL, 1, NULL, NULL, 1, 0, 1, NULL, 0),
(99, 84, 84, '2025-11-21 08:46:07', '2025-11-21 08:36:55', 'PROD-050', 'Guitare Chinery "Erlewine" - Paiement mensuel - Engagement annuel', '<p>Gestion d\'un pc supplémentaire à votre licence initiale Cloud Pro Suite :&nbsp;</p><ul><li>Mise à jour et protection de votre PC</li><li>Antivirus</li><li>Support Illimité PC</li></ul>', 59.99, 20.82, 'service', 70, 82, 1, NULL, NULL, 1, 1, 1, NULL, 0),
(100, 84, 84, '2025-11-21 08:40:56', '2025-11-21 08:39:28', 'PROD-051', 'Guitare Chinery "Erlewine" Mise en service', '<p>Déploiement de la solution cloud pro suite sur votre ordinateur</p>', 34.99, 20.82, 'service', 70, 82, 0, NULL, NULL, 1, 1, 1, NULL, 0),
(101, 84, 84, '2025-11-21 20:13:17', '2025-11-21 20:12:35', 'PROD-052', 'RC professionnelle', NULL, NULL, 333.67, 'service', NULL, 82, 0, 1, 409, 1, 1, 0, NULL, 0),
(102, 84, 84, '2025-12-09 10:23:48', '2025-12-09 10:22:56', 'PROD-053', 'Abonnement "Holomax 3D" (PC) reconditionné', '', 99.90, 19.00, 'conso', 31, 23, 0, 1, 2, 1, 1, 1, NULL, 0),
(103, 84, 84, '2025-12-10 10:34:17', '2025-12-10 10:33:43', 'PROD-054', 'Abonnement "Holomax 3D" (MAC) reconditionné', '', 119.90, 39.00, 'conso', 31, 23, 0, 1, 2, 1, 1, 1, NULL, 0);

--
-- Déchargement des données de la table `product_stock_psk`
--

INSERT INTO `product_stock_psk` (`psk_id`, `psk_created`, `psk_updated`, `fk_usr_id_author`, `fk_usr_id_updater`, `fk_prt_id`, `fk_whs_id`, `psk_qty_physical`, `psk_qty_virtual`, `psk_min_qty`, `psk_max_qty`, `psk_reorder_qty`, `psk_last_purchase_price`, `psk_average_price`, `psk_last_movement_date`, `psk_last_inventory_date`) VALUES
(5, '2026-02-08 16:32:30', '2026-04-16 13:06:44', NULL, 84, 74, 6, 0.0000, -1.0000, 0.0000, NULL, NULL, 0.0000, 0.0000, NULL, NULL),
(6, '2026-02-08 16:32:30', '2026-04-16 13:06:44', NULL, 84, 61, 6, 0.0000, -2.0000, 0.0000, NULL, NULL, 0.0000, 0.0000, NULL, NULL),
(7, '2026-02-08 16:32:30', '2026-04-16 13:06:44', NULL, 84, 27, 6, 0.0000, -3.0000, 0.0000, NULL, NULL, 0.0000, 0.0000, NULL, NULL),
(8, '2026-02-08 16:56:16', '2026-02-08 17:02:56', NULL, 84, 94, 6, 0.0000, 0.0000, 0.0000, NULL, NULL, 0.0000, 0.0000, NULL, NULL),
(9, '2026-02-08 16:56:17', '2026-02-08 17:02:56', NULL, 84, 95, 6, 0.0000, 0.0000, 0.0000, NULL, NULL, 0.0000, 0.0000, NULL, NULL),
(10, '2026-02-08 17:04:03', '2026-02-08 17:04:03', NULL, 84, 82, 6, 0.0000, -1.0000, 0.0000, NULL, NULL, 0.0000, 0.0000, NULL, NULL),
(11, '2026-02-08 17:04:03', '2026-02-08 17:04:03', NULL, 84, 47, 6, 0.0000, -1.0000, 0.0000, NULL, NULL, 0.0000, 0.0000, NULL, NULL),
(12, '2026-02-08 17:04:03', '2026-02-08 17:04:03', NULL, 84, 77, 6, 0.0000, -1.0000, 0.0000, NULL, NULL, 0.0000, 0.0000, NULL, NULL),
(13, '2026-02-08 17:04:03', '2026-02-08 17:04:03', NULL, 84, 83, 6, 0.0000, -1.0000, 0.0000, NULL, NULL, 0.0000, 0.0000, NULL, NULL),
(14, '2026-02-08 17:04:03', '2026-02-08 17:04:03', NULL, 84, 48, 6, 0.0000, -1.0000, 0.0000, NULL, NULL, 0.0000, 0.0000, NULL, NULL),
(15, '2026-04-16 13:06:44', '2026-04-16 13:06:44', NULL, 84, 76, 6, 0.0000, -1.0000, 0.0000, NULL, NULL, 0.0000, 0.0000, NULL, NULL),
(16, '2026-04-16 13:06:44', '2026-04-16 13:06:44', NULL, 84, 73, 6, 0.0000, -1.0000, 0.0000, NULL, NULL, 0.0000, 0.0000, NULL, NULL);

--
-- Déchargement des données de la table `prospect_activity_pac`
--

INSERT INTO `prospect_activity_pac` (`pac_id`, `pac_created`, `pac_updated`, `fk_usr_id_author`, `fk_usr_id_updater`, `pac_type`, `pac_subject`, `pac_description`, `pac_date`, `pac_due_date`, `pac_is_done`, `pac_done_date`, `pac_duration`, `fk_opp_id`, `fk_ptr_id`, `fk_ctc_id`, `fk_usr_id_seller`) VALUES
(1, '2026-02-18 13:09:33', '2026-02-18 13:09:33', 84, 84, 'email', 'Demande de connexion Linkedin', NULL, '2026-02-18 14:09:03', NULL, 0, NULL, NULL, NULL, 268, NULL, 84),
(2, '2026-02-18 13:24:28', '2026-02-18 13:24:28', 84, 84, 'call', 'Demande de connexion Linkedin', NULL, '2026-02-18 14:24:19', NULL, 0, NULL, NULL, NULL, 265, NULL, 84),
(3, '2026-02-18 13:24:36', '2026-02-18 13:24:36', 84, 84, 'call', 'Demande de connexion Linkedin', NULL, '2026-02-18 14:24:30', NULL, 0, NULL, NULL, NULL, 261, NULL, 84),
(4, '2026-02-18 13:24:42', '2026-02-18 13:24:42', 84, 84, 'call', 'Demande de connexion Linkedin', NULL, '2026-02-18 14:24:38', NULL, 0, NULL, NULL, NULL, 267, NULL, 84),
(5, '2026-02-18 13:24:48', '2026-02-18 13:24:48', 84, 84, 'call', 'Demande de connexion Linkedin', NULL, '2026-02-18 14:24:44', NULL, 0, NULL, NULL, NULL, 266, NULL, 84),
(6, '2026-02-18 13:24:55', '2026-02-18 13:24:55', 84, 84, 'call', 'Demande de connexion Linkedin', NULL, '2026-02-18 14:24:50', NULL, 0, NULL, NULL, NULL, 264, NULL, 84),
(7, '2026-02-18 13:25:01', '2026-02-18 13:25:01', 84, 84, 'call', 'Demande de connexion Linkedin', NULL, '2026-02-18 14:24:57', NULL, 0, NULL, NULL, NULL, 262, NULL, 84),
(8, '2026-02-18 13:25:11', '2026-02-18 13:25:11', 84, 84, 'call', 'Demande de connexion Linkedin', NULL, '2026-02-18 14:25:02', NULL, 0, NULL, NULL, NULL, 263, NULL, 84);

--
-- Déchargement des données de la table `prospect_opportunity_opp`
--

INSERT INTO `prospect_opportunity_opp` (`opp_id`, `opp_created`, `opp_updated`, `fk_usr_id_author`, `fk_usr_id_updater`, `opp_label`, `opp_description`, `opp_amount`, `opp_probability`, `opp_close_date`, `opp_closed_date`, `opp_notes`, `fk_pps_id`, `fk_ptr_id`, `fk_ctc_id`, `fk_usr_id_seller`, `fk_pso_id`, `fk_plr_id`) VALUES
(2, '2026-02-18 13:29:02', '2026-02-18 16:40:03', 84, 84, 'Intégration IA', 'RDV planifie - pour analyse de l\'existant', NULL, 10, NULL, NULL, NULL, 1, 269, NULL, 84, 4, NULL),
(3, '2026-02-18 15:14:29', '2026-02-18 15:14:29', 84, 84, 'Sortie de microsft 365 (480 comptes)', 'Migration de 1080 boites mail depuis un ancien serveur vers une solution souveraine. Budget actuel estimé 30K/an. Stockage interne sur serveurs anciens (4To). Un drive collaboratif serait un avantage différenciant.', 25000.00, 30, NULL, NULL, NULL, 1, 270, 3851, 84, 3, NULL);

--
-- Déchargement des données de la table `prospect_pipeline_stage_pps`
--



--
-- Déchargement des données de la table `purchase_order_config_pco`
--

INSERT INTO `purchase_order_config_pco` (`pco_id`, `pco_updated`, `pco_created`, `fk_usr_id_author`, `fk_usr_id_updater`, `fk_emt_id`, `fk_prt_id_default`) VALUES
(1, '2025-08-01 12:53:48', '0000-00-00 00:00:00', NULL, 84, 15, 50);

--
-- Déchargement des données de la table `purchase_order_line_pol`
--

INSERT INTO `purchase_order_line_pol` (`pol_id`, `pol_created`, `pol_updated`, `fk_usr_id_author`, `fk_usr_id_updater`, `fk_por_id`, `pol_prtlib`, `pol_prtdesc`, `pol_prttype`, `pol_qty`, `pol_priceunitht`, `pol_discount`, `pol_mtht`, `fk_prt_id`, `pol_order`, `pol_type`, `pol_note`, `pol_tax_rate`, `fk_tax_id`, `pol_is_subscription`) VALUES
(208, '2025-04-08 18:00:54', NULL, 84, NULL, NULL, '', '', 0, NULL, NULL, NULL, NULL, NULL, NULL, NULL, NULL, NULL, NULL, 0),
(209, '2025-04-08 18:00:54', NULL, 84, NULL, NULL, '', '', 0, NULL, NULL, NULL, NULL, NULL, NULL, NULL, NULL, NULL, NULL, 0),
(210, '2025-04-08 18:01:44', NULL, 84, NULL, NULL, '', '', 0, NULL, NULL, NULL, NULL, NULL, NULL, NULL, NULL, NULL, NULL, 0),
(211, '2025-04-08 18:01:44', NULL, 84, NULL, NULL, '', '', 0, NULL, NULL, NULL, NULL, NULL, NULL, NULL, NULL, NULL, NULL, 0),
(212, '2025-04-08 18:02:00', NULL, 84, NULL, NULL, '', '', 0, NULL, NULL, NULL, NULL, NULL, NULL, NULL, NULL, NULL, NULL, 0),
(213, '2025-04-08 18:02:00', NULL, 84, NULL, NULL, '', '', 0, NULL, NULL, NULL, NULL, NULL, NULL, NULL, NULL, NULL, NULL, 0),
(214, '2025-04-08 18:02:37', NULL, 84, NULL, NULL, '', '', 0, NULL, NULL, NULL, NULL, NULL, NULL, NULL, NULL, NULL, NULL, 0),
(215, '2025-04-08 18:02:37', NULL, 84, NULL, NULL, '', '', 0, NULL, NULL, NULL, NULL, NULL, NULL, NULL, NULL, NULL, NULL, 0),
(216, '2025-04-08 18:03:06', NULL, 84, NULL, NULL, '', '', 0, NULL, NULL, NULL, NULL, 25, NULL, NULL, NULL, NULL, NULL, 0),
(217, '2025-04-08 18:03:06', NULL, 84, NULL, NULL, '', '', 0, NULL, NULL, NULL, NULL, 33, NULL, NULL, NULL, NULL, NULL, 0),
(218, '2025-04-08 18:04:19', NULL, 84, NULL, NULL, '', '', 0, NULL, NULL, NULL, NULL, 25, NULL, NULL, NULL, NULL, NULL, 0),
(219, '2025-04-08 18:04:19', NULL, 84, NULL, NULL, '', '', 0, NULL, NULL, NULL, NULL, 33, NULL, NULL, NULL, NULL, NULL, 0),
(220, '2025-04-08 18:04:36', NULL, 84, NULL, NULL, '', '', 0, NULL, NULL, NULL, NULL, 25, NULL, NULL, NULL, NULL, NULL, 0),
(221, '2025-04-08 18:04:36', NULL, 84, NULL, NULL, '', '', 0, NULL, NULL, NULL, NULL, 33, NULL, NULL, NULL, NULL, NULL, 0),
(228, '2025-10-07 09:03:24', '2025-10-07 10:36:38', 84, 84, 385, 'Condensateur de Flux (Flux Capacitor)', '<p>Lenovo ThinkBook 14 G8 IAL 21SJ - Conception de charnière à 180 degrés - Intel Core Ultra 5 - 225U / jusqu\'à 4.8 GHz - Win 11 Pro - Intel Graphics - 16 Go RAM - 512 Go SSD NVMe - 14\" IPS 1920 x 1200 - Gigabit Ethernet - Wi-Fi 6E, Bluetooth - gris arctique - clavier : Français - avec 2 ans de support Lenovo Depot</p>', 0, 1.00, 689.100, NULL, 689.100, 70, 1, NULL, '', 20.000, 23, 0),
(229, '2025-10-07 10:36:38', NULL, 84, NULL, 385, 'Frais de port', '', 1, 1.00, 9.900, NULL, 9.900, 64, 2, 0, '', 20.000, 23, 0),
(230, '2025-10-14 09:18:20', NULL, 84, NULL, 387, 'Assistance "Standardiste de Hill Valley"', '', 0, 1.00, 29.000, NULL, 29.000, 77, NULL, NULL, NULL, 20.000, 23, 0);

--
-- Déchargement des données de la table `purchase_order_por`
--

INSERT INTO `purchase_order_por` (`por_id`, `por_created`, `por_updated`, `fk_usr_id_author`, `fk_usr_id_updater`, `por_createdate`, `por_number`, `por_externalreference`, `por_date`, `por_valid`, `fk_ptr_id`, `por_estimatedreceiptdate`, `por_status`, `por_totalht`, `por_totaltax`, `por_totalttc`, `fk_pam_id`, `fk_ord_id`, `fk_dur_id_payment_condition`, `por_being_edited`, `por_invoicing_state`, `por_delivery_state`, `fk_usr_id_seller`, `fk_ctc_id`, `por_note`, `fk_tap_id`, `fk_doc_id`, `fk_whs_id`, `por_cancel_reason`) VALUES
(385, '2025-10-07 09:03:24', '2025-10-07 10:38:07', 84, 84, '2025-10-07 00:00:00', 'CF250001', 'SO250042', '2025-10-07', NULL, 240, NULL, 2, 699.000, 139.800, 838.800, 30, 406, 18, 0, 2, NULL, NULL, NULL, '', NULL, NULL, NULL, NULL),
(387, '2025-10-14 09:18:20', '2025-10-14 09:19:53', 84, 84, '2025-10-14 00:00:00', 'CF250002', 'SO250042', '2025-10-14', NULL, 245, '2025-10-14', 2, 29.000, 5.800, 34.800, 30, 406, 21, 0, NULL, NULL, NULL, NULL, '', NULL, NULL, NULL, NULL);

--
-- Déchargement des données de la table `sale_order_line_orl`
--

INSERT INTO `sale_order_line_orl` (`orl_id`, `orl_created`, `orl_updated`, `fk_usr_id_author`, `fk_usr_id_updater`, `fk_ord_id`, `orl_prtlib`, `orl_prtdesc`, `orl_prttype`, `orl_note`, `orl_qty`, `orl_priceunitht`, `orl_discount`, `orl_mtht`, `fk_prt_id`, `orl_order`, `orl_type`, `orl_purchasepriceunitht`, `orl_tax_rate`, `fk_tax_id`, `orl_is_subscription`) VALUES
(843, '0000-00-00 00:00:00', '0000-00-00 00:00:00', NULL, NULL, 402, 'Abonnement', NULL, NULL, NULL, 1, NULL, NULL, NULL, NULL, 1, 1, NULL, NULL, NULL, 0),
(845, '0000-00-00 00:00:00', '0000-00-00 00:00:00', NULL, NULL, 402, 'Sous-total Abonnement', NULL, NULL, NULL, 1, NULL, NULL, 6.88, NULL, 4, 2, NULL, NULL, NULL, 0),
(847, '0000-00-00 00:00:00', '0000-00-00 00:00:00', NULL, NULL, 402, 'Domain Name .com .fr.org', '<p>Nom de domaine redevance mensuel - Abonnement Annuel</p>', 1, '', 1, 2.99, NULL, 2.99, 47, 2, 0, NULL, 20, 23, 0),
(848, '0000-00-00 00:00:00', '0000-00-00 00:00:00', NULL, NULL, 402, 'Mise en service', NULL, NULL, NULL, 1, NULL, NULL, NULL, NULL, 5, 1, NULL, NULL, NULL, 0),
(849, '0000-00-00 00:00:00', '2025-06-25 09:33:50', NULL, 84, 402, 'Domaine Web - Frais de mise en service', '<p>Gestion administrative et technique nécessaire à la mise en service du domaine</p>', 1, '', 1, 9.99, 0, 9.99, 48, 8, 0, 0, 20, 23, 0),
(850, '0000-00-00 00:00:00', '0000-00-00 00:00:00', NULL, NULL, 402, 'Sous-total Mise en service', NULL, NULL, NULL, 1, NULL, NULL, 29.98, NULL, 9, 2, NULL, NULL, NULL, 0),
(852, '0000-00-00 00:00:00', '2025-06-25 12:17:51', NULL, 84, 402, 'Frais de nettoyage - Fumier de chez Biff', '<p>Gestion administrative et technique</p>', 1, '', 1, 19.99, 0, 19.99, 46, 6, 0, 0, 20, 23, 0),
(853, '0000-00-00 00:00:00', '0000-00-00 00:00:00', NULL, NULL, 402, 'Exchange Online (Plan 1) - Redevance mensuel - Abonnement Annuel', '', 1, '', 1, 3.89, NULL, 3.89, 45, 3, 0, NULL, 20, 23, 0),
(855, '0000-00-00 00:00:00', '2025-07-28 14:26:49', NULL, 84, 403, 'Antenne de Foudre pour Clocher', '', 0, '', 1, 239.9, 0, 239.9, 49, 2, 0, 0, 20, 23, 0),
(856, '0000-00-00 00:00:00', '2025-07-28 14:26:06', NULL, 84, 403, 'Frais installation', '<p>Forfait Conversion de Vol (Hover Conversion) en vos locaux&nbsp;</p>', 1, '', 1, 199, 10, 179.1, 27, 1, 0, 0, 20, 23, 0),
(863, '2025-09-26 14:58:52', '2025-10-07 13:51:22', 84, 84, 405, 'Hydrateur de Pizza Black & Decker', '', 0, '', 5, 199.9, 9, 909.55, 68, 1, 0, 135, 20, 31, 0),
(864, '2025-09-26 16:00:11', '2025-09-27 13:33:17', 84, 84, 405, 'Installation / Configuration', '<p>Forfait Conversion de Vol (Hover Conversion) en vos locaux</p>', 1, '', 1, 599, 14, 515.14, 27, 1, 0, NULL, 20, 31, 0),
(865, '2025-09-26 17:21:08', '2025-09-26 18:00:38', 84, 84, 405, 'Abonnement', NULL, NULL, NULL, 1, NULL, NULL, NULL, NULL, 3, 1, NULL, NULL, NULL, 0),
(866, '2025-09-26 17:23:40', '2025-09-26 18:00:38', 84, 84, 405, 'See & Up', '<p>Supervision et mise à jour de votre équipements.</p><p>Abonnement 12 mois&nbsp;</p>', 1, '', 12, 19.9, NULL, 238.8, 69, 4, 0, NULL, 20, 31, 0),
(867, '2025-09-26 17:23:40', '2025-09-26 18:00:38', 84, 84, 405, 'Sous-total Abonnement', NULL, NULL, NULL, 1, NULL, NULL, 238.8, NULL, 6, 2, NULL, NULL, NULL, 0),
(869, '2025-10-03 09:20:59', '2025-10-14 09:12:56', 84, 84, 406, 'Condensateur de Flux (Flux Capacitor)', '<p>Conception de charnière à 180 degrés - Intel Core Ultra 5 - 225U / jusqu\'à 4.8 GHz - Win 11 Pro - Intel Graphics - 16 Go RAM - 512 Go SSD NVMe - 14\" IPS 1920 x 1200 - Gigabit Ethernet - Wi-Fi 6E, Bluetooth - gris arctique - clavier : Français - avec 2 ans de support Lenovo Depot</p>', 0, '', 1, 790.84, NULL, 790.84, 70, 1, 0, 711, 20, 31, 0),
(870, '2025-10-03 09:21:26', '2025-10-14 09:12:56', 84, 84, 406, 'Forfait Conversion de Vol (Hover Conversion)', '<p><strong>Mise en service complète :</strong> Déballage, initialisation et connexion réseau.<br><strong>Installation et optimisation :</strong> Installation de l\'OS, des pilotes, des mises à jour système et de l\'antivirus.<br><strong>Transfert de données sécurisé :</strong> Migration de l\'intégralité des documents, photos, et autres fichiers de l\'ancien PC.<br><strong>Installation des logiciels :</strong> Installation et configuration des applications essentielles et de la messagerie.<br><strong>Paramétrage des périphériques :</strong> Raccordement et configuration de votre imprimante, scanner, etc.</p>', 1, '', 1, 249, 20, 199.2, 27, 4, 0, NULL, 20, 31, 0),
(872, '2025-10-06 07:47:33', '2025-10-14 09:12:56', 84, 84, 406, 'Frais de port', '', 1, '', 1, 29.99, 100, NULL, 64, 5, 0, NULL, 20, 31, 0),
(874, '2025-10-06 07:52:28', '2025-10-14 09:12:56', 84, 84, 406, 'Protocole "Sirène de Police 2015"', '<p>Protection efficace contre les virus, les malwares et les ransomwares, plusieurs fois primée</p><p>Abonnement 12 mois - 1 Poste</p>', 1, '', 12, 3.99, NULL, 47.88, 72, 6, 0, 0.75, 20, 31, 0),
(877, '2025-10-08 15:00:11', '2025-10-13 14:38:56', 84, 84, 407, 'Nom de domain.com .fr.org  - Redevance annuelle Abonnement Annuel', '<p>horizongestion.fr<br><span style=\"background-color:rgb(255,255,255);color:rgb(32,32,32);\">horizondemo.eu</span></p>', 1, '', 2, 29.99, 10, 53.98, 61, 2, 0, 7.49, 20, 31, 0),
(878, '2025-10-08 15:05:15', '2025-10-13 14:32:06', 84, 84, 407, 'Archive "Mémoire de George" - frais de mise en service', '', 1, '', 2, 9.99, NULL, 19.98, 73, 9, 0, NULL, 20, 31, 0),
(879, '2025-10-08 15:06:19', '2025-10-13 14:32:06', 84, 84, 407, 'Forfait Conversion de Vol (Hover Conversion)', '<p>Gestion administrative et technique du transfert &nbsp;de votre tenant Microsoft 365</p><p>&nbsp;</p>', 1, '', 1, 199, 50, 99.5, 27, 8, 0, NULL, 20, 31, 0),
(880, '2025-10-08 15:09:57', '2025-10-13 14:32:06', 84, 84, 407, 'Abonnement', NULL, NULL, NULL, 1, NULL, NULL, NULL, NULL, 1, 1, NULL, NULL, NULL, 0),
(882, '2025-10-08 15:09:57', '2025-10-13 14:32:06', 84, 84, 407, 'Sous-total Abonnement', NULL, NULL, NULL, 1, NULL, NULL, 323.88, NULL, 6, 2, NULL, NULL, NULL, 0),
(883, '2025-10-08 15:09:57', '2025-10-13 14:32:06', 84, 84, 407, 'Mise en service', NULL, NULL, NULL, 1, NULL, NULL, NULL, NULL, 7, 1, NULL, NULL, NULL, 0),
(885, '2025-10-08 15:09:57', '2025-10-13 14:32:06', 84, 84, 407, 'Sous-total Mise en service', NULL, NULL, NULL, 1, NULL, NULL, 119.48, NULL, 10, 2, NULL, NULL, NULL, 0),
(887, '2025-10-13 13:19:23', '2025-10-13 14:39:09', 84, 84, 407, 'Forfait "Enchantement de la Mer - Redevance Annuelle - Abonnement Annuel', '', 1, NULL, 1, 81.72, NULL, 81.72, 75, 2, 0, 61.44, 20, 31, 0),
(888, '2025-10-13 13:20:30', '2025-10-13 14:39:05', 84, 84, 407, 'Consultation "Lait-Fraise au Chocolat" - Redevance Annuelle - Abonnement Annuel', '', 1, NULL, 1, 54, NULL, 54, 74, 2, 0, 40.56, 20, 31, 0),
(889, '2025-10-13 14:32:06', '2025-10-13 14:40:55', 84, 84, 407, 'Sauvegarde 365 Exchange Online (Plan 1) et Basic- Redevance Annuelle - Abonnement Annuel', '<p>Sauvegarde quotidienne 1 compte - conservation 30 jours. Protège les données OneDrive, SharePoint, Teams, Outlook Mail, Contacts et Calendrier de votre organisation Microsoft 365.&nbsp;</p>', 1, NULL, 2, 67.09, NULL, 134.18, 76, 2, 0, 8.04, 20, 31, 0),
(890, '2025-10-13 15:55:54', '2025-10-14 13:21:31', 84, 84, 409, 'Abonnement', NULL, NULL, NULL, 1, NULL, NULL, NULL, NULL, 1, 1, NULL, NULL, NULL, 0),
(892, '2025-10-13 15:55:54', '2025-10-14 13:21:31', 84, 84, 409, 'Sous-total Abonnement', NULL, NULL, NULL, 1, NULL, NULL, 91.39, NULL, 5, 2, NULL, NULL, NULL, 0),
(893, '2025-10-13 16:18:58', '2025-10-14 13:23:38', 84, 84, 409, 'Assistance "Standardiste de Hill Valley"', '', 0, NULL, 1, 99.99, 10, 89.99, 77, 7, 0, 29, 20, 31, 0),
(896, '2025-10-13 17:09:39', '2025-10-14 13:21:31', 84, 84, 409, 'Mise en service', NULL, NULL, NULL, 1, NULL, NULL, NULL, NULL, 6, 1, NULL, NULL, NULL, 0),
(897, '2025-10-13 17:09:56', '2025-10-14 13:21:32', 84, 84, 409, 'Sous-total - Mise en service', NULL, NULL, NULL, 1, NULL, NULL, 448.98, NULL, 12, 2, NULL, NULL, NULL, 0),
(898, '2025-10-13 17:40:38', '2025-10-15 16:17:51', 84, 84, 409, 'Plaque d\'Immatriculation Chrono-Codes (OUTATIME)', '<ul><li>Devis &amp; factures personnalisables</li><li>Gestion des articles &amp; clients</li><li>Tableaux de bord, rapports des ventes</li><li>Encours, échéancier, relances clients</li></ul><p>&nbsp;</p>', 1, NULL, 1, 29.9, 5, 28.41, 80, 2, 0, 18, 20, 31, 0),
(899, '2025-10-13 17:40:38', '2025-10-14 13:21:32', 84, 84, 409, 'Walkman "Danger Zone"', '<ul><li>Gestion Administrative&nbsp;</li><li>Installation / Configuration du produit</li></ul>', 1, NULL, 1, 499, 50, 249.5, 81, 8, 0, NULL, 20, 31, 0),
(900, '2025-10-13 17:44:24', '2025-10-14 13:21:31', 84, 84, 409, 'Nom de domain.com .fr.org - Paiement mensuel - Engagement annuel', '<p>Nom de domaine redevance mensuel - Abonnement Annuel</p>', 1, NULL, 1, 2.99, NULL, 2.99, 47, 4, 0, 1.8, 20, 31, 0),
(901, '2025-10-13 17:44:24', '2025-10-14 13:21:32', 84, 84, 409, 'Installation d\'un Générateur de Fusion Mr. Fusion', '<p>Gestion administrative et technique nécessaire à la mise en service du domaine</p>', 1, NULL, 1, 9.99, NULL, 9.99, 48, 11, 0, NULL, 20, 31, 0),
(902, '2025-10-13 17:45:52', '2025-10-14 13:21:32', 84, 84, 409, 'Forfait Conversion de Vol (Hover Conversion)', '<p>Gestion administrative et technique du transfert &nbsp;de votre tenant Microsoft 365</p>', 1, NULL, 1, 199, 50, 99.5, 27, 9, 0, NULL, 20, 31, 0),
(903, '2025-10-14 09:12:56', NULL, 84, NULL, 406, 'Assistance "Standardiste de Hill Valley"', '', 0, NULL, 1, 249, 15, 211.65, 77, 3, 0, 29, 20, 31, 0),
(904, '2025-10-14 13:20:25', '2025-10-15 16:07:19', 84, 84, 409, 'Caméscope JVC GR-C1', '<p>Ce compte comprend :</p><ul><li>SK Drive avec 100Go / Utilisateur</li><li>Boite email 50 Go&nbsp;</li><li>Antispam standard</li><li>Antivirus</li><li>Only Office Online</li><li>Support Illimité PC</li></ul>', 1, NULL, 1, 59.99, NULL, 59.99, 82, 2, 0, 45.96, 20, 31, 0),
(905, '2025-10-14 13:21:31', '2025-10-14 13:21:43', 84, 84, 409, 'Sonde de Sommeil (Alpha-Rhythm Generator)', '', 1, NULL, 1, 59.99, 100, NULL, 83, 10, 0, 42.26, 20, 31, 0),
(908, '2025-10-20 07:13:38', '2025-10-20 08:15:16', 84, 84, 410, 'Assistance "Standardiste de Hill Valley"', '', 0, NULL, 1, 99.99, NULL, 99.99, 77, 8, 0, 29, 20, 31, 0),
(915, '2025-10-20 07:13:38', '2025-10-20 16:50:24', 84, 84, 410, 'Forfait Conversion de Vol (Hover Conversion)', '', 1, NULL, 1, 99, 50, 49.5, 27, 1, 0, NULL, 20, 31, 0),
(925, '2025-10-22 14:27:12', '2025-10-22 14:27:49', 84, 84, 411, 'Radio-CASSETTE AIWA (MODÈLE MARTY)', '<p>Networks UniFi Cloud Key Gen2 serveur de surveillance de réseau Gigabit Ethernet</p>', 0, NULL, 1, 179.9, NULL, 179.9, 84, 1, 0, 125.82, 20, 31, 0),
(927, '2025-10-22 14:27:23', NULL, 84, NULL, 411, 'Frais de port', '', 1, NULL, 1, 29, 100, NULL, 64, 4, 0, NULL, 20, 31, 0),
(928, '2025-10-24 08:56:13', '2025-10-24 09:19:22', 84, 84, 412, 'Abonnement', NULL, NULL, NULL, 1, NULL, NULL, NULL, NULL, 1, 1, NULL, NULL, NULL, 0),
(929, '2025-10-24 08:56:13', '2025-10-24 09:19:22', 84, 84, 412, 'Sous-total Abonnement', NULL, NULL, NULL, 1, NULL, NULL, 56.99, NULL, 4, 2, NULL, NULL, NULL, 0),
(931, '2025-10-24 08:56:13', '2025-10-24 09:19:22', 84, 84, 412, 'Mise en service', NULL, NULL, NULL, 1, NULL, NULL, NULL, NULL, 5, 1, NULL, NULL, NULL, 0),
(932, '2025-10-24 08:56:13', '2025-10-24 09:19:22', 84, 84, 412, 'Sous-total - Mise en service', NULL, NULL, NULL, 1, NULL, NULL, 99.5, NULL, 7, 2, NULL, NULL, NULL, 0),
(935, '2025-10-24 08:56:13', '2025-10-24 09:19:22', 84, 84, 412, 'Nom de domain.com .fr.org - Paiement mensuel - Engagement annuel', '<p>Nom de domaine redevance mensuel - Abonnement Annuel</p>', 1, NULL, 1, 2.99, NULL, 2.99, 47, 2, 0, 1.8, 20, 31, 0),
(937, '2025-10-24 08:56:13', '2025-10-24 09:19:22', 84, 84, 412, 'Forfait Conversion de Vol (Hover Conversion)', '<p>Gestion administrative et technique du transfert &nbsp;de votre tenant Microsoft 365</p>', 1, NULL, 1, 199, 50, 99.5, 27, 6, 0, NULL, 20, 31, 0),
(944, '2025-10-24 09:19:22', NULL, 84, NULL, 412, 'Consultation "Lait-Fraise au Chocolat" - Paiement Annuel - Engagement Annuel', '', 1, NULL, 1, 54, NULL, 54, 74, 3, 0, 40.56, 20, 31, 0),
(945, '2025-10-24 09:21:13', NULL, 84, NULL, 413, 'Abonnement', NULL, NULL, NULL, 1, NULL, NULL, NULL, NULL, 1, 1, NULL, NULL, NULL, 0),
(946, '2025-10-24 09:21:13', NULL, 84, NULL, 413, 'Sous-total Abonnement', NULL, NULL, NULL, 1, NULL, NULL, 488.99, NULL, 4, 2, NULL, NULL, NULL, 0),
(947, '2025-10-24 09:21:13', NULL, 84, NULL, 413, 'Mise en service', NULL, NULL, NULL, 1, NULL, NULL, NULL, NULL, 5, 1, NULL, NULL, NULL, 0),
(948, '2025-10-24 09:21:13', NULL, 84, NULL, 413, 'Sous-total - Mise en service', NULL, NULL, NULL, 1, NULL, NULL, 99.5, NULL, 7, 2, NULL, NULL, NULL, 0),
(949, '2025-10-24 09:21:13', NULL, 84, NULL, 413, 'Nom de domain.com .fr.org - Paiement mensuel - Engagement annuel', '<p>Nom de domaine redevance mensuel - Abonnement Annuel</p>', 1, NULL, 1, 2.99, NULL, 2.99, 47, 2, 0, 1.8, 20, 31, 0),
(950, '2025-10-24 09:21:13', NULL, 84, NULL, 413, 'Forfait Conversion de Vol (Hover Conversion)', '<p>Gestion administrative et technique du transfert &nbsp;de votre tenant Microsoft 365</p>', 1, NULL, 1, 199, 50, 99.5, 27, 6, 0, NULL, 20, 31, 0),
(951, '2025-10-24 09:21:13', '2025-10-24 09:21:33', 84, 84, 413, 'Consultation "Lait-Fraise au Chocolat" - Paiement Annuel - Engagement Annuel', '', 1, NULL, 9, 54, NULL, 486, 74, 2, 0, 40.56, 20, 31, 0),
(961, '2025-10-27 08:23:09', '2025-10-27 08:40:10', 84, 84, 415, 'Abonnement', NULL, NULL, NULL, 1, NULL, NULL, NULL, NULL, 1, 1, NULL, NULL, NULL, 0),
(962, '2025-10-27 08:23:09', '2025-10-27 08:40:10', 84, 84, 415, 'Service de Recyclage "Goldie Wilson" - Paiement mensuel - Engagement annuel', '<p>&nbsp;1 compte utilisateur comprenant :</p><ul><li>SK Drive avec 100Go / Utilisateur</li><li>Boite email 50 Go</li><li>Antispam standard</li><li>Only Office Online</li></ul>', 1, NULL, 7, 39.99, NULL, 279.93, 78, 2, 0, 26.39, 20, 31, 0),
(963, '2025-10-27 08:23:09', '2025-10-27 08:40:10', 84, 84, 415, 'Sous-total Abonnement', NULL, NULL, NULL, 1, NULL, NULL, 289.92, NULL, 4, 2, NULL, NULL, NULL, 0),
(964, '2025-10-27 08:39:12', '2025-10-27 08:40:10', 84, 84, 415, ' SkDrive Team Storage  100 Go', '', 1, NULL, 1, 9.99, NULL, 9.99, 85, 3, 0, 8.91, 20, 31, 0),
(965, '2025-10-27 08:40:10', '2025-10-27 08:41:14', 84, 84, 415, 'Service de Recyclage "Goldie Wilson" - Mise en service', '', 1, NULL, 7, 39.99, 100, NULL, 79, 5, 0, NULL, 20, 31, 0),
(966, '2025-10-27 08:46:34', '2025-10-27 08:55:41', 84, 84, 416, 'Abonnement', NULL, NULL, NULL, 1, NULL, NULL, NULL, NULL, 1, 1, NULL, NULL, NULL, 0),
(967, '2025-10-27 08:46:34', '2025-10-27 08:55:41', 84, 84, 416, 'Caméscope JVC GR-C1', '<p>1 compte</p><ul><li>SK Drive avec 100Go / Utilisateur</li><li>Boite email 50 Go&nbsp;</li><li>Antispam standard</li><li>Antivirus</li><li>Only Office Online</li><li>Support Illimité PC</li></ul>', 1, NULL, 7, 59.99, 15, 356.94, 82, 2, 0, 45.96, 20, 31, 0),
(968, '2025-10-27 08:46:34', '2025-10-27 08:55:41', 84, 84, 416, 'Sous-total Abonnement', NULL, NULL, NULL, 1, NULL, NULL, 366.93, NULL, 4, 2, NULL, NULL, NULL, 0),
(969, '2025-10-27 08:46:34', '2025-10-27 08:55:41', 84, 84, 416, ' SkDrive Team Storage  100 Go', '', 1, NULL, 1, 9.99, NULL, 9.99, 85, 3, 0, 8.91, 20, 31, 0),
(970, '2025-10-27 08:46:34', '2025-10-27 08:55:41', 84, 84, 416, 'Sonde de Sommeil (Alpha-Rhythm Generator)', '', 1, NULL, 7, 59.99, 50, 209.97, 83, 6, 0, NULL, 20, 31, 0),
(973, '2025-10-27 08:47:33', '2025-10-27 08:55:41', 84, 84, 416, 'Assistance "Standardiste de Hill Valley"', '', 0, NULL, 7, 89.9, NULL, 629.3, 77, 9, 0, 29, 20, 31, 0),
(974, '2025-10-27 08:48:07', '2025-10-27 08:55:41', 84, 84, 416, 'Mise en service', NULL, NULL, NULL, 1, NULL, NULL, NULL, NULL, 5, 1, NULL, NULL, NULL, 0),
(975, '2025-10-27 08:48:19', '2025-10-27 08:55:41', 84, 84, 416, 'Sous-total - Mise en service', NULL, NULL, NULL, 1, NULL, NULL, 209.97, NULL, 7, 2, NULL, NULL, NULL, 0),
(976, '2025-10-27 08:55:41', NULL, 84, NULL, 416, 'Options', NULL, NULL, NULL, 1, NULL, NULL, NULL, NULL, 8, 1, NULL, NULL, NULL, 0),
(977, '2025-11-04 08:10:48', NULL, 84, NULL, 417, 'Abonnement', NULL, NULL, NULL, 1, NULL, NULL, NULL, NULL, 1, 1, NULL, NULL, NULL, 0),
(978, '2025-11-04 08:10:48', NULL, 84, NULL, 417, 'Sous-total Abonnement', NULL, NULL, NULL, 1, NULL, NULL, 62.98, NULL, 4, 2, NULL, NULL, NULL, 0),
(979, '2025-11-04 08:10:48', '2025-11-04 08:13:52', 84, 84, 417, 'Assistance "Standardiste de Hill Valley"', '', 0, NULL, 1, 99.99, 10, 89.99, 77, 7, 0, 29, 20, 31, 0),
(980, '2025-11-04 08:10:48', NULL, 84, NULL, 417, 'Mise en service', NULL, NULL, NULL, 1, NULL, NULL, NULL, NULL, 5, 1, NULL, NULL, NULL, 0),
(981, '2025-11-04 08:10:48', NULL, 84, NULL, 417, 'Sous-total - Mise en service', NULL, NULL, NULL, 1, NULL, NULL, 159.97, NULL, 9, 2, NULL, NULL, NULL, 0),
(984, '2025-11-04 08:10:48', NULL, 84, NULL, 417, 'Nom de domain.com .fr.org - Paiement mensuel - Engagement annuel', '<p>Nom de domaine redevance mensuel - Abonnement Annuel</p>', 1, NULL, 1, 2.99, NULL, 2.99, 47, 3, 0, 1.8, 20, 31, 0),
(985, '2025-11-04 08:10:48', NULL, 84, NULL, 417, 'Installation d\'un Générateur de Fusion Mr. Fusion', '<p>Gestion administrative et technique nécessaire à la mise en service du domaine</p>', 1, NULL, 1, 9.99, NULL, 9.99, 48, 8, 0, NULL, 20, 31, 0),
(987, '2025-11-04 08:10:48', '2025-11-04 08:11:14', 84, 84, 417, 'Caméscope JVC GR-C1', '<p>Ce compte comprend :</p><ul><li>SK Drive avec 100Go / Utilisateur</li><li>Boite email 50 Go&nbsp;</li><li>Antispam standard</li><li>Antivirus</li><li>Only Office Online</li><li>Support Illimité PC</li></ul>', 1, NULL, 1, 59.99, NULL, 59.99, 82, 2, 0, 45.96, 20, 31, 0),
(988, '2025-11-04 08:10:48', '2025-11-04 08:12:30', 84, 84, 417, 'Sonde de Sommeil (Alpha-Rhythm Generator)', '', 1, NULL, 1, 59.99, NULL, 59.99, 83, 6, 0, 42.26, 20, 31, 0),
(992, '2025-11-04 08:44:17', '2025-11-04 09:04:38', 84, 84, 418, 'Conception & Mise en Service de votre site internet', '<p><strong>Conception &amp; Développement (LiteSpeed/Responsive) :</strong>&nbsp;</p><ul><li>Développement sous <strong>WordPress</strong>, CMS leader mondial, offrant autonomie et évolutivité.</li><li>Création du site vitrine professionnel (max. 10 pages : Accueil, Menu, Galerie, Contact, Infos pratiques, Mentions Légales, etc.),&nbsp;</li><li>Design Responsive optimisé (adapté aux mobiles, tablettes et ordinateurs)</li><li>Optimisation des performances et compatibilité <strong>LiteSpeed</strong> pour des temps de chargement ultra-rapides.</li></ul><p><strong>Contenu Visuel Professionnel :</strong>&nbsp;</p><ul><li><strong>Shooting photo sur site</strong> (½ journée) incluant plats signature, ambiance de la salle, et portraits d\'équipe.&nbsp;</li><li>Rédaction et Intégration des <strong>contenus </strong>: textes, carte/menu dynamique, horaires, contacts, mentions légales.</li></ul><p><strong>Optimisation SEO initiale :</strong></p><ul><li>Recherche de <strong>mots-clés locaux</strong> pertinents (ville, spécialités, type de cuisine)</li><li>Rédaction des <strong>balises titre, méta-description et attributs ALT</strong></li><li>Structuration sémantique (balises Hn, URL propres)</li><li><strong>Maillage interne</strong> et optimisation des images</li><li>Connexion au <strong>Google Business Profile</strong> et à <strong>Google Search Console</strong></li></ul><p><strong>Mise en Service :</strong> Installation sur l\'hébergement, configuration du Nom de Domaine, tests finaux et mise en ligne.&nbsp;</p><p>&nbsp;</p>', 1, NULL, 1, 3590, 20, 2872, 86, 1, 0, NULL, 20, 31, 0),
(993, '2025-11-04 08:44:28', '2025-11-04 09:04:38', 84, 84, 418, 'Abonnement', NULL, NULL, NULL, 1, NULL, NULL, NULL, NULL, 2, 1, NULL, NULL, NULL, 0),
(995, '2025-11-04 08:44:28', '2025-11-04 09:04:38', 84, 84, 418, 'Sous-total Abonnement', NULL, NULL, NULL, 1, NULL, NULL, 69, NULL, 4, 2, NULL, NULL, NULL, 0),
(996, '2025-11-04 09:04:38', '2025-11-04 09:05:16', 84, 84, 418, 'Hébergement, Maintenance & SEO Formule Essentielle- Paiement mensuel - Engagement annuel', '<p><strong>Hébergement professionnel LiteSpeed</strong> sur serveur haute performance, incluant certificat SSL, sauvegardes automatiques quotidiennes et supervision 24/7.</p><p><strong>Maintenance technique WordPress</strong> : mises à jour du CMS, des extensions et du thème, surveillance de la sécurité, corrections mineures et contrôle de compatibilité.</p><p><strong>Assistance technique prioritaire</strong> : support par e-mail ou téléphone sous 48h ouvrées pour tout incident ou besoin de mise à jour mineure.</p><p>L’abonnement garantit la stabilité, la performance et la visibilité du site sur le long terme.<br>Engagement minimum : 12 mois, renouvelable tacitement. Résiliation possible à l’échéance avec préavis de 30 jours.</p>', 1, NULL, 1, 69, NULL, 69, 88, 2, 0, NULL, 20, 31, 0),
(997, '2025-11-04 09:05:47', NULL, 84, NULL, 419, 'Conception & Mise en Service de votre site internet', '<p><strong>Conception &amp; Développement (LiteSpeed/Responsive) :</strong>&nbsp;</p><ul><li>Développement sous <strong>WordPress</strong>, CMS leader mondial, offrant autonomie et évolutivité.</li><li>Création du site vitrine professionnel (max. 10 pages : Accueil, Menu, Galerie, Contact, Infos pratiques, Mentions Légales, etc.),&nbsp;</li><li>Design Responsive optimisé (adapté aux mobiles, tablettes et ordinateurs)</li><li>Optimisation des performances et compatibilité <strong>LiteSpeed</strong> pour des temps de chargement ultra-rapides.</li></ul><p><strong>Contenu Visuel Professionnel :</strong>&nbsp;</p><ul><li><strong>Shooting photo sur site</strong> (½ journée) incluant plats signature, ambiance de la salle, et portraits d\'équipe.&nbsp;</li><li>Rédaction et Intégration des <strong>contenus </strong>: textes, carte/menu dynamique, horaires, contacts, mentions légales.</li></ul><p><strong>Optimisation SEO initiale :</strong></p><ul><li>Recherche de <strong>mots-clés locaux</strong> pertinents (ville, spécialités, type de cuisine)</li><li>Rédaction des <strong>balises titre, méta-description et attributs ALT</strong></li><li>Structuration sémantique (balises Hn, URL propres)</li><li><strong>Maillage interne</strong> et optimisation des images</li><li>Connexion au <strong>Google Business Profile</strong> et à <strong>Google Search Console</strong></li></ul><p><strong>Mise en Service :</strong> Installation sur l\'hébergement, configuration du Nom de Domaine, tests finaux et mise en ligne.&nbsp;</p><p>&nbsp;</p>', 1, NULL, 1, 3590, 20, 2872, 86, 1, 0, NULL, 20, 31, 0),
(998, '2025-11-04 09:05:47', NULL, 84, NULL, 419, 'Abonnement', NULL, NULL, NULL, 1, NULL, NULL, NULL, NULL, 2, 1, NULL, NULL, NULL, 0),
(999, '2025-11-04 09:05:47', NULL, 84, NULL, 419, 'Sous-total Abonnement', NULL, NULL, NULL, 1, NULL, NULL, 119, NULL, 4, 2, NULL, NULL, NULL, 0),
(1000, '2025-11-04 09:05:47', '2025-11-04 09:06:20', 84, 84, 419, 'Hébergement, Maintenance & SEO Formule Avancée - Paiement mensuel - Engagement annuel', '<p><strong>Hébergement professionnel LiteSpeed</strong> sur serveur haute performance, incluant certificat SSL, sauvegardes automatiques quotidiennes et supervision 24/7.</p><p><strong>Maintenance technique WordPress</strong> : mises à jour du CMS, des extensions et du thème, surveillance de la sécurité, corrections mineures et contrôle de compatibilité.</p><p><strong>Assistance technique prioritaire</strong> : support par e-mail ou téléphone sous 48h ouvrées pour tout incident ou besoin de mise à jour mineure.</p><p><strong>Optimisation SEO continue</strong> : suivi des performances de positionnement local, ajustement des balises, optimisation de la vitesse, mise à jour des contenus clés et maintien du référencement Google Business Profile.</p><p><strong>Sauvegardes </strong>quotidiennes avec rétention 30 jours</p><p>L’abonnement garantit la stabilité, la performance et la visibilité du site sur le long terme.<br>Engagement minimum : 12 mois, renouvelable tacitement. Résiliation possible à l’échéance avec préavis de 30 jours.</p>', 1, NULL, 1, 119, NULL, 119, 87, 2, 0, NULL, 20, 31, 0),
(1004, '2025-11-04 09:06:45', NULL, 84, NULL, 420, 'Conception & Mise en Service de votre site internet', '<p><strong>Conception &amp; Développement (LiteSpeed/Responsive) :</strong>&nbsp;</p><ul><li>Développement sous <strong>WordPress</strong>, CMS leader mondial, offrant autonomie et évolutivité.</li><li>Création du site vitrine professionnel (max. 10 pages : Accueil, Menu, Galerie, Contact, Infos pratiques, Mentions Légales, etc.),&nbsp;</li><li>Design Responsive optimisé (adapté aux mobiles, tablettes et ordinateurs)</li><li>Optimisation des performances et compatibilité <strong>LiteSpeed</strong> pour des temps de chargement ultra-rapides.</li></ul><p><strong>Contenu Visuel Professionnel :</strong>&nbsp;</p><ul><li><strong>Shooting photo sur site</strong> (½ journée) incluant plats signature, ambiance de la salle, et portraits d\'équipe.&nbsp;</li><li>Rédaction et Intégration des <strong>contenus </strong>: textes, carte/menu dynamique, horaires, contacts, mentions légales.</li></ul><p><strong>Optimisation SEO initiale :</strong></p><ul><li>Recherche de <strong>mots-clés locaux</strong> pertinents (ville, spécialités, type de cuisine)</li><li>Rédaction des <strong>balises titre, méta-description et attributs ALT</strong></li><li>Structuration sémantique (balises Hn, URL propres)</li><li><strong>Maillage interne</strong> et optimisation des images</li><li>Connexion au <strong>Google Business Profile</strong> et à <strong>Google Search Console</strong></li></ul><p><strong>Mise en Service :</strong> Installation sur l\'hébergement, configuration du Nom de Domaine, tests finaux et mise en ligne.&nbsp;</p><p>&nbsp;</p>', 1, NULL, 1, 3590, 20, 2872, 86, 1, 0, NULL, 20, 31, 0),
(1005, '2025-11-04 09:06:45', NULL, 84, NULL, 420, 'Abonnement', NULL, NULL, NULL, 1, NULL, NULL, NULL, NULL, 2, 1, NULL, NULL, NULL, 0),
(1006, '2025-11-04 09:06:45', NULL, 84, NULL, 420, 'Sous-total Abonnement', NULL, NULL, NULL, 1, NULL, NULL, 179, NULL, 4, 2, NULL, NULL, NULL, 0),
(1007, '2025-11-04 09:06:45', '2025-11-04 09:06:57', 84, 84, 420, 'Hébergement, Maintenance & SEO Formule Premium- Paiement mensuel - Engagement annuel-copy', '<p><strong>Hébergement professionnel LiteSpeed</strong> sur serveur haute performance, incluant certificat SSL, sauvegardes automatiques quotidiennes et supervision 24/7.</p><p><strong>Maintenance technique WordPress</strong> : mises à jour du CMS, des extensions et du thème, surveillance de la sécurité, corrections mineures et contrôle de compatibilité.</p><p><strong>Assistance technique prioritaire</strong> : support par e-mail ou téléphone sous 24h ouvrées pour tout incident ou besoin de mise à jour mineure.</p><p><strong>Optimisation SEO continue</strong> : suivi des performances de positionnement local, ajustement des balises, optimisation de la vitesse, mise à jour des contenus clés et maintien du référencement Google Business Profile.</p><p><strong>Sauvegardes </strong>quotidiennes avec rétention 30 jours</p><p><strong>SEO éditorial mensuel</strong> : optimisation de 1 à 2 pages ou actualités / articles pour booster le référencement</p><p><strong>Reporting trimestriel</strong> : performance, sécurité, référencement</p><p>L’abonnement garantit la stabilité, la performance et la visibilité du site sur le long terme.<br>Engagement minimum : 12 mois, renouvelable tacitement. Résiliation possible à l’échéance avec préavis de 30 jours.</p>', 1, NULL, 1, 179, NULL, 179, 90, 2, 0, NULL, 20, 31, 0),
(1011, '2025-11-04 09:34:22', '2025-11-04 09:35:37', 84, 84, 421, 'Abonnement', NULL, NULL, NULL, 1, NULL, NULL, NULL, NULL, 1, 1, NULL, NULL, NULL, 0),
(1012, '2025-11-04 09:34:22', '2026-02-08 15:32:30', 84, 84, 421, 'Consultation "Lait-Fraise au Chocolat" - Paiement Annuel - Engagement Annuel', NULL, 0, NULL, 3, 54, NULL, 162, 74, 2, 0, 40.56, 20, 31, 1),
(1013, '2025-11-04 09:34:22', '2026-02-08 15:32:36', 84, 84, 421, 'Sous-total Abonnement', NULL, NULL, NULL, 1, NULL, NULL, 196.99, NULL, 4, 2, NULL, NULL, NULL, 0),
(1014, '2025-11-04 09:35:23', '2025-11-04 09:35:37', 84, 84, 421, 'Forfait Conversion de Vol (Hover Conversion)', '<p><span style=\"background-color:rgba(0,0,0,0.075);color:rgb(33,37,41);\">Gestion administrative et technique du transfert &nbsp;de votre tenant Microsoft 365</span></p>', 1, NULL, 1, 199, 50, 99.5, 27, 5, 0, NULL, 20, 31, 0),
(1015, '2025-11-04 09:35:37', '2026-02-08 15:32:36', 84, 84, 421, 'Talkie-Walkie Vintage (Modèle Doc)', NULL, 0, NULL, 1, 34.99, NULL, 34.99, 61, 3, 0, 7.49, 20, 31, 1),
(1023, '2025-11-04 09:38:11', '2025-11-04 09:39:50', 84, 84, 422, 'Abonnement', NULL, NULL, NULL, 1, NULL, NULL, NULL, NULL, 1, 1, NULL, NULL, NULL, 0),
(1024, '2025-11-04 09:38:11', '2025-11-04 09:39:50', 84, 84, 422, 'Appareil Photo Pocket Instamatic', '<p>Sauvegarde quotidienne 1 compte - conservation 30 jours. Protège les données OneDrive, SharePoint, Teams, Outlook Mail, Contacts et Calendrier de votre organisation Microsoft 365.&nbsp;</p>', 1, NULL, 3, 67.09, NULL, 201.27, 76, 2, 0, 8.04, 20, 31, 0),
(1025, '2025-11-04 09:38:11', '2025-11-04 09:39:50', 84, 84, 422, 'Sous-total Abonnement', NULL, NULL, NULL, 1, NULL, NULL, 216.27, NULL, 3, 2, NULL, NULL, NULL, 0),
(1026, '2025-11-04 09:39:50', '2025-11-04 09:40:05', 84, 84, 422, 'Sauvegarde 365 Exchange Online (Plan 1) et Basic - Mise en service', '', 1, NULL, 3, 9.99, 50, 14.99, 91, 1, 0, 8.04, 20, 31, 0),
(1027, '2025-11-17 11:54:00', '2025-11-17 11:56:46', 84, 84, 423, 'Abonnement', NULL, NULL, NULL, 1, NULL, NULL, NULL, NULL, 1, 1, NULL, NULL, NULL, 0),
(1028, '2025-11-17 11:54:00', '2026-02-08 15:56:16', 84, 84, 423, 'Batte de Baseball "Slugging" - Paiement mensuel - Engagement mensuel', '<p>Offres data-only Bouygues 5G jusqu\'a 10Go/mois</p>', 0, NULL, 1, 22.99, NULL, 22.99, 94, 2, 0, 11, 20, 31, 1),
(1029, '2025-11-17 11:54:00', '2026-02-08 15:56:25', 84, 84, 423, 'Sous-total Abonnement', NULL, NULL, NULL, 1, NULL, NULL, 22.99, NULL, 3, 2, NULL, NULL, NULL, 0),
(1030, '2025-11-17 11:56:46', '2026-02-08 15:56:45', 84, 84, 423, 'Distributeur de croquettes "Einstein"', '<p>Gestion administrative et technique </p>', 0, NULL, 1, 19.99, NULL, 19.99, 95, 4, 0, 10, 20, 31, 0),
(1046, '2025-11-20 17:47:50', '2025-11-21 08:43:03', 84, 84, 424, 'Abonnement', NULL, NULL, NULL, 1, NULL, NULL, NULL, NULL, 5, 1, NULL, NULL, NULL, 0),
(1047, '2025-11-20 17:47:50', '2025-11-21 08:43:03', 84, 84, 424, 'Caméscope JVC GR-C1', '<p>1 compte</p><ul><li>SK Drive avec 100Go / Utilisateur</li><li>Boite email 50 Go&nbsp;</li><li>Antispam standard</li><li>Antivirus</li><li>Only Office Online</li><li>Support Illimité PC</li></ul>', 1, NULL, 1, 59.99, NULL, 59.99, 82, 6, 0, 45.96, 20, 31, 0),
(1048, '2025-11-20 17:47:50', '2025-11-21 08:43:03', 84, 84, 424, 'Sous-total Abonnement', NULL, NULL, NULL, 1, NULL, NULL, 59.99, NULL, 8, 2, NULL, NULL, NULL, 0),
(1049, '2025-11-20 17:48:00', '2025-11-21 08:44:45', 84, 84, 424, 'Sonde de Sommeil (Alpha-Rhythm Generator)', '', 1, NULL, 1, 59.99, 100, NULL, 83, 2, 0, NULL, 20, 31, 0),
(1062, '2025-11-21 08:33:59', NULL, 84, NULL, 425, 'Abonnement', NULL, NULL, NULL, 1, NULL, NULL, NULL, NULL, 1, 1, NULL, NULL, NULL, 0),
(1063, '2025-11-21 08:33:59', NULL, 84, NULL, 425, 'Réveil "Flip Clock" Panasonic - Paiement Mensuel - Engagement Annuel', '<p>50 Go de stockage SSD&nbsp;<br>Sauvegardes quotidiennes<br>Haute disponibilité<br>Apache avec accélération Litespeed (LSCache)<br>Instances dédiées Redis<br>Instances dédiées Memcached<br>Bases de données illimités<br>Optimisé pour CMS (Joomla!, Prestashop, Drupal...)<br>Protection Anti-DDoS<br>Bande passante illimitée<br>1 certificat SSL<br>2 CPU Cores<br>8 GB RAM</p>', 1, NULL, 1, 19.99, NULL, 19.99, 97, 2, 0, NULL, 20, 31, 0),
(1064, '2025-11-21 08:33:59', NULL, 84, NULL, 425, 'Sous-total Abonnement', NULL, NULL, NULL, 1, NULL, NULL, 19.99, NULL, 3, 2, NULL, NULL, NULL, 0),
(1065, '2025-11-21 08:33:59', NULL, 84, NULL, 425, 'Mise en service', NULL, NULL, NULL, 1, NULL, NULL, NULL, NULL, 4, 1, NULL, NULL, NULL, 0),
(1066, '2025-11-21 08:33:59', NULL, 84, NULL, 425, 'Réveil "Flip Clock" Panasonic - Mise en service', '', 1, NULL, 1, 19.99, NULL, 19.99, 98, 5, 0, NULL, 20, 31, 0),
(1067, '2025-11-21 08:33:59', NULL, 84, NULL, 425, 'Sous-total Mise en service', NULL, NULL, NULL, 1, NULL, NULL, 19.99, NULL, 6, 2, NULL, NULL, NULL, 0),
(1068, '2025-11-21 08:43:03', '2025-11-21 08:44:20', 84, 84, 424, 'Guitare Chinery "Erlewine" - Paiement Mensuel - Engagement annuel', '<p>Gestion d\'un pc supplémentaire à votre licence initiale Cloud Pro Suite :&nbsp;</p><ul><li>Mise à jour et protection de votre PC</li><li>Antivirus</li><li>Support Illimité PC</li></ul>', 1, NULL, 1, 34.99, 100, NULL, 99, 7, 0, 20.82, 20, 31, 0),
(1069, '2025-11-21 08:43:03', NULL, 84, NULL, 424, 'Mise en service', NULL, NULL, NULL, 1, NULL, NULL, NULL, NULL, 1, 1, NULL, NULL, NULL, 0),
(1070, '2025-11-21 08:43:03', '2025-11-21 08:44:51', 84, 84, 424, 'Guitare Chinery "Erlewine" Mise en service', '<p>Déploiement de la solution cloud pro suite sur votre ordinateur</p>', 1, NULL, 1, 34.99, 100, NULL, 100, 3, 0, NULL, 20, 31, 0),
(1071, '2025-11-21 08:43:03', NULL, 84, NULL, 424, 'Sous-total Mise en service', NULL, NULL, NULL, 1, NULL, NULL, 0, NULL, 4, 2, NULL, NULL, NULL, 0),
(1072, '2025-11-28 09:26:49', NULL, 84, NULL, 426, 'Abonnement', NULL, NULL, NULL, 1, NULL, NULL, NULL, NULL, 1, 1, NULL, NULL, NULL, 0),
(1073, '2025-11-28 09:26:49', '2026-02-08 16:04:07', 84, NULL, 426, 'Sous-total Abonnement', NULL, NULL, NULL, 1, NULL, NULL, 62.98, NULL, 5, 2, NULL, NULL, NULL, 0),
(1074, '2025-11-28 09:26:49', NULL, 84, NULL, 426, 'Assistance "Standardiste de Hill Valley"', '', 0, NULL, 1, 99.99, 10, 89.99, 77, 7, 0, 29, 20, 31, 0),
(1075, '2025-11-28 09:26:49', NULL, 84, NULL, 426, 'Mise en service', NULL, NULL, NULL, 1, NULL, NULL, NULL, NULL, 6, 1, NULL, NULL, NULL, 0),
(1076, '2025-11-28 09:26:49', '2026-02-08 16:04:07', 84, NULL, 426, 'Sous-total - Mise en service', NULL, NULL, NULL, 1, NULL, NULL, 199.48, NULL, 12, 2, NULL, NULL, NULL, 0),
(1079, '2025-11-28 09:26:49', '2026-02-08 16:04:07', 84, 84, 426, 'Nom de domain.com .fr.org - Paiement mensuel - Engagement annuel', '<p>Nom de domaine redevance mensuel - Abonnement Annuel</p>', 0, NULL, 1, 2.99, NULL, 2.99, 47, 4, 0, 1.8, 20, 31, 1),
(1080, '2025-11-28 09:26:49', NULL, 84, NULL, 426, 'Installation d\'un Générateur de Fusion Mr. Fusion', '<p>Gestion administrative et technique nécessaire à la mise en service du domaine</p>', 1, NULL, 1, 9.99, NULL, 9.99, 48, 11, 0, NULL, 20, 31, 0),
(1081, '2025-11-28 09:26:49', NULL, 84, NULL, 426, 'Forfait Conversion de Vol (Hover Conversion)', '<p>Gestion administrative et technique du transfert &nbsp;de votre tenant Microsoft 365</p>', 1, NULL, 1, 199, 50, 99.5, 27, 9, 0, NULL, 20, 31, 0),
(1082, '2025-11-28 09:26:49', '2026-02-08 16:04:03', 84, 84, 426, 'Caméscope JVC GR-C1', '<p>Ce compte comprend :</p>\n<ul>\n<li>SK Drive avec 100Go / Utilisateur</li>\n<li>Boite email 50 Go </li>\n<li>Antispam standard</li>\n<li>Antivirus</li>\n<li>Only Office Online</li>\n<li>Support Illimité PC</li>\n</ul>', 0, NULL, 1, 59.99, NULL, 59.99, 82, 2, 0, 45.96, 20, 31, 1),
(1083, '2025-11-28 09:26:49', NULL, 84, NULL, 426, 'Sonde de Sommeil (Alpha-Rhythm Generator)', '', 1, NULL, 1, 59.99, 100, NULL, 83, 10, 0, 42.26, 20, 31, 0),
(1087, '2025-12-04 18:15:09', NULL, 84, NULL, 427, 'Abonnement', NULL, NULL, NULL, 1, NULL, NULL, NULL, NULL, 1, 1, NULL, NULL, NULL, 0),
(1088, '2025-12-04 18:15:09', NULL, 84, NULL, 427, 'Sous-total Abonnement', NULL, NULL, NULL, 1, NULL, NULL, 2.99, NULL, 4, 2, NULL, NULL, NULL, 0),
(1089, '2025-12-04 18:15:09', NULL, 84, NULL, 427, 'Domain Name .com .fr.org', '<p>Nom de domaine redevance mensuel - Abonnement Annuel</p>', 1, '', 1, 2.99, NULL, 2.99, 47, 2, 0, NULL, 20, 23, 0),
(1090, '2025-12-04 18:15:09', NULL, 84, NULL, 427, 'Mise en service', NULL, NULL, NULL, 1, NULL, NULL, NULL, NULL, 5, 1, NULL, NULL, NULL, 0),
(1091, '2025-12-04 18:15:09', NULL, 84, NULL, 427, 'Domaine Web - Frais de mise en service', '<p>Gestion administrative et technique nécessaire à la mise en service du domaine</p>', 1, '', 1, 9.99, 0, 9.99, 48, 8, 0, 0, 20, 23, 0),
(1092, '2025-12-04 18:15:09', NULL, 84, NULL, 427, 'Sous-total Mise en service', NULL, NULL, NULL, 1, NULL, NULL, 9.99, NULL, 9, 2, NULL, NULL, NULL, 0),
(1095, '2025-12-09 10:24:08', '2025-12-10 10:34:36', 84, 84, 428, 'Abonnement "Holomax 3D" (MAC) reconditionné', '', 0, NULL, 1, 119.9, NULL, 119.9, 103, 1, 0, 39, 20, 31, 0),
(1096, '2025-12-09 10:24:37', '2025-12-10 10:35:12', 84, 84, 428, 'Forfait Conversion de Vol (Hover Conversion)', '<p>Option MAC</p>', 1, NULL, 1, 129, 50, 64.5, 27, 1, 0, NULL, 20, 31, 0),
(1097, '2026-04-16 10:54:29', '2026-04-16 10:54:29', 84, 84, 429, 'Abonnement', NULL, NULL, NULL, 1, NULL, NULL, NULL, NULL, 1, 1, NULL, 0, NULL, 0),
(1098, '2026-04-16 10:54:29', '2026-04-16 11:02:07', 84, 84, 429, 'Nom de domain.com .fr.org  - Redevance annuelle Abonnement Annuel', '<p>agmartin.fr<br><span style=\"background-color: #ffffff; color: #202020;\">agmartin-demo.fr</span></p>', 0, '', 2, 29.99, 10, 53.982, 61, 2, 0, 7.49, 20, 70, 1),
(1100, '2026-04-16 10:54:29', '2026-04-16 11:05:48', 84, 84, 429, 'Consultation "Lait-Fraise au Chocolat" - Redevance Annuelle - Abonnement Annuel', NULL, 0, NULL, 1, 54, NULL, 54, 74, 3, 0, 40.56, 20, 70, 1),
(1101, '2026-04-16 10:54:29', '2026-04-16 11:05:48', 84, 84, 429, 'Sauvegarde 365 Exchange Online (Plan 1) et Basic- Redevance Annuelle - Abonnement Annuel', '<p>Sauvegarde quotidienne 1 compte - conservation 30 jours. Protège les données OneDrive, SharePoint, Teams, Outlook Mail, Contacts et Calendrier de votre organisation Microsoft 365. </p>', 0, NULL, 1, 67.09, NULL, 67.09, 76, 4, 0, 8.04, 20, 70, 1),
(1102, '2026-04-16 10:54:29', '2026-04-16 11:05:54', 84, 84, 429, 'Sous-total Abonnement', NULL, NULL, NULL, 1, NULL, NULL, 175.072, NULL, 5, 2, NULL, 0, NULL, 0),
(1103, '2026-04-16 10:54:29', '2026-04-16 11:05:48', 84, 84, 429, 'Mise en service', NULL, NULL, NULL, 1, NULL, NULL, NULL, NULL, 6, 1, NULL, 0, NULL, 0),
(1104, '2026-04-16 10:54:29', '2026-04-16 11:05:54', 84, 84, 429, 'Forfait Conversion de Vol (Hover Conversion)', '<p>Gestion administrative et technique du transfert  de votre tenant Microsoft 365</p>\n<p> </p>', 0, '', 1, 199, 50, 99.5, 27, 8, 0, NULL, 20, 70, 0),
(1105, '2026-04-16 10:54:29', '2026-04-16 11:03:41', 84, 84, 429, 'Archive "Mémoire de George" - frais de mise en service', NULL, 0, '', 1, 9.99, NULL, 9.99, 73, 9, 0, NULL, 20, 70, 0),
(1106, '2026-04-16 10:54:29', '2026-04-16 11:05:54', 84, 84, 429, 'Sous-total Mise en service', NULL, NULL, NULL, 1, NULL, NULL, 308.49, NULL, 10, 2, NULL, 0, NULL, 0),
(1117, '2026-04-16 11:05:44', '2026-04-16 11:05:54', 84, 84, 429, 'Forfait Conversion de Vol (Hover Conversion)', '<p>Frais exceptionnel de reprise d\'un tenant microsoft expiré, avec perte de d\'identifiant de connexion.</p>', 0, NULL, 1, 199, 0, 199, 27, 7, 0, 0, 20, 70, 0);

--
-- Déchargement des données de la table `sale_order_ord`
--

INSERT INTO `sale_order_ord` (`ord_id`, `ord_created`, `ord_updated`, `fk_usr_id_author`, `fk_usr_id_updater`, `ord_date`, `ord_valid`, `ord_number`, `ord_refclient`, `fk_ptr_id`, `fk_ctc_id`, `ord_ptr_address`, `ord_delivery_address`, `ord_status`, `ord_refusal_reason`, `ord_totalht`, `ord_totalhtsub`, `ord_totalhtcomm`, `ord_totaltax`, `ord_totalttc`, `fk_pam_id`, `fk_dur_id_payment_condition`, `ord_being_edited`, `fk_dur_id`, `ord_invoicing_state`, `ord_delivery_state`, `ord_note`, `fk_usr_id_seller`, `ord_validation_token`, `ord_validation_mails`, `ord_validation_data`, `fk_tap_id`, `fk_doc_id`, `fk_whs_id`) VALUES
(402, '2025-06-25 09:28:43', '2026-03-10 09:59:48', 84, 84, '2025-06-25', '2025-07-25', 'SO250039', '', 207, 3836, '45 Boulevard de l\'Avenir\r\n40100 DAX', NULL, 2, 'Un autre devis à été transmis', 36.860, 29.980, 6.880, 7.370, 44.230, 26, 15, 0, 2, NULL, NULL, '', 84, 'RLhDH1HpNVgL7yS9T-840CEfZUPZs69D4gBU0Sh0ypg', NULL, NULL, NULL, NULL, 6),
(403, '2025-07-28 14:18:03', '2026-03-10 09:59:48', 84, 84, '2025-07-28', '2025-08-27', 'SO250040', '', 208, 205, '1711 Rue du Coyote\r\n75006 PARIS', NULL, 3, NULL, 419.000, 419.000, 0.000, 83.800, 502.800, 27, 16, 0, NULL, 2, 2, '', 84, NULL, NULL, NULL, NULL, NULL, 6),
(405, '2025-09-26 14:09:02', '2026-02-08 16:32:03', 84, 84, '2025-09-26', '2025-10-26', 'SO250041', '', 208, NULL, '1711 Rue du Coyote\r\n75006 PARIS', NULL, 3, NULL, 1663.490, 1424.690, 238.800, 332.700, 1996.190, 27, 16, 0, 2, 3, NULL, '', 84, NULL, NULL, NULL, NULL, NULL, 6),
(406, '2025-10-03 09:20:38', '2026-02-08 16:32:05', 84, 84, '2025-10-03', '2025-11-02', 'SO250042', '', 242, NULL, ' ', NULL, 3, NULL, 1249.570, 47.880, 1201.690, 249.910, 1499.480, 27, 18, 0, 2, 3, NULL, '', 84, NULL, NULL, NULL, NULL, NULL, 6),
(407, '2025-10-08 14:55:06', '2026-04-16 11:36:36', 84, 84, '2025-10-08', '2025-11-07', 'SO250043', '', 243, NULL, '1 PLACE DE L\'HORLOGE\r\n40150  SOORTS-HOSSEGOR', NULL, 3, NULL, 443.360, 323.880, 119.480, 88.670, 532.030, 27, 18, 0, 2, 0, NULL, '', 84, 'up46t0w1BIv00upkuFKpNSILGXXd7u8cDBe94R1ppyA', NULL, NULL, NULL, NULL, 6),
(409, '2025-10-13 15:55:33', '2026-03-10 09:59:48', NULL, 84, '2025-10-13', '2025-11-12', 'SO250045', '', 244, NULL, '10 A 12, RUE JULES GUESDE\r\n91130  RIS-ORANGIS', NULL, 2, NULL, 540.370, 91.390, 448.980, 108.070, 648.440, 27, 15, 0, 2, NULL, NULL, '', 84, NULL, NULL, NULL, NULL, NULL, 6),
(410, '2025-10-20 07:13:38', '2026-03-10 09:59:48', 84, 84, '2025-10-20', '2025-11-19', 'SO250046', '', 246, NULL, '30 Avenue de la Liberte\r\n92120 Montrouge', NULL, 3, NULL, 149.490, 0.000, 149.490, 29.900, 179.390, 27, 15, 0, NULL, 2, 2, '', 84, NULL, NULL, NULL, NULL, NULL, 6),
(411, '2025-10-22 14:27:08', '2026-03-10 09:59:48', NULL, 84, '2025-10-22', '2025-11-21', 'SO250047', '', 208, NULL, '1711 Rue du Coyote\r\n75006 PARIS', NULL, 3, NULL, 179.900, 0.000, 179.900, 35.990, 215.880, 27, 16, 0, NULL, 2, 2, '', 84, NULL, NULL, NULL, NULL, NULL, 6),
(412, '2025-10-24 08:56:13', '2026-03-10 09:59:48', 84, 84, '2025-10-24', '2025-11-23', 'SO250048', '', 247, NULL, '1727 Rue du Buisson\r\n94270 Le Kremlin-Bicêtre', NULL, 3, NULL, 156.490, 56.990, 99.500, 31.300, 187.790, 27, 15, 0, 2, 3, 2, '', 84, NULL, NULL, NULL, NULL, NULL, 6),
(413, '2025-10-24 09:21:13', '2026-03-10 09:59:48', 84, 84, '2025-10-24', '2025-11-23', 'SO250049', '', 248, NULL, '55 RUE ALBERT EINSTEIN\r\n75009 Paris', NULL, 3, NULL, 588.490, 488.990, 99.500, 117.700, 706.190, 27, 15, 0, 2, 3, 2, '', 84, NULL, NULL, NULL, NULL, NULL, 6),
(415, '2025-10-27 08:22:55', '2026-03-10 09:59:48', NULL, 84, '2025-10-27', '2025-11-26', 'SO250050', NULL, 249, NULL, 'Wilson Nettoyage & Services\r\n97290 MARIN', NULL, 2, NULL, 289.920, 289.920, 0.000, 57.990, 347.910, 27, 15, 0, 2, NULL, NULL, NULL, 84, NULL, NULL, NULL, NULL, NULL, 6),
(416, '2025-10-27 08:46:34', '2026-03-10 09:59:48', 84, 84, '2025-10-27', '2025-11-26', 'SO250051', NULL, 249, NULL, 'Wilson Nettoyage & Services\r\n97290 MARIN', NULL, 2, NULL, 1206.200, 366.930, 839.270, 241.240, 1447.440, 27, 15, 0, 2, NULL, NULL, NULL, 84, NULL, NULL, NULL, NULL, NULL, 6),
(417, '2025-11-04 08:10:48', '2026-03-10 09:59:48', 84, 84, '2025-11-04', '2025-12-04', 'SO250052', '', 207, NULL, '45 Boulevard de l\'Avenir &\r\n40100 DAX', NULL, 2, 'Version non accepté', 222.950, 62.980, 159.970, 44.590, 267.540, 27, 15, 0, 2, NULL, NULL, '', 84, NULL, NULL, NULL, NULL, NULL, 6),
(418, '2025-11-04 08:44:10', '2026-03-10 09:59:48', NULL, 84, '2025-11-04', '2025-12-04', 'SO250053', '', 207, NULL, '45 Boulevard de l\'Avenir &\r\n40100 DAX', NULL, 2, 'Conçurent à remporté le marché', 2941.000, 69.000, 2872.000, 588.200, 3529.200, 27, 15, 0, 2, NULL, NULL, 'Site internet', 84, NULL, NULL, NULL, NULL, NULL, 6),
(419, '2025-11-04 09:05:47', '2026-03-10 09:59:48', 84, 84, '2025-11-04', '2025-12-04', 'SO250054', '', 207, NULL, '45 Boulevard de l\'Avenir &\r\n40100 DAX', NULL, 2, 'Conçurent à remporté le marché', 2991.000, 119.000, 2872.000, 598.200, 3589.200, 27, 15, 0, 2, NULL, NULL, '', 84, NULL, NULL, NULL, NULL, NULL, 6),
(420, '2025-11-04 09:06:45', '2026-03-10 09:59:48', 84, 84, '2025-11-04', '2025-12-04', 'SO250055', '', 207, NULL, '45 Boulevard de l\'Avenir &\r\n40100 DAX', NULL, 2, 'Conçurent à remporté le marché', 3051.000, 179.000, 2872.000, 610.200, 3661.200, 27, 15, 0, 2, NULL, NULL, '', 84, NULL, NULL, NULL, NULL, NULL, 6),
(421, '2025-11-04 09:34:00', '2026-02-08 15:53:48', NULL, 84, '2025-11-04', '2025-12-04', 'SO250056', NULL, 250, NULL, '72 AV D’ALSACE LORRAINE\r\n91550 PARAY-VIEILLE-POSTE', NULL, 3, NULL, 296.490, 196.990, 99.500, 59.300, 355.790, 27, 21, 0, 2, 2, 2, NULL, 84, NULL, NULL, NULL, NULL, NULL, 6),
(422, '2025-11-04 09:37:51', '2026-03-10 09:59:48', 84, 84, '2025-11-04', '2025-12-04', 'SO250057', '', 250, NULL, '72 AV D’ALSACE LORRAINE\r\n91550 PARAY-VIEILLE-POSTE', NULL, 1, NULL, 216.270, 201.270, 14.990, 43.260, 259.520, 27, 21, 0, 2, NULL, NULL, '', 84, NULL, NULL, NULL, NULL, NULL, 6),
(423, '2025-11-17 11:53:50', '2026-02-08 16:02:56', NULL, 84, '2025-11-17', '2025-12-17', 'SO250058', NULL, 255, NULL, '4 rue 18 NOV\r\n94270 Le Kremlin-Bicêtre', NULL, 3, NULL, 42.980, 22.990, 19.990, 8.600, 51.580, 27, 15, 0, 1, 2, 2, NULL, 84, NULL, NULL, NULL, NULL, NULL, 6),
(424, '2025-11-20 17:46:08', '2026-03-10 09:59:48', 84, 84, '2025-11-20', '2025-12-20', 'SO250059', '', 207, 3836, '45 Boulevard de l\'Avenir\r\n40100 DAX', NULL, 3, NULL, 59.990, 59.990, 0.000, 12.000, 71.990, 26, 15, 0, 2, 3, 2, '', 84, NULL, NULL, NULL, NULL, NULL, 6),
(425, '2025-11-21 08:31:35', '2026-03-10 09:59:48', NULL, 84, '2025-11-21', '2025-12-21', 'SO250060', '', 207, NULL, '45 Boulevard de l\'Avenir &\r\n40100 DAX', NULL, 1, NULL, 39.980, 19.990, 19.990, 8.000, 47.980, 27, 15, 0, 2, NULL, NULL, 'Hébergement WEB', 84, NULL, NULL, NULL, NULL, NULL, 6),
(426, '2025-11-28 09:26:49', '2026-02-08 16:04:18', 84, 84, '2025-11-28', '2025-12-28', 'SO250061', NULL, 244, NULL, '10 A 12, RUE JULES GUESDE\r\n91130  RIS-ORANGIS', NULL, 3, NULL, 262.460, 62.980, 199.480, 52.490, 314.950, 27, 15, 0, 2, 2, NULL, NULL, 84, NULL, NULL, NULL, NULL, NULL, 6),
(427, '2025-12-04 18:15:09', '2026-02-08 16:32:14', 84, 84, '2025-07-01', '2025-07-31', 'SO250062', '', 207, 3836, '45 Boulevard de l\'Avenir\r\n40100 DAX', NULL, 3, NULL, 12.980, 2.990, 9.990, 2.600, 15.580, 26, 15, 0, 2, 3, NULL, '', 84, NULL, NULL, NULL, NULL, NULL, 6),
(428, '2025-12-09 10:21:09', '2026-03-10 09:59:48', NULL, 84, '2025-12-09', '2026-01-08', 'SO250063', '', 243, NULL, '1 PLACE DE L\'HORLOGE\r\n40150  SOORTS-HOSSEGOR', NULL, 1, NULL, 184.400, 0.000, 184.400, 36.880, 221.280, 27, 18, 0, NULL, NULL, NULL, '', 84, NULL, NULL, NULL, NULL, NULL, 6),
(429, '2026-04-16 10:54:29', '2026-04-16 11:35:35', 84, 84, '2026-03-01', '2026-04-01', 'SO260064', NULL, 281, NULL, '20 RUE DU MARCHE\n75011 PARIS', NULL, 3, NULL, 483.562, 175.070, 308.490, 96.712, 580.274, 27, 18, 0, 2, 2, 0, NULL, 84, 'up46t0w1BIv00upkuFKpNSILGXXd7u8cDBe94R1ppyA', NULL, NULL, NULL, NULL, 6);
COMMIT;



INSERT INTO `account_move_amo` (`amo_id`, `amo_created`, `amo_updated`, `fk_usr_id_author`, `fk_usr_id_updater`, `fk_ajl_id`, `amo_date`, `amo_label`, `amo_ref`, `amo_document_type`, `fk_inv_id`, `fk_pay_id`, `fk_exr_id`, `fk_amo_id_parent`, `amo_amount`, `amo_valid`, `fk_aex_id`) VALUES
(7517, '2025-11-21 05:11:50', NULL, 84, NULL, 2, '2025-05-09', 'Facture FF250004 Lorraine Conseil', 'FF250004', NULL, 361, NULL, NULL, NULL, 3.99, NULL, 82),
(7518, '2025-11-21 05:11:50', NULL, 84, NULL, 2, '2025-05-02', 'Avoir AF250001 Goldie Wilson Electronics', 'AF250001', NULL, 377, NULL, NULL, NULL, 0.35, NULL, 82),
(7519, '2025-11-21 05:11:50', NULL, 84, NULL, 3, '2025-05-12', 'Règlement RF250002 - Doc Brown Industries - FF250003', 'RF250002', NULL, NULL, 28, NULL, NULL, 5.99, NULL, 82),
(7520, '2025-11-21 05:11:50', NULL, 84, NULL, 3, '2025-05-12', 'Règlement RF250003 - Lorraine Conseil - FF250004', 'RF250003', NULL, NULL, 29, NULL, NULL, 3.99, NULL, 82),
(7521, '2025-11-21 05:11:50', NULL, 84, NULL, 3, '2025-05-02', 'Règlement RE250043 - Goldie Wilson Electronics - AF250001', 'RE250043', NULL, NULL, 43, NULL, NULL, 0.35, NULL, 82),
(7522, '2025-11-21 05:11:09', NULL, 84, NULL, 2, '2025-05-19', 'Facture FF250003 Doc Brown Industries', 'FF250003', NULL, 360, NULL, NULL, NULL, 5.99, NULL, 82),
(7523, '2025-11-21 05:11:09', NULL, 84, NULL, 2, '2025-05-16', 'Facture FF250005 Hill Valley Solutions', 'FF250005', NULL, 362, NULL, NULL, NULL, 109.19, NULL, 82),
(7524, '2025-11-21 05:11:09', NULL, 84, NULL, 2, '2025-05-16', 'Facture FF250006 Doc Brown Industries', 'FF250006', NULL, 363, NULL, NULL, NULL, 48.65, NULL, 82),
(7525, '2025-11-21 05:11:09', NULL, 84, NULL, 2, '2025-05-28', 'Facture FF250007 Needles Trading', 'FF250007', NULL, 364, NULL, NULL, NULL, 230.00, NULL, 82),
(7526, '2025-11-21 05:11:09', NULL, 84, NULL, 3, '2025-05-18', 'Règlement RF250004 - Hill Valley Solutions - FF250005', 'RF250004', NULL, NULL, 30, NULL, NULL, 109.19, NULL, 82),
(7527, '2025-11-21 05:11:09', NULL, 84, NULL, 3, '2025-05-20', 'Règlement RF250005 - Doc Brown Industries - FF250006', 'RF250005', NULL, NULL, 31, NULL, NULL, 48.65, NULL, 82),
(7528, '2025-11-21 05:11:09', NULL, 84, NULL, 3, '2025-05-29', 'Règlement RF250006 - Needles Trading - FF250007', 'RF250006', NULL, NULL, 32, NULL, NULL, 230.00, NULL, 82),
(7530, '2025-11-21 05:11:14', NULL, 84, NULL, 2, '2025-06-01', 'Facture FF250008 Doc Brown Industries', 'FF250008', NULL, 365, NULL, NULL, NULL, 2.57, NULL, 82),
(7531, '2025-11-21 05:11:14', NULL, 84, NULL, 2, '2025-06-15', 'Facture FF250009 Hill Valley Solutions', 'FF250009', NULL, 366, NULL, NULL, NULL, 1558.57, NULL, 82),
(7532, '2025-11-21 05:11:14', NULL, 84, NULL, 2, '2025-06-17', 'Facture FF250010 Hill Valley Solutions', 'FF250010', NULL, 367, NULL, NULL, NULL, 26.59, NULL, 82),
(7533, '2025-11-21 05:11:14', NULL, 84, NULL, 2, '2025-06-16', 'Facture FF250011 Doc Brown Industries', 'FF250011', NULL, 368, NULL, NULL, NULL, 1.20, NULL, 82),
(7534, '2025-11-21 05:11:14', NULL, 84, NULL, 2, '2025-06-27', 'Facture FF250012 Emmett Brown Systems', 'FF250012', NULL, 369, NULL, NULL, NULL, 884.80, NULL, 82),
(7535, '2025-11-21 05:11:14', NULL, 84, NULL, 2, '2025-06-30', 'Facture FF250013 Biff Enterprises SA', 'FF250013', NULL, 370, NULL, NULL, NULL, 26959.19, NULL, 82),
(7536, '2025-11-21 05:11:14', NULL, 84, NULL, 2, '2025-06-30', 'Facture FF250014 Tannen Corp', 'FF250014', NULL, 371, NULL, NULL, NULL, 203.00, NULL, 82),
(7537, '2025-11-21 05:11:14', NULL, 84, NULL, 3, '2025-06-06', 'Règlement RF250007 - Doc Brown Industries - FF250008', 'RF250007', NULL, NULL, 33, NULL, NULL, 2.57, NULL, 82),
(7538, '2025-11-21 05:11:14', NULL, 84, NULL, 3, '2025-06-17', 'Règlement RF250008 - Hill Valley Solutions - FF250009', 'RF250008', NULL, NULL, 34, NULL, NULL, 1558.57, NULL, 82),
(7539, '2025-11-21 05:11:14', NULL, 84, NULL, 3, '2025-06-19', 'Règlement RF250009 - Hill Valley Solutions - FF250010', 'RF250009', NULL, NULL, 35, NULL, NULL, 26.59, NULL, 82),
(7540, '2025-11-21 05:11:14', NULL, 84, NULL, 3, '2025-06-19', 'Règlement RF250010 - Doc Brown Industries - FF250011', 'RF250010', NULL, NULL, 36, NULL, NULL, 1.20, NULL, 82),
(7541, '2025-11-21 05:11:14', NULL, 84, NULL, 3, '2025-06-30', 'Règlement RF250011 - Emmett Brown Systems - FF250012', 'RF250011', NULL, NULL, 37, NULL, NULL, 884.80, NULL, 82),
(7542, '2025-11-21 05:11:03', NULL, 84, NULL, 2, '2025-07-01', 'Facture FF250015 Doc Brown Industries', 'FF250015', NULL, 372, NULL, NULL, NULL, 7.38, NULL, 82),
(7543, '2025-11-21 05:11:03', NULL, 84, NULL, 2, '2025-07-02', 'Facture FF250016 Doc Brown Industries', 'FF250016', NULL, 373, NULL, NULL, NULL, 6.71, NULL, 82),
(7544, '2025-11-21 05:11:03', NULL, 84, NULL, 3, '2025-07-01', 'Règlement RF250024 - Biff Enterprises SA - FF250013', 'RF250024', NULL, NULL, 64, NULL, NULL, 22465.99, NULL, 82),
(7545, '2025-11-21 05:11:56', NULL, 84, NULL, 3, '2025-07-03', 'Règlement RF250012 - Tannen Corp - FF250014', 'RF250012', NULL, NULL, 38, NULL, NULL, 203.00, NULL, 82),
(7546, '2025-11-21 05:11:56', NULL, 84, NULL, 3, '2025-07-07', 'Règlement RF250013 - Doc Brown Industries - FF250015', 'RF250013', NULL, NULL, 39, NULL, NULL, 7.38, NULL, 82),
(7547, '2025-11-21 05:11:56', NULL, 84, NULL, 3, '2025-07-07', 'Règlement RF250014 - Doc Brown Industries - FF250016', 'RF250014', NULL, NULL, 40, NULL, NULL, 6.71, NULL, 82),
(7548, '2025-11-21 05:11:46', '2026-03-10 10:17:20', 84, 84, 1, '2025-07-28', 'Facture FC250001 Tannen Excavation & Fumier ', 'FC250001', NULL, NULL, NULL, NULL, NULL, 502.80, NULL, 82),
(7549, '2025-11-21 05:11:46', NULL, 84, NULL, 2, '2025-07-08', 'Facture FF250017 Lone Pine SARL', 'FF250017', NULL, 374, NULL, NULL, NULL, 355.20, NULL, 82),
(7550, '2025-11-21 05:11:46', NULL, 84, NULL, 2, '2025-07-15', 'Facture FF250019 Lyon Estates Tech', 'FF250019', NULL, 376, NULL, NULL, NULL, 858.13, NULL, 82),
(7553, '2025-11-21 05:11:46', NULL, 84, NULL, 2, '2025-07-16', 'Facture FF250023 Twin Pines Services', 'FF250023', NULL, 383, NULL, NULL, NULL, 9.86, NULL, 82),
(7554, '2025-11-21 05:11:46', NULL, 84, NULL, 2, '2025-07-23', 'Facture FF250024 Lone Pine SARL', 'FF250024', NULL, 384, NULL, NULL, NULL, 331.20, NULL, 82),
(7555, '2025-11-21 05:11:46', NULL, 84, NULL, 2, '2025-07-31', 'Facture FF250025 McFly Corp', 'FF250025', NULL, 385, NULL, NULL, NULL, 296.24, NULL, 82),
(7556, '2025-11-21 05:11:46', NULL, 84, NULL, 2, '2025-07-31', 'Facture FF250026 Tannen Corp', 'FF250026', NULL, 386, NULL, NULL, NULL, 96.00, NULL, 82),
(7557, '2025-11-21 05:11:46', NULL, 84, NULL, 2, '2025-07-30', 'Facture FF250029 Hill Valley Networks', 'FF250029', NULL, 389, NULL, NULL, NULL, 1800.00, NULL, 82),
(7558, '2025-11-21 05:11:46', NULL, 84, NULL, 3, '2025-07-13', 'Règlement RF250015 - Lyon Estates Tech - FF250019', 'RF250015', NULL, NULL, 42, NULL, NULL, 858.13, NULL, 82),
(7559, '2025-11-21 05:11:46', NULL, 84, NULL, 3, '2025-07-17', 'Règlement RF250016 - Twin Pines Services - FF250023', 'RF250016', NULL, NULL, 45, NULL, NULL, 9.86, NULL, 82),
(7560, '2025-11-21 05:11:46', NULL, 84, NULL, 3, '2025-07-23', 'Règlement RF250017 - Lone Pine SARL - FF250024', 'RF250017', NULL, NULL, 46, NULL, NULL, 331.20, NULL, 82),
(7561, '2025-11-21 05:11:46', NULL, 84, NULL, 3, '2025-07-30', 'Règlement RF250018 - McFly Corp - FF250025', 'RF250018', NULL, NULL, 47, NULL, NULL, 296.24, NULL, 82),
(7562, '2025-11-21 05:11:46', NULL, 84, NULL, 3, '2025-07-08', 'Règlement RF250026 - Lone Pine SARL - FF250017', 'RF250026', NULL, NULL, 66, NULL, NULL, 296.00, NULL, 82),
(7566, '2025-11-21 06:11:04', NULL, 84, NULL, 4, '2025-04-30', 'Constitution : constatation du capital non encore libéré', NULL, NULL, NULL, NULL, NULL, NULL, 420000.00, NULL, 82),
(7567, '2025-11-21 06:11:52', NULL, 84, NULL, 4, '2025-05-07', 'Constitution : versement du capital', NULL, NULL, NULL, NULL, NULL, NULL, 210000.00, NULL, 82),
(7568, '2025-11-21 06:11:12', NULL, 84, NULL, 3, '2025-07-30', 'Règlement RH250001 DSN CG INVESTORS (Erreur de compte)', 'RH250001', NULL, NULL, 84, NULL, NULL, 397.00, NULL, 82),
(7569, '2025-11-21 06:11:30', NULL, 84, NULL, 2, '2025-08-08', 'Facture FF250027 Einstein Security', 'FF250027', NULL, 387, NULL, NULL, NULL, 2400.00, NULL, 82),
(7570, '2025-11-21 06:11:30', NULL, 84, NULL, 2, '2025-08-01', 'Facture FF250028 Doc Brown Industries', 'FF250028', NULL, 388, NULL, NULL, NULL, 28.68, NULL, 82),
(7571, '2025-11-21 06:11:30', NULL, 84, NULL, 2, '2025-08-01', 'Avoir AF250003 Lone Pine SARL', 'AF250003', NULL, 390, NULL, NULL, NULL, 72.00, NULL, 82),
(7572, '2025-11-21 06:11:30', NULL, 84, NULL, 3, '2025-08-16', 'Règlement RF250019 - Tannen Corp - FF250026', 'RF250019', NULL, NULL, 58, NULL, NULL, 96.00, NULL, 82),
(7573, '2025-11-21 06:11:30', NULL, 84, NULL, 3, '2025-08-15', 'Règlement RF250020 - Einstein Security - FF250027', 'RF250020', NULL, NULL, 59, NULL, NULL, 2400.00, NULL, 82),
(7574, '2025-11-21 06:11:30', NULL, 84, NULL, 3, '2025-08-07', 'Règlement RF250021 - Doc Brown Industries - FF250028', 'RF250021', NULL, NULL, 60, NULL, NULL, 28.68, NULL, 82),
(7575, '2025-11-21 06:11:30', NULL, 84, NULL, 3, '2025-08-28', 'Règlement RF250022 - Hill Valley Networks - FF250029', 'RF250022', NULL, NULL, 61, NULL, NULL, 1800.00, NULL, 82),
(7576, '2025-11-21 06:11:30', NULL, 84, NULL, 3, '2025-08-04', 'Règlement RE250067 - Lone Pine SARL - AF250003', 'RE250067', NULL, NULL, 67, NULL, NULL, 72.00, NULL, 82),
(7577, '2025-11-21 06:11:39', NULL, 84, NULL, 2, '2025-09-14', 'Facture FF250033 Doc Brown Industries', 'FF250033', NULL, 399, NULL, NULL, NULL, 45.43, NULL, 82),
(7578, '2025-11-21 06:11:39', NULL, 84, NULL, 2, '2025-09-08', 'Facture FF250034 Hill Valley Networks', 'FF250034', NULL, 400, NULL, NULL, NULL, 972.00, NULL, 82),
(7579, '2025-11-21 06:11:39', NULL, 84, NULL, 2, '2025-09-12', 'Facture FF250036 Needles Trading', 'FF250036', NULL, 403, NULL, NULL, NULL, 270.00, NULL, 82),
(7580, '2025-11-21 06:11:39', NULL, 84, NULL, 3, '2025-09-10', 'Règlement RF250027 - Hill Valley Networks - FF250034', 'RF250027', NULL, NULL, 68, NULL, NULL, 972.00, NULL, 82),
(7581, '2025-11-21 06:11:39', NULL, 84, NULL, 3, '2025-09-13', 'Règlement RF250028 - Needles Trading - FF250036', 'RF250028', NULL, NULL, 69, NULL, NULL, 270.00, NULL, 82),
(7582, '2025-11-21 06:11:39', NULL, 84, NULL, 3, '2025-09-17', 'Règlement RF250029 - Doc Brown Industries - FF250033', 'RF250029', NULL, NULL, 70, NULL, NULL, 45.43, NULL, 82),
(7583, '2025-11-21 07:11:16', NULL, 84, NULL, 2, '2025-07-15', 'Facture FF250020 Strickland Logistics', 'FF250020', NULL, 378, NULL, NULL, NULL, 195.23, NULL, 82),
(7584, '2025-11-21 07:11:16', NULL, 84, NULL, 2, '2025-07-31', 'Facture FF250022 Strickland Logistics', 'FF250022', NULL, 382, NULL, NULL, NULL, 202.25, NULL, 82),
(7585, '2025-11-21 07:11:16', NULL, 84, NULL, 3, '2025-07-31', 'Règlement RF250037 - Strickland Logistics - FFA250002', 'RF250037', NULL, NULL, 86, NULL, NULL, 202.25, NULL, 82),
(7586, '2025-11-21 07:11:16', NULL, 84, NULL, 3, '2025-07-16', 'Règlement RF250038 - Strickland Logistics - FFA250001', 'RF250038', NULL, NULL, 88, NULL, NULL, 235.01, NULL, 82),
(7587, '2025-11-21 07:11:16', NULL, 84, NULL, 2, '2025-07-25', 'Acompte FFA250002 - FF250022', 'FFA250002-FF250022', NULL, NULL, 87, NULL, NULL, 202.25, NULL, 82),
(7588, '2025-11-21 07:11:03', NULL, 84, NULL, 1, '2025-10-20', 'Facture FC250002 Black & Decker Hydratation', 'FC250002', NULL, 395, NULL, NULL, NULL, 179.39, NULL, 82),
(7589, '2025-11-21 07:11:03', NULL, 84, NULL, 1, '2025-11-17', 'Facture FC250004 Tannen Excavation & Fumier ', 'FC250004', NULL, 414, NULL, NULL, NULL, 313.20, NULL, 82),
(7592, '2025-11-21 07:11:03', NULL, 84, NULL, 2, '2025-10-01', 'Facture FF250031 Doc Brown Industries', 'FF250031', NULL, 397, NULL, NULL, NULL, 7.43, NULL, 82),
(7594, '2025-11-21 07:11:03', NULL, 84, NULL, 2, '2025-11-13', 'Facture FF250035 Hill Valley Networks', 'FF250035', NULL, 401, NULL, NULL, NULL, 1104.00, NULL, 82),
(7596, '2025-11-21 07:11:03', NULL, 84, NULL, 2, '2025-10-08', 'Facture FF250038 Strickland Logistics', 'FF250038', NULL, 405, NULL, NULL, NULL, 754.44, NULL, 82),
(7598, '2025-11-21 07:11:03', NULL, 84, NULL, 2, '2025-10-14', 'Facture FF250040 Marty Systems', 'FF250040', NULL, 407, NULL, NULL, NULL, 29.00, NULL, 82),
(7599, '2025-11-21 07:11:03', NULL, 84, NULL, 2, '2025-11-13', 'Facture FF250041 Marty Systems', 'FF250041', NULL, 408, NULL, NULL, NULL, 39.00, NULL, 82),
(7600, '2025-11-21 07:11:03', NULL, 84, NULL, 2, '2025-10-24', 'Facture FF250042 Lyon Registry', 'FF250042', NULL, 410, NULL, NULL, NULL, 3.20, NULL, 82),
(7601, '2025-11-21 07:11:03', NULL, 84, NULL, 2, '2025-11-06', 'Facture FF250043 Flux Capacitor Networks International Holding', 'FF250043', NULL, 411, NULL, NULL, NULL, 115.32, NULL, 82),
(7602, '2025-11-21 07:11:03', NULL, 84, NULL, 2, '2025-11-07', 'Facture FF250044 Time Circuits Inc', 'FF250044', NULL, 412, NULL, NULL, NULL, 180.00, NULL, 82),
(7604, '2025-11-21 07:11:03', NULL, 84, NULL, 3, '2025-10-30', 'Règlement RE250001 - Black & Decker Hydratation - FC250002', 'RE250001', NULL, NULL, 77, NULL, NULL, 179.39, NULL, 82),
(7607, '2025-11-21 07:11:03', NULL, 84, NULL, 3, '2025-10-06', 'Règlement RF250025 - Doc Brown Industries - FF250031', 'RF250025', NULL, NULL, 65, NULL, NULL, 7.43, NULL, 82),
(7608, '2025-11-21 07:11:03', NULL, 84, NULL, 3, '2025-10-03', 'Règlement RF250030 - Hill Valley Networks - FF250035', 'RF250030', NULL, NULL, 71, NULL, NULL, 1104.00, NULL, 82),
(7610, '2025-11-21 07:11:03', NULL, 84, NULL, 3, '2025-10-14', 'Règlement RF250033 - Marty Systems - FF250040', 'RF250033', NULL, NULL, 75, NULL, NULL, 29.00, NULL, 82),
(7611, '2025-11-21 07:11:03', NULL, 84, NULL, 3, '2025-10-29', 'Règlement RF250034 - Marty Systems - FF250041', 'RF250034', NULL, NULL, 76, NULL, NULL, 39.00, NULL, 82),
(7612, '2025-11-21 07:11:03', NULL, 84, NULL, 3, '2025-10-25', 'Règlement RF250035 - Lyon Registry - FF250042', 'RF250035', NULL, NULL, 78, NULL, NULL, 3.20, NULL, 82),
(7613, '2025-11-21 07:11:03', NULL, 84, NULL, 3, '2025-10-08', 'Règlement RF250036 - Strickland Logistics - FF250038', 'RF250036', NULL, NULL, 83, NULL, NULL, 714.66, NULL, 82),
(7614, '2025-11-21 07:11:03', NULL, 84, NULL, 2, '2025-07-15', 'Acompte FFA250001 - FF250020', 'FFA250001-FF250020', NULL, NULL, 89, NULL, NULL, 195.23, NULL, 82),
(7615, '2025-11-21 07:11:03', NULL, 84, NULL, 2, '2025-07-15', 'Acompte FFA250001 - FF250038', 'FFA250001-FF250038', NULL, NULL, 90, NULL, NULL, 39.78, NULL, 82),
(7616, '2025-11-21 07:11:29', NULL, 84, NULL, 2, '2025-09-01', 'Facture FF250032 Doc Brown Industries (FR72271090)', 'FF250032', NULL, 398, NULL, NULL, NULL, 5.99, NULL, 82),
(7617, '2025-11-21 07:11:29', NULL, 84, NULL, 3, '2025-09-05', 'Règlement RF250039 - Doc Brown Industries (FR72271090) - FF250032', 'RF250039', NULL, NULL, 91, NULL, NULL, 5.99, NULL, 82),
(7618, '2025-11-21 07:11:35', NULL, 84, NULL, 2, '2025-11-01', 'Facture FF250045 Doc Brown Industries (FR73686448)', 'FF250045', NULL, 417, NULL, NULL, NULL, 6.00, NULL, 82),
(7620, '2025-11-21 08:11:48', NULL, 84, NULL, 2, '2025-10-08', 'Facture FF250046 88mph Solutions (3133465)', 'FF250046', NULL, 418, NULL, NULL, NULL, 333.67, NULL, 82),
(7621, '2025-11-21 08:11:48', NULL, 84, NULL, 3, '2025-10-08', 'Règlement RF250040 - 88mph Solutions (3133465) - FF250046', 'RF250040', NULL, NULL, 96, NULL, NULL, 333.67, NULL, 82),
(7625, '2025-11-21 08:11:29', NULL, 84, NULL, 2, '2025-10-07', 'Facture FF250030 McFly Corp (93963452)', 'FF250030', NULL, 394, NULL, NULL, NULL, 838.80, NULL, 82),
(7626, '2025-11-21 08:11:29', NULL, 84, NULL, 3, '2025-10-08', 'Règlement RF250041 - McFly Corp (93963452) - FF250030', 'RF250041', NULL, NULL, 97, NULL, NULL, 838.80, NULL, 82),
(7627, '2025-11-28 01:11:37', NULL, 84, NULL, 1, '2025-11-28', 'Facture FC250006 LEROUX MICHEL ()', 'FC250006', NULL, 420, NULL, NULL, NULL, 299.40, NULL, 82),
(7628, '2025-11-28 01:11:37', '2026-03-26 14:29:04', 84, NULL, 3, '2025-11-15', 'Règlement RE250002 - Pierre DUPONT (RC250002) - FC250005', 'RE250002', NULL, NULL, 79, NULL, NULL, 1499.48, NULL, 82),
(7636, '2025-12-09 10:12:04', '2026-02-12 08:26:00', 84, NULL, 2, '2025-12-01', 'Facture FF250047 Hill Valley Networks (FAC/2025/5429)', 'FF250047', NULL, 430, NULL, NULL, NULL, 1110.00, NULL, 82),
(7637, '2025-12-09 10:12:04', '2026-02-12 08:38:23', 84, NULL, 2, '2025-12-02', 'Facture FF250048 Lorraine Conseil (L000000139393200)', 'FF250048', NULL, 431, NULL, NULL, NULL, 3.99, NULL, 82),
(7643, '2025-12-09 02:12:25', '2026-03-10 10:17:20', 84, NULL, 1, '2025-12-09', 'Facture FC250015 Tannen Excavation & Fumier  (SO250041)', 'FC250015', NULL, 436, NULL, NULL, NULL, 1709.63, NULL, 82),
(7644, '2025-12-09 02:12:25', NULL, 84, NULL, 2, '2025-11-01', 'Facture FF250051 Hill Valley Networks (FAC-2025-4974 )', 'FF250051', NULL, 434, NULL, NULL, NULL, 1110.00, NULL, 82),
(7645, '2025-12-09 02:12:25', NULL, 84, NULL, 2, '2025-11-30', 'Facture FF250052 Goldie Wilson Electronics (11-25-invoice-28831691)', 'FF250052', NULL, 435, NULL, NULL, NULL, 4.80, NULL, 82),
(7646, '2025-12-09 02:12:25', NULL, 84, NULL, 2, '2025-11-13', 'Avoir AF250004 Hill Valley Networks (RFAC/2025/0109)', 'AF250004', NULL, 409, NULL, NULL, NULL, 972.00, NULL, 82),
(7647, '2025-12-09 02:12:25', '2026-03-10 10:17:20', 84, NULL, 3, '2025-11-06', 'Règlement RE250007 - Tannen Excavation & Fumier  (SO250040) - FC250001, FC250015, FC250016', 'RE250007', NULL, NULL, 110, NULL, NULL, 2498.99, NULL, 82),
(7648, '2025-12-09 02:12:25', NULL, 84, NULL, 3, '2025-11-04', 'Règlement RF250042 - Hill Valley Networks (FAC-2025-4974 ) - FF250051', 'RF250042', NULL, NULL, 104, NULL, NULL, 138.00, NULL, 82),
(7649, '2025-12-09 02:12:25', NULL, 84, NULL, 3, '2025-11-04', 'Règlement RF250043 - Doc Brown Industries (FR73686448) - FF250045', 'RF250043', NULL, NULL, 105, NULL, NULL, 6.00, NULL, 82),
(7650, '2025-12-09 02:12:25', NULL, 84, NULL, 3, '2025-11-06', 'Règlement RF250044 - Goldie Wilson Electronics (11-25-invoice-28831691) - FF250052', 'RF250044', NULL, NULL, 106, NULL, NULL, 2.40, NULL, 82),
(7651, '2025-12-09 02:12:25', NULL, 84, NULL, 3, '2025-11-06', 'Règlement RF250045 - Goldie Wilson Electronics (11-25-invoice-28831691) - FF250052', 'RF250045', NULL, NULL, 107, NULL, NULL, 2.40, NULL, 82),
(7652, '2025-12-09 02:12:25', NULL, 84, NULL, 3, '2025-11-08', 'Règlement RF250046 - Time Circuits Inc (TGFEGZYP-0001) - FF250044', 'RF250046', NULL, NULL, 108, NULL, NULL, 180.00, NULL, 82),
(7653, '2025-12-09 02:12:25', NULL, 84, NULL, 3, '2025-11-07', 'Règlement RF250047 - Flux Capacitor Networks International Holding (EU3716775) - FF250043', 'RF250047', NULL, NULL, 109, NULL, NULL, 115.32, NULL, 82),
(7703, '2026-02-12 08:15:12', '2026-02-12 08:15:12', 84, 84, 2, '2025-12-17', 'Facture FF260053 - Griff Tannen Corp', 'FF260053', NULL, 452, NULL, NULL, NULL, 0.90, NULL, 82),
(7704, '2026-02-12 08:15:12', '2026-02-12 08:15:12', 84, 84, 2, '2025-12-18', 'Facture FF260054 - Griff Tannen Corp (Réf: 311-SPI709678)', 'FF260054', NULL, 453, NULL, NULL, NULL, 1.80, NULL, 82),
(7705, '2026-02-12 08:15:12', '2026-02-12 08:15:12', 84, 84, 2, '2025-12-22', 'Facture FF260055 - Griff Tannen Corp (Réf: 311-SPI710789)', 'FF260055', NULL, 454, NULL, NULL, NULL, 46.36, NULL, 82),
(7707, '2026-02-12 08:26:00', '2026-02-12 08:26:00', 84, 84, 2, '2026-01-01', 'Facture FF260061 - Hill Valley Networks (Réf: FAC/2026/0547)', 'FF260061', NULL, 460, NULL, NULL, NULL, 1110.00, NULL, 82),
(7708, '2026-02-12 08:26:00', '2026-03-10 09:06:06', 84, 84, 3, '2025-12-01', 'RF260048 - George McFly Creative - Facture FF250050', 'RF260048', NULL, NULL, 113, NULL, NULL, 8.66, NULL, 82),
(7710, '2026-02-12 08:26:00', '2026-02-12 08:26:00', 84, 84, 3, '2025-12-03', 'RF260050 - Hill Valley Networks - Facture FF250047', 'RF260050', NULL, NULL, 115, NULL, NULL, 1110.00, NULL, 82),
(7711, '2026-02-12 08:26:00', '2026-02-12 08:26:00', 84, 84, 3, '2026-01-05', 'RF260051 - Hill Valley Networks - Facture FF260061', 'RF260051', NULL, NULL, 116, NULL, NULL, 1110.00, NULL, 82),
(7712, '2026-02-12 08:38:23', '2026-03-10 09:06:06', 84, 84, 3, '2025-12-31', 'RF260052 - Goldie Wilson Electronics - Facture FF260066', 'RF260052', NULL, NULL, 117, NULL, NULL, 0.18, NULL, 82),
(7713, '2026-02-12 08:38:23', '2026-03-10 09:06:06', 84, 84, 3, '2026-01-14', 'RF260053 - Goldie Wilson Electronics - Facture FF260067', 'RF260053', NULL, NULL, 118, NULL, NULL, 2.40, NULL, 82),
(7714, '2026-02-12 08:38:23', '2026-02-12 08:38:23', 84, 84, 3, '2025-12-03', 'RF260054 - Lorraine Conseil - Facture FF250048', 'RF260054', NULL, NULL, 119, NULL, NULL, 3.99, NULL, 82),
(7715, '2026-02-12 08:45:58', '2026-02-12 08:45:58', 84, 84, 2, '2025-12-01', 'Facture FF250049 - Doc Brown Industries (Réf: FR74102237)', 'FF250049', NULL, 432, NULL, NULL, NULL, 7.63, NULL, 82),
(7717, '2026-02-12 08:45:58', '2026-03-10 09:06:06', 84, 84, 3, '2026-01-14', 'RE260010 - Tannen Excavation & Fumier  - Facture FC250003', 'RE260010', NULL, NULL, 121, NULL, NULL, 215.88, NULL, 82),
(7718, '2026-02-12 08:45:58', '2026-02-12 08:45:58', 84, 84, 3, '2025-12-05', 'RF260055 - Doc Brown Industries - Facture FF250049', 'RF260055', NULL, NULL, 122, NULL, NULL, 7.63, NULL, 82),
(7719, '2026-02-12 08:52:58', '2026-02-12 08:52:58', 84, 84, 2, '2026-01-01', 'Facture FF260058 - Doc Brown Industries (Réf: FR74607044)', 'FF260058', NULL, 457, NULL, NULL, NULL, 23.15, NULL, 82),
(7720, '2026-02-12 08:52:58', '2026-03-10 09:06:06', 84, 84, 3, '2026-01-02', 'RF260056 - Doc Brown Industries - Facture FF260056, FF260058', 'RF260056', NULL, NULL, 123, NULL, NULL, 29.14, NULL, 82),
(7722, '2026-03-10 08:24:55', '2026-03-10 08:24:55', 84, 84, 2, '2026-02-08', 'Facture FF260060 - Doc Brown Industries (Réf: FR75656388)', 'FF260060', NULL, 459, NULL, NULL, NULL, 16.19, NULL, 82),
(7723, '2026-03-10 08:24:55', '2026-03-10 08:24:55', 84, 84, 2, '2026-01-09', 'Facture FF260062 - Griff Tannen Corp (Réf: 311-SPI716503)', 'FF260062', NULL, 461, NULL, NULL, NULL, 463.54, NULL, 82),
(7725, '2026-03-10 08:24:55', '2026-03-10 08:24:55', 84, 84, 2, '2026-02-03', 'Facture FF260069 - Griff Tannen Corp (Réf: 311-SPI722243)', 'FF260069', NULL, 473, NULL, NULL, NULL, 0.90, NULL, 82),
(7726, '2026-03-10 08:24:55', '2026-03-10 08:24:55', 84, 84, 2, '2026-02-25', 'Facture FF260070 - Griff Tannen Corp (Réf: 311-SPI727785)', 'FF260070', NULL, 474, NULL, NULL, NULL, 0.90, NULL, 82),
(7727, '2026-03-10 08:24:55', '2026-03-10 09:06:06', 84, 84, 3, '2026-02-04', 'RF260057 - Hill Valley Networks - Facture FF260063', 'RF260057', NULL, NULL, 125, NULL, NULL, 1110.00, NULL, 82),
(7728, '2026-03-10 08:24:55', '2026-03-10 09:06:06', 84, 84, 3, '2026-02-05', 'RF260058 - Doc Brown Industries - Facture FF260057, FF260059', 'RF260058', NULL, NULL, 126, NULL, NULL, 53.23, NULL, 82),
(7729, '2026-03-10 08:24:55', '2026-03-10 08:24:55', 84, 84, 3, '2026-02-09', 'RF260059 - Doc Brown Industries - Facture FF260060', 'RF260059', NULL, NULL, 127, NULL, NULL, 16.19, NULL, 82),
(7733, '2026-03-10 09:06:06', '2026-03-10 09:06:06', 84, 84, 1, '2025-10-22', 'Facture FC250003 - Tannen Excavation & Fumier  (Réf: SO250047)', 'FC250003', NULL, 413, NULL, NULL, NULL, 215.88, NULL, 82),
(7734, '2026-03-10 09:06:06', '2026-03-10 09:06:06', 84, 84, 2, '2025-12-01', 'Facture FF250050 - George McFly Creative (Réf: b2e8628be92d)', 'FF250050', NULL, 433, NULL, NULL, NULL, 8.66, NULL, 82),
(7746, '2026-03-10 09:06:06', '2026-03-10 09:06:06', 84, 84, 2, '2026-01-01', 'Facture FF260056 - Doc Brown Industries (Réf: FR74845165)', 'FF260056', NULL, 455, NULL, NULL, NULL, 5.99, NULL, 82),
(7747, '2026-03-10 09:06:06', '2026-03-10 09:06:06', 84, 84, 2, '2026-02-01', 'Facture FF260057 - Doc Brown Industries (Réf: FR75466953)', 'FF260057', NULL, 456, NULL, NULL, NULL, 5.99, NULL, 82),
(7748, '2026-03-10 09:06:06', '2026-03-10 09:06:06', 84, 84, 2, '2026-02-02', 'Facture FF260059 - Doc Brown Industries (Réf: FR75581415)', 'FF260059', NULL, 458, NULL, NULL, NULL, 47.24, NULL, 82),
(7749, '2026-03-10 09:06:06', '2026-03-10 09:06:06', 84, 84, 2, '2026-02-01', 'Facture FF260063 - Hill Valley Networks (Réf: FAC/2026/0980)', 'FF260063', NULL, 462, NULL, NULL, NULL, 1110.00, NULL, 82),
(7750, '2026-03-10 09:06:06', '2026-03-10 09:06:06', 84, 84, 2, '2025-12-31', 'Facture FF260066 - Goldie Wilson Electronics (Réf: 12-25-invoice-29620364)', 'FF260066', NULL, 467, NULL, NULL, NULL, 0.18, NULL, 82),
(7751, '2026-03-10 09:06:06', '2026-03-10 09:06:06', 84, 84, 2, '2026-01-31', 'Facture FF260067 - Goldie Wilson Electronics (Réf: 12-25-invoice-29620364)', 'FF260067', NULL, 468, NULL, NULL, NULL, 2.40, NULL, 82),
(7755, '2026-03-10 09:06:06', '2026-04-17 06:19:21', 84, 84, 2, '2026-03-01', 'Facture FF260071 - Hill Valley Networks (Réf: FAC-2026-1428)', 'FF260071', NULL, 475, NULL, NULL, NULL, 1110.00, NULL, 82),
(7757, '2026-03-10 09:53:32', '2026-03-10 09:53:32', 84, 84, 1, '2025-12-04', 'Facture FC250007 - HORIZON GESTION (Réf: SO250043)', 'FC250007', NULL, 421, NULL, NULL, NULL, 143.38, NULL, 82),
(7758, '2026-03-10 09:53:32', '2026-03-10 09:53:32', 84, 84, 1, '2025-12-04', 'Facture FC250008 - HORIZON GESTION (Réf: CC250003)', 'FC250008', NULL, 422, NULL, NULL, NULL, 388.66, NULL, 82),
(7759, '2026-03-10 09:53:32', '2026-03-10 09:53:32', 84, 84, 1, '2025-12-04', 'Facture FC250009 - RAMI MEDICAL PARIS (Réf: SO250049)', 'FC250009', NULL, 423, NULL, NULL, NULL, 119.40, NULL, 82),
(7760, '2026-03-10 09:53:32', '2026-03-10 09:53:32', 84, 84, 1, '2025-12-04', 'Facture FC250010 - RAMI MEDICAL PARIS (Réf: CC250003)', 'FC250010', NULL, 424, NULL, NULL, NULL, 586.79, NULL, 82),
(7764, '2026-03-10 09:53:32', '2026-03-26 13:38:06', 84, 84, 1, '2025-12-16', 'Facture FC250017 - RAMI MEDICAL PARIS', 'FC250017', NULL, 438, NULL, NULL, NULL, 64.80, NULL, 82),
(7765, '2026-03-10 09:53:32', '2026-03-10 09:53:32', 84, 84, 1, '2025-11-04', 'Facture FC260018 - Sophie DURAND (Réf: SO250056)', 'FC260018', NULL, 440, NULL, NULL, NULL, 119.40, NULL, 82),
(7766, '2026-03-10 09:53:32', '2026-03-10 09:53:32', 84, 84, 1, '2025-11-17', 'Facture FC260019 - Générateurs Mr. Fusion France (Réf: SO250058)', 'FC260019', NULL, 442, NULL, NULL, NULL, 23.99, NULL, 82),
(7767, '2026-03-10 09:53:32', '2026-03-10 09:53:32', 84, 84, 1, '2025-11-28', 'Facture FC260020 - Horlogerie de la Place du Clocher (Réf: SO250061)', 'FC260020', NULL, 443, NULL, NULL, NULL, 239.38, NULL, 82),
(7768, '2026-03-10 09:53:32', '2026-03-10 09:53:32', 84, 84, 1, '2025-12-01', 'Facture FC260021 - Générateurs Mr. Fusion France (Réf: Contrat CC260011)', 'FC260021', NULL, 444, NULL, NULL, NULL, 27.59, NULL, 82),
(7769, '2026-03-10 09:53:32', '2026-03-10 10:04:21', 84, 84, 1, '2025-12-19', 'Facture FC260022 - Horlogerie de la Place du Clocher (Réf: Contrat CC260012)', 'FC260022', NULL, 445, NULL, NULL, NULL, 75.58, NULL, 82),
(7771, '2026-03-10 09:53:32', '2026-03-10 09:53:32', 84, 84, 1, '2026-01-01', 'Facture FC260024 - Générateurs Mr. Fusion France (Réf: Contrat CC260011)', 'FC260024', NULL, 447, NULL, NULL, NULL, 27.59, NULL, 82),
(7772, '2026-03-10 09:53:32', '2026-03-10 10:04:21', 84, 84, 1, '2026-01-01', 'Facture FC260025 - Horlogerie de la Place du Clocher (Réf: Contrat CC260012)', 'FC260025', NULL, 448, NULL, NULL, NULL, 75.58, NULL, 82),
(7774, '2026-03-10 09:53:32', '2026-03-10 09:55:54', 84, 84, 1, '2026-02-01', 'Facture FC260027 - Générateurs Mr. Fusion France (Réf: Contrat CC260011)', 'FC260027', NULL, 450, NULL, NULL, NULL, 27.59, NULL, 82),
(7775, '2026-03-10 09:53:32', '2026-04-17 06:19:21', 84, 84, 1, '2026-02-01', 'Facture FC260028 - Horlogerie de la Place du Clocher (Réf: Contrat CC260012)', 'FC260028', NULL, 451, NULL, NULL, NULL, 75.58, NULL, 82),
(7778, '2026-03-10 09:53:32', '2026-04-17 06:19:21', 84, 84, 1, '2026-03-01', 'Facture FC260031 - Horlogerie de la Place du Clocher (Réf: Contrat CC260012)', 'FC260031', NULL, 471, NULL, NULL, NULL, 75.58, NULL, 82),
(7779, '2026-03-10 09:53:32', '2026-03-10 09:53:32', 84, 84, 3, '2025-12-05', 'RE250003 - HORIZON GESTION - Facture FC250007', 'RE250003', NULL, NULL, 98, NULL, NULL, 119.48, NULL, 82),
(7780, '2026-03-10 09:53:32', '2026-03-10 09:53:32', 84, 84, 3, '2025-12-05', 'RE250004 - HORIZON GESTION - Facture FC250008', 'RE250004', NULL, NULL, 99, NULL, NULL, 323.88, NULL, 82),
(7781, '2026-03-10 09:53:32', '2026-03-10 09:53:32', 84, 84, 3, '2025-12-05', 'RE250005 - RAMI MEDICAL PARIS - Facture FC250009', 'RE250005', NULL, NULL, 100, NULL, NULL, 119.40, NULL, 82),
(7782, '2026-03-10 09:53:32', '2026-03-10 09:53:32', 84, 84, 3, '2025-12-05', 'RE250006 - RAMI MEDICAL PARIS - Facture FC250010', 'RE250006', NULL, NULL, 101, NULL, NULL, 586.79, NULL, 82),
(7783, '2026-03-10 09:53:32', '2026-03-10 09:53:32', 84, 84, 3, '2025-12-09', 'RE250008 - HORIZON GESTION - Facture FC250007, FC250008', 'RE250008', NULL, NULL, 111, NULL, NULL, 88.68, NULL, 82),
(7786, '2026-03-10 09:53:32', '2026-03-10 09:55:54', 84, 84, 3, '2026-02-13', 'RE260012 - Générateurs Mr. Fusion France - Facture FC260024, FC260027', 'RE260012', NULL, NULL, 128, NULL, NULL, 55.18, NULL, 82),
(7787, '2026-03-10 09:53:32', '2026-03-10 09:53:32', 84, 84, 3, '2026-02-13', 'RE260013 - Générateurs Mr. Fusion France - Facture FC260019, FC260021', 'RE260013', NULL, NULL, 129, NULL, NULL, 51.58, NULL, 82),
(7788, '2026-03-10 09:53:32', '2026-03-10 09:53:32', 84, 84, 3, '2026-02-28', 'RE260014 - Horlogerie de la Place du Clocher - Facture FC260020', 'RE260014', NULL, NULL, 130, NULL, NULL, 239.38, NULL, 82),
(7789, '2026-03-10 09:55:54', '2026-04-17 10:53:34', 84, 84, 1, '2025-12-01', 'Facture FC250012 - SARL DEMO ONE (Réf: CC250003)', 'FC250012', NULL, 426, NULL, NULL, NULL, 71.99, NULL, 82),
(7790, '2026-03-10 09:55:54', '2026-03-10 09:55:54', 84, 84, 1, '2025-12-04', 'Facture FC250013 - SARL DEMO ONE (Réf: SO250062)', 'FC250013', NULL, 427, NULL, NULL, NULL, 11.99, NULL, 82),
(7791, '2026-03-10 09:55:54', '2026-03-10 09:55:54', 84, 84, 1, '2025-07-01', 'Facture FC250014 - SARL DEMO ONE (Réf: CC250003)', 'FC250014', NULL, 429, NULL, NULL, NULL, 41.99, NULL, 82),
(7792, '2026-03-10 09:55:54', '2026-03-26 13:38:06', 84, 84, 1, '2026-01-01', 'Facture FC260023 - SARL DEMO ONE (Réf: Contrat CC250007)', 'FC260023', NULL, 446, NULL, NULL, NULL, 71.99, NULL, 82),
(7793, '2026-03-10 09:55:54', '2026-04-17 11:00:09', 84, 84, 1, '2026-02-01', 'Facture FC260026 - SARL DEMO ONE (Réf: Contrat CC250007)', 'FC260026', NULL, 449, NULL, NULL, NULL, 71.99, NULL, 82),
(7794, '2026-03-10 09:55:54', '2026-04-17 11:01:22', 84, 84, 1, '2026-03-01', 'Facture FC260029 - SARL DEMO ONE (Réf: Contrat CC250007)', 'FC260029', NULL, 469, NULL, NULL, NULL, 71.99, NULL, 82),
(7795, '2026-03-10 09:55:54', '2026-03-26 13:38:06', 84, 84, 3, '2026-01-26', 'RE260011 - SARL DEMO ONE - Facture FC260023', 'RE260011', NULL, NULL, 124, NULL, NULL, 87.57, NULL, 82),
(7796, '2026-03-10 10:04:21', '2026-03-10 10:04:21', 84, 84, 3, '2026-03-03', 'RE260015 - Horlogerie de la Place du Clocher - Facture FC260022', 'RE260015', NULL, NULL, 131, NULL, NULL, 75.58, NULL, 82),
(7797, '2026-03-10 10:04:21', '2026-03-10 10:04:21', 84, 84, 3, '2026-03-03', 'RE260016 - Horlogerie de la Place du Clocher - Facture FC260025', 'RE260016', NULL, NULL, 132, NULL, NULL, 75.58, NULL, 82),
(7799, '2026-03-10 10:16:08', '2026-03-10 10:17:20', 84, 84, 1, '2025-10-01', 'Facture FC250016 - Tannen Excavation & Fumier  (Réf: CC250003)', 'FC250016', NULL, 437, NULL, NULL, NULL, 286.56, NULL, 82),
(7800, '2026-03-26 13:38:06', '2026-03-26 13:38:06', 84, 84, 3, '2025-12-16', 'RE260009 - RAMI MEDICAL PARIS - Facture FC250017', 'RE260009', NULL, NULL, 120, NULL, NULL, 64.80, NULL, 82),
(7802, '2026-03-26 14:16:50', '2026-04-17 06:19:21', 84, 84, 1, '2026-03-01', 'Facture FC260030 - Générateurs Mr. Fusion France (Réf: Contrat CC260011)', 'FC260030', NULL, 470, NULL, NULL, NULL, 27.59, NULL, 82),
(7803, '2026-03-26 14:29:04', '2026-03-26 14:29:04', 84, 84, 1, '2025-10-01', 'Facture FC250005 - Pierre DUPONT (Réf: RC250002)', 'FC250005', NULL, 416, NULL, NULL, NULL, 1499.48, NULL, 82),
(7804, '2026-04-13 13:18:46', '2026-04-13 13:18:46', 84, 84, 3, '2026-02-28', 'RE260017 - RAMI MEDICAL PARIS', 'RE260017', 'in_invoice', NULL, 133, NULL, NULL, 64.80, NULL, 82),
(7805, '2026-04-17 06:19:20', '2026-04-17 06:19:20', 84, 84, 1, '2026-04-01', 'Facture FC260032 - SARL DEMO ONE (Réf: Contrat CC250007)', 'FC260032', 'out_invoice', 478, NULL, NULL, NULL, 71.99, NULL, 82),
(7806, '2026-04-17 06:19:20', '2026-04-17 06:19:20', 84, 84, 1, '2026-04-01', 'Facture FC260033 - Sophie DURAND (Réf: Contrat CC260010)', 'FC260033', 'out_invoice', 479, NULL, NULL, NULL, 236.39, NULL, 82),
(7807, '2026-04-17 06:19:20', '2026-04-17 06:19:20', 84, 84, 1, '2026-04-01', 'Facture FC260034 - Générateurs Mr. Fusion France (Réf: Contrat CC260011)', 'FC260034', 'out_invoice', 480, NULL, NULL, NULL, 27.59, NULL, 82),
(7808, '2026-04-17 06:19:20', '2026-04-17 06:19:20', 84, 84, 1, '2026-04-01', 'Facture FC260035 - Horlogerie de la Place du Clocher (Réf: Contrat CC260012)', 'FC260035', 'out_invoice', 481, NULL, NULL, NULL, 75.58, NULL, 82),
(7809, '2026-04-17 06:19:20', '2026-04-17 06:19:20', 84, 84, 1, '2026-03-01', 'Facture FC260036 - AG MARTIN (Réf: SO260064)', 'FC260036', 'out_invoice', 482, NULL, NULL, NULL, 370.19, NULL, 82),
(7810, '2026-04-17 06:19:20', '2026-04-17 06:19:20', 84, 84, 1, '2026-03-01', 'Facture FC260037 - AG MARTIN (Réf: Contrat CC260013)', 'FC260037', 'out_invoice', 483, NULL, NULL, NULL, 210.09, NULL, 82),
(7811, '2026-04-17 06:19:20', '2026-04-17 06:19:21', 84, 84, 2, '2026-03-01', 'Facture FF260072 - Doc Brown Industries (Réf: FR76193325)', 'FF260072', 'in_invoice', 484, NULL, NULL, NULL, 5.99, NULL, 82),
(7812, '2026-04-17 06:19:21', '2026-04-17 06:19:21', 84, 84, 2, '2026-04-16', 'Facture FF260073 - Doc Brown Industries (Réf: FR76769758)', 'FF260073', 'in_invoice', 485, NULL, NULL, NULL, 19.66, NULL, 82),
(7813, '2026-04-17 06:19:21', '2026-04-17 06:19:21', 84, 84, 2, '2026-04-01', 'Facture FF260074 - Doc Brown Industries (Réf: FR76702112)', 'FF260074', 'in_invoice', 486, NULL, NULL, NULL, 5.99, NULL, 82),
(7814, '2026-04-17 06:19:21', '2026-04-17 06:19:21', 84, 84, 2, '2026-03-16', 'Facture FF260075 - Linkedin (Réf: 781218638389)', 'FF260075', 'in_invoice', 487, NULL, NULL, NULL, 337.09, NULL, 82),
(7815, '2026-04-17 06:19:21', '2026-04-17 06:19:21', 84, 84, 2, '2026-04-03', 'Facture FF260076 - Clara Clayton Consulting (Réf: 178006429)', 'FF260076', 'in_invoice', 488, NULL, NULL, NULL, 39.00, NULL, 82),
(7816, '2026-04-17 06:19:21', '2026-04-17 06:19:21', 84, 84, 2, '2026-03-16', 'Facture FF260077 - Clara Clayton Consulting (Réf: 174916547)', 'FF260077', 'in_invoice', 489, NULL, NULL, NULL, 45.00, NULL, 82),
(7818, '2026-04-17 06:19:21', '2026-04-17 06:19:21', 84, 84, 2, '2026-04-01', 'Facture FF260079 - Clara Clayton Consulting (Réf: 177600819)', 'FF260079', 'in_invoice', 491, NULL, NULL, NULL, 150.00, NULL, 82),
(7819, '2026-04-17 06:19:21', '2026-04-17 06:19:21', 84, 84, 2, '2026-03-13', 'Facture FF260080 - Clara Clayton Consulting (Réf: 174329730)', 'FF260080', 'in_invoice', 492, NULL, NULL, NULL, 45.00, NULL, 82),
(7820, '2026-04-17 06:19:21', '2026-04-17 06:19:21', 84, 84, 2, '2026-03-18', 'Facture FF260081 - Jennifer Parker Design (Réf: 000016563612)', 'FF260081', 'in_invoice', 493, NULL, NULL, NULL, 450.16, NULL, 82),
(7821, '2026-04-17 06:19:21', '2026-04-17 06:19:21', 84, 84, 2, '2026-03-17', 'Facture FF260082 - Jennifer Parker Design (Réf: 000016546182)', 'FF260082', 'in_invoice', 494, NULL, NULL, NULL, 311.55, NULL, 82),
(7822, '2026-04-17 06:19:21', '2026-04-17 06:19:21', 84, 84, 2, '2026-03-09', 'Facture FF260083 - Lorraine Conseil (Réf: L000000142705389)', 'FF260083', 'in_invoice', 495, NULL, NULL, NULL, 18.24, NULL, 82),
(7824, '2026-04-17 06:19:21', '2026-04-17 11:02:18', 84, 84, 2, '2026-03-18', 'Facture FF260085 - DeLorean Industries (Réf: EWKLXGT4-0001)', 'FF260085', 'in_invoice', 497, NULL, NULL, NULL, 18.00, NULL, 82),
(7825, '2026-04-17 06:19:21', '2026-04-17 06:19:21', 84, 84, 2, '2026-04-25', 'Facture FF260086 - Griff Tannen Corp (Réf: 311-SPI736385)', 'FF260086', 'in_invoice', 498, NULL, NULL, NULL, 0.90, NULL, 82),
(7826, '2026-04-17 06:19:21', '2026-04-17 06:19:21', 84, 84, 2, '2026-04-01', 'Facture FF260087 - Hill Valley Networks (Réf: FAC-2026-20274)', 'FF260087', 'in_invoice', 499, NULL, NULL, NULL, 1110.00, NULL, 82),
(7827, '2026-04-17 06:19:21', '2026-04-17 06:19:21', 84, 84, 3, '2026-03-03', 'RF260060 - Hill Valley Networks - Facture FF260071', 'RF260060', 'in_invoice', NULL, 134, NULL, NULL, 1110.00, NULL, 82),
(7828, '2026-04-17 06:19:21', '2026-04-17 06:19:21', 84, 84, 3, '2026-03-05', 'RF260061 - Doc Brown Industries - Facture FF260072', 'RF260061', 'in_invoice', NULL, 135, NULL, NULL, 5.99, NULL, 82),
(7829, '2026-04-17 06:19:21', '2026-04-17 06:19:21', 84, 84, 3, '2026-03-17', 'RF260062 - Linkedin - Facture FF260075', 'RF260062', 'in_invoice', NULL, 136, NULL, NULL, 337.09, NULL, 82),
(7830, '2026-04-17 06:19:21', '2026-04-17 06:19:21', 84, 84, 4, '2026-03-17', 'TVA encaissements - RF260062 / FF260075', 'RF260062', 'in_invoice', NULL, 136, NULL, 7829, 337.09, NULL, 82),
(7831, '2026-04-17 06:19:21', '2026-04-17 06:19:21', 84, 84, 3, '2026-03-17', 'RF260064 - Clara Clayton Consulting - Facture FF260077', 'RF260064', 'in_invoice', NULL, 138, NULL, NULL, 45.00, NULL, 82),
(7832, '2026-04-17 06:19:21', '2026-04-17 06:19:21', 84, 84, 3, '2026-03-19', 'RF260065 - Jennifer Parker Design - Facture FF260081', 'RF260065', 'in_invoice', NULL, 139, NULL, NULL, 450.16, NULL, 82),
(7833, '2026-04-17 06:19:21', '2026-04-17 06:19:21', 84, 84, 4, '2026-03-19', 'TVA encaissements - RF260065 / FF260081', 'RF260065', 'in_invoice', NULL, 139, NULL, 7832, 450.16, NULL, 82),
(7834, '2026-04-17 06:19:21', '2026-04-17 06:19:21', 84, 84, 3, '2026-03-18', 'RF260066 - Jennifer Parker Design - Facture FF260082', 'RF260066', 'in_invoice', NULL, 140, NULL, NULL, 311.55, NULL, 82),
(7835, '2026-04-17 06:19:21', '2026-04-17 06:19:21', 84, 84, 4, '2026-03-18', 'TVA encaissements - RF260066 / FF260082', 'RF260066', 'in_invoice', NULL, 140, NULL, 7834, 311.55, NULL, 82),
(7836, '2026-04-17 06:19:21', '2026-04-17 06:19:21', 84, 84, 3, '2026-03-10', 'RF260067 - Lorraine Conseil - Facture FF260083', 'RF260067', 'in_invoice', NULL, 141, NULL, NULL, 18.24, NULL, 82),
(7837, '2026-04-17 06:19:21', '2026-04-17 06:19:21', 84, 84, 3, '2026-03-11', 'RE260018 - Générateurs Mr. Fusion France - Facture FC260030', 'RE260018', 'in_invoice', NULL, 142, NULL, NULL, 27.59, NULL, 82),
(7843, '2026-04-17 06:19:21', '2026-04-17 06:19:21', 84, 84, 3, '2026-03-26', 'RE260020 - Horlogerie de la Place du Clocher - Facture FC260028', 'RE260020', 'in_invoice', NULL, 144, NULL, NULL, 75.58, NULL, 82),
(7844, '2026-04-17 06:19:21', '2026-04-17 06:19:21', 84, 84, 3, '2026-03-26', 'RE260021 - Horlogerie de la Place du Clocher - Facture FC260031', 'RE260021', 'in_invoice', NULL, 145, NULL, NULL, 75.58, NULL, 82),
(7845, '2026-04-17 06:19:21', '2026-04-17 06:19:21', 84, 84, 3, '2026-03-13', 'RF260068 - Clara Clayton Consulting - Facture FF260080', 'RF260068', 'in_invoice', NULL, 146, NULL, NULL, 45.00, NULL, 82),
(7846, '2026-04-17 10:53:34', '2026-04-17 11:01:22', 84, 84, 3, '2026-03-18', 'RE260019 - SARL DEMO ONE - Facture FC250012, FC250014, FC260026, FC260029', 'RE260019', 'in_invoice', NULL, 143, NULL, NULL, 254.37, NULL, 82),
(7847, '2026-04-17 10:53:34', '2026-04-17 10:53:34', 84, 84, 4, '2026-03-18', 'TVA encaissements - RE260019 / FC250012', 'RE260019', 'out_invoice', NULL, 143, NULL, 7846, 71.99, NULL, 82),
(7848, '2026-04-17 10:53:34', '2026-04-17 10:53:34', 84, 84, 4, '2026-03-18', 'TVA encaissements - RE260019 / FC250014', 'RE260019', 'out_invoice', NULL, 143, NULL, 7846, 38.40, NULL, 82),
(7849, '2026-04-17 10:53:34', '2026-04-17 10:53:34', 84, 84, 4, '2026-03-18', 'TVA encaissements - RE260019 / FC260026', 'RE260019', 'out_invoice', NULL, 143, NULL, 7846, 71.99, NULL, 82),
(7850, '2026-04-17 10:53:34', '2026-04-17 10:53:34', 84, 84, 4, '2026-03-18', 'TVA encaissements - RE260019 / FC260029', 'RE260019', 'out_invoice', NULL, 143, NULL, 7846, 71.99, NULL, 82),
(7851, '2026-04-17 11:00:09', '2026-04-17 11:00:09', 84, 84, 2, '2026-03-10', 'Facture FF260068 - Hoverboard Systems (Réf: SERV202602-56547)', 'FF260068', 'in_invoice', 472, NULL, NULL, NULL, 70.36, NULL, 82),
(7852, '2026-04-17 11:00:09', '2026-04-17 11:00:09', 84, 84, 2, '2026-03-11', 'Facture FF260084 - Hoverboard Systems (Réf: SERV202603-58553)', 'FF260084', 'in_invoice', 496, NULL, NULL, NULL, 12.60, NULL, 82),
(7853, '2026-04-17 11:00:09', '2026-04-17 11:00:09', 84, 84, 3, '2026-03-11', 'RF260069 - Hoverboard Systems - Facture FF260064, FF260068', 'RF260069', 'in_invoice', NULL, 148, NULL, NULL, 77.13, NULL, 82),
(7854, '2026-04-17 11:00:09', '2026-04-17 11:00:09', 84, 84, 4, '2026-03-11', 'TVA encaissements - RF260069 / FF260068', 'RF260069', 'in_invoice', NULL, 148, NULL, 7853, 70.36, NULL, 82),
(7855, '2026-04-17 11:01:22', '2026-04-17 11:01:22', 84, 84, 2, '2026-03-30', 'Facture FF260078 - Clara Clayton Consulting (Réf: 177208122)', 'FF260078', 'in_invoice', 490, NULL, NULL, NULL, 268.00, NULL, 82),
(7856, '2026-04-17 11:01:22', '2026-04-17 11:01:22', 84, 84, 3, '2026-03-31', 'RF260070 - Clara Clayton Consulting - Facture FF260078', 'RF260070', 'in_invoice', NULL, 149, NULL, NULL, 268.00, NULL, 82),
(7857, '2026-04-17 11:02:18', '2026-04-17 11:02:18', 84, 84, 3, '2026-03-18', 'RF260071 - DeLorean Industries - Facture FF260085', 'RF260071', 'in_invoice', NULL, 150, NULL, NULL, 18.00, NULL, 82);

--
-- Déchargement des données de la table `account_move_line_aml`
--

INSERT INTO `account_move_line_aml` (`aml_id`, `aml_created`, `aml_updated`, `fk_usr_id_author`, `fk_usr_id_updater`, `fk_amo_id`, `fk_acc_id`, `fk_ajl_id`, `aml_label_entry`, `aml_ref`, `aml_date`, `aml_credit`, `aml_debit`, `aml_lettering_code`, `aml_lettering_date`, `fk_abr_id`, `aml_abr_code`, `aml_abr_date`, `fk_tax_id`, `aml_is_tax_line`, `fk_parent_aml_id`) VALUES
(41503, NULL, NULL, NULL, NULL, 7517, 360, 2, 'Facture FF250004 Lorraine Conseil', 'FF250004', '2025-05-09', 0.00, 3.99, NULL, NULL, NULL, NULL, NULL, NULL, NULL, NULL),
(41504, NULL, NULL, NULL, NULL, 7517, 4, 2, 'Facture FF250004 Lorraine Conseil', 'FF250004', '2025-05-09', 3.99, 0.00, 'AAH', '2025-11-21', NULL, NULL, NULL, NULL, NULL, NULL),
(41505, NULL, NULL, NULL, NULL, 7518, 309, 2, 'Avoir AF250001 Goldie Wilson Electronics', 'AF250001', '2025-05-02', 0.29, 0.00, NULL, NULL, NULL, NULL, NULL, NULL, NULL, NULL),
(41506, NULL, NULL, NULL, NULL, 7518, 430, 2, 'Avoir AF250001 Goldie Wilson Electronics', 'AF250001', '2025-05-02', 0.06, 0.00, NULL, NULL, NULL, NULL, NULL, NULL, NULL, NULL),
(41507, NULL, NULL, NULL, NULL, 7518, 404, 2, 'Avoir AF250001 Goldie Wilson Electronics', 'AF250001', '2025-05-02', 0.00, 0.35, 'AAA', '2025-11-21', NULL, NULL, NULL, NULL, NULL, NULL),
(41508, NULL, NULL, NULL, NULL, 7519, 103, 3, 'Règlement RF250002 - Doc Brown Industries - FF250003', 'RF250002', '2025-05-12', 5.99, 0.00, NULL, NULL, 14, 'X', '2025-11-21', NULL, NULL, NULL),
(41509, NULL, NULL, NULL, NULL, 7519, 395, 3, 'Règlement RF250002 - Doc Brown Industries - FF250003', 'RF250002', '2025-05-12', 0.00, 5.99, 'AAI', '2025-11-21', NULL, NULL, NULL, NULL, NULL, NULL),
(41510, NULL, NULL, NULL, NULL, 7520, 103, 3, 'Règlement RF250003 - Lorraine Conseil - FF250004', 'RF250003', '2025-05-12', 3.99, 0.00, NULL, NULL, 14, 'X', '2025-11-21', NULL, NULL, NULL),
(41511, NULL, NULL, NULL, NULL, 7520, 4, 3, 'Règlement RF250003 - Lorraine Conseil - FF250004', 'RF250003', '2025-05-12', 0.00, 3.99, 'AAH', '2025-11-21', NULL, NULL, NULL, NULL, NULL, NULL),
(41512, NULL, NULL, NULL, NULL, 7521, 103, 3, 'Règlement RE250043 - Goldie Wilson Electronics - AF250001', 'RE250043', '2025-05-02', 0.00, 0.35, NULL, NULL, 14, 'X', '2025-11-21', NULL, NULL, NULL),
(41513, NULL, NULL, NULL, NULL, 7521, 404, 3, 'Règlement RE250043 - Goldie Wilson Electronics - AF250001', 'RE250043', '2025-05-02', 0.35, 0.00, 'AAA', '2025-11-21', NULL, NULL, NULL, NULL, NULL, NULL),
(41514, NULL, NULL, NULL, NULL, 7522, 360, 2, 'Facture FF250003 Doc Brown Industries', 'FF250003', '2025-05-19', 0.00, 4.99, NULL, NULL, NULL, NULL, NULL, NULL, NULL, NULL),
(41515, NULL, NULL, NULL, NULL, 7522, 430, 2, 'Facture FF250003 Doc Brown Industries', 'FF250003', '2025-05-19', 0.00, 1.00, NULL, NULL, NULL, NULL, NULL, NULL, NULL, NULL),
(41516, NULL, NULL, NULL, NULL, 7522, 395, 2, 'Facture FF250003 Doc Brown Industries', 'FF250003', '2025-05-19', 5.99, 0.00, 'AAI', '2025-11-21', NULL, NULL, NULL, NULL, NULL, NULL),
(41517, NULL, NULL, NULL, NULL, 7523, 2, 2, 'Facture FF250005 Hill Valley Solutions', 'FF250005', '2025-05-16', 0.00, 90.99, NULL, NULL, NULL, NULL, NULL, NULL, NULL, NULL),
(41518, NULL, NULL, NULL, NULL, 7523, 430, 2, 'Facture FF250005 Hill Valley Solutions', 'FF250005', '2025-05-16', 0.00, 18.20, NULL, NULL, NULL, NULL, NULL, NULL, NULL, NULL),
(41519, NULL, NULL, NULL, NULL, 7523, 401, 2, 'Facture FF250005 Hill Valley Solutions', 'FF250005', '2025-05-16', 109.19, 0.00, 'AAD', '2025-11-21', NULL, NULL, NULL, NULL, NULL, NULL),
(41520, NULL, NULL, NULL, NULL, 7524, 360, 2, 'Facture FF250006 Doc Brown Industries', 'FF250006', '2025-05-16', 0.00, 40.54, NULL, NULL, NULL, NULL, NULL, NULL, NULL, NULL),
(41521, NULL, NULL, NULL, NULL, 7524, 430, 2, 'Facture FF250006 Doc Brown Industries', 'FF250006', '2025-05-16', 0.00, 8.11, NULL, NULL, NULL, NULL, NULL, NULL, NULL, NULL),
(41522, NULL, NULL, NULL, NULL, 7524, 395, 2, 'Facture FF250006 Doc Brown Industries', 'FF250006', '2025-05-16', 48.65, 0.00, 'AAL', '2025-11-21', NULL, NULL, NULL, NULL, NULL, NULL),
(41523, NULL, NULL, NULL, NULL, 7525, 315, 2, 'Facture FF250007 Needles Trading', 'FF250007', '2025-05-28', 0.00, 230.00, NULL, NULL, NULL, NULL, NULL, NULL, NULL, NULL),
(41524, NULL, NULL, NULL, NULL, 7525, 4, 2, 'Facture FF250007 Needles Trading', 'FF250007', '2025-05-28', 230.00, 0.00, 'AAJ', '2025-11-21', NULL, NULL, NULL, NULL, NULL, NULL),
(41525, NULL, NULL, NULL, NULL, 7526, 103, 3, 'Règlement RF250004 - Hill Valley Solutions - FF250005', 'RF250004', '2025-05-18', 109.19, 0.00, NULL, NULL, 14, 'X', '2025-11-21', NULL, NULL, NULL),
(41526, NULL, NULL, NULL, NULL, 7526, 401, 3, 'Règlement RF250004 - Hill Valley Solutions - FF250005', 'RF250004', '2025-05-18', 0.00, 109.19, 'AAD', '2025-11-21', NULL, NULL, NULL, NULL, NULL, NULL),
(41527, NULL, NULL, NULL, NULL, 7527, 103, 3, 'Règlement RF250005 - Doc Brown Industries - FF250006', 'RF250005', '2025-05-20', 48.65, 0.00, NULL, NULL, 14, 'X', '2025-11-21', NULL, NULL, NULL),
(41528, NULL, NULL, NULL, NULL, 7527, 395, 3, 'Règlement RF250005 - Doc Brown Industries - FF250006', 'RF250005', '2025-05-20', 0.00, 48.65, 'AAL', '2025-11-21', NULL, NULL, NULL, NULL, NULL, NULL),
(41529, NULL, NULL, NULL, NULL, 7528, 103, 3, 'Règlement RF250006 - Needles Trading - FF250007', 'RF250006', '2025-05-29', 230.00, 0.00, NULL, NULL, 14, 'X', '2025-11-21', NULL, NULL, NULL),
(41530, NULL, NULL, NULL, NULL, 7528, 4, 3, 'Règlement RF250006 - Needles Trading - FF250007', 'RF250006', '2025-05-29', 0.00, 230.00, 'AAJ', '2025-11-21', NULL, NULL, NULL, NULL, NULL, NULL),
(41534, NULL, NULL, NULL, NULL, 7530, 360, 2, 'Facture FF250008 Doc Brown Industries', 'FF250008', '2025-06-01', 0.00, 2.14, NULL, NULL, NULL, NULL, NULL, NULL, NULL, NULL),
(41535, NULL, NULL, NULL, NULL, 7530, 430, 2, 'Facture FF250008 Doc Brown Industries', 'FF250008', '2025-06-01', 0.00, 0.43, NULL, NULL, NULL, NULL, NULL, NULL, NULL, NULL),
(41536, NULL, NULL, NULL, NULL, 7530, 395, 2, 'Facture FF250008 Doc Brown Industries', 'FF250008', '2025-06-01', 2.57, 0.00, 'AAC', '2025-11-21', NULL, NULL, NULL, NULL, NULL, NULL),
(41537, NULL, NULL, NULL, NULL, 7531, 360, 2, 'Facture FF250009 Hill Valley Solutions', 'FF250009', '2025-06-15', 0.00, 1298.81, NULL, NULL, NULL, NULL, NULL, NULL, NULL, NULL),
(41538, NULL, NULL, NULL, NULL, 7531, 430, 2, 'Facture FF250009 Hill Valley Solutions', 'FF250009', '2025-06-15', 0.00, 259.76, NULL, NULL, NULL, NULL, NULL, NULL, NULL, NULL),
(41539, NULL, NULL, NULL, NULL, 7531, 401, 2, 'Facture FF250009 Hill Valley Solutions', 'FF250009', '2025-06-15', 1558.57, 0.00, 'AAE', '2025-11-21', NULL, NULL, NULL, NULL, NULL, NULL),
(41540, NULL, NULL, NULL, NULL, 7532, 360, 2, 'Facture FF250010 Hill Valley Solutions', 'FF250010', '2025-06-17', 0.00, 21.99, NULL, NULL, NULL, NULL, NULL, NULL, NULL, NULL),
(41541, NULL, NULL, NULL, NULL, 7532, 315, 2, 'Facture FF250010 Hill Valley Solutions', 'FF250010', '2025-06-17', 0.00, 0.17, NULL, NULL, NULL, NULL, NULL, NULL, NULL, NULL),
(41542, NULL, NULL, NULL, NULL, 7532, 430, 2, 'Facture FF250010 Hill Valley Solutions', 'FF250010', '2025-06-17', 0.00, 4.43, NULL, NULL, NULL, NULL, NULL, NULL, NULL, NULL),
(41543, NULL, NULL, NULL, NULL, 7532, 401, 2, 'Facture FF250010 Hill Valley Solutions', 'FF250010', '2025-06-17', 26.59, 0.00, 'AAC', '2025-11-21', NULL, NULL, NULL, NULL, NULL, NULL),
(41544, NULL, NULL, NULL, NULL, 7533, 360, 2, 'Facture FF250011 Doc Brown Industries', 'FF250011', '2025-06-16', 0.00, 1.00, NULL, NULL, NULL, NULL, NULL, NULL, NULL, NULL),
(41545, NULL, NULL, NULL, NULL, 7533, 430, 2, 'Facture FF250011 Doc Brown Industries', 'FF250011', '2025-06-16', 0.00, 0.20, NULL, NULL, NULL, NULL, NULL, NULL, NULL, NULL),
(41546, NULL, NULL, NULL, NULL, 7533, 395, 2, 'Facture FF250011 Doc Brown Industries', 'FF250011', '2025-06-16', 1.20, 0.00, 'AAD', '2025-11-21', NULL, NULL, NULL, NULL, NULL, NULL),
(41547, NULL, NULL, NULL, NULL, 7534, 315, 2, 'Facture FF250012 Emmett Brown Systems', 'FF250012', '2025-06-27', 0.00, 737.33, NULL, NULL, NULL, NULL, NULL, NULL, NULL, NULL),
(41548, NULL, NULL, NULL, NULL, 7534, 430, 2, 'Facture FF250012 Emmett Brown Systems', 'FF250012', '2025-06-27', 0.00, 147.47, NULL, NULL, NULL, NULL, NULL, NULL, NULL, NULL),
(41549, NULL, NULL, NULL, NULL, 7534, 397, 2, 'Facture FF250012 Emmett Brown Systems', 'FF250012', '2025-06-27', 884.80, 0.00, 'AAA', '2025-11-21', NULL, NULL, NULL, NULL, NULL, NULL),
(41550, NULL, NULL, NULL, NULL, 7535, 2, 2, 'Facture FF250013 Biff Enterprises SA', 'FF250013', '2025-06-30', 0.00, 22411.99, NULL, NULL, NULL, NULL, NULL, NULL, NULL, NULL),
(41551, NULL, NULL, NULL, NULL, 7535, 381, 2, 'Facture FF250013 Biff Enterprises SA', 'FF250013', '2025-06-30', 0.00, 54.00, NULL, NULL, NULL, NULL, NULL, NULL, NULL, NULL),
(41552, NULL, NULL, NULL, NULL, 7535, 382, 2, 'Facture FF250013 Biff Enterprises SA - Autoliquidation TVA', 'FF250013', '2025-06-30', 0.00, 4493.20, NULL, NULL, NULL, NULL, NULL, NULL, NULL, NULL),
(41553, NULL, NULL, NULL, NULL, 7535, 385, 2, 'Facture FF250013 Biff Enterprises SA - Contrepartie autoliquidation TVA', 'FF250013', '2025-06-30', 4493.20, 0.00, NULL, NULL, NULL, NULL, NULL, NULL, NULL, NULL),
(41554, NULL, NULL, NULL, NULL, 7535, 399, 2, 'Facture FF250013 Biff Enterprises SA', 'FF250013', '2025-06-30', 22465.99, 0.00, 'AAA', '2025-11-21', NULL, NULL, NULL, NULL, NULL, NULL),
(41555, NULL, NULL, NULL, NULL, 7536, 336, 2, 'Facture FF250014 Tannen Corp', 'FF250014', '2025-06-30', 0.00, 203.00, NULL, NULL, NULL, NULL, NULL, NULL, NULL, NULL),
(41556, NULL, NULL, NULL, NULL, 7536, 4, 2, 'Facture FF250014 Tannen Corp', 'FF250014', '2025-06-30', 203.00, 0.00, 'AAC', '2025-11-21', NULL, NULL, NULL, NULL, NULL, NULL),
(41557, NULL, NULL, NULL, NULL, 7537, 103, 3, 'Règlement RF250007 - Doc Brown Industries - FF250008', 'RF250007', '2025-06-06', 2.57, 0.00, NULL, NULL, 15, 'X', '2025-11-21', NULL, NULL, NULL),
(41558, NULL, NULL, NULL, NULL, 7537, 395, 3, 'Règlement RF250007 - Doc Brown Industries - FF250008', 'RF250007', '2025-06-06', 0.00, 2.57, 'AAC', '2025-11-21', NULL, NULL, NULL, NULL, NULL, NULL),
(41559, NULL, NULL, NULL, NULL, 7538, 103, 3, 'Règlement RF250008 - Hill Valley Solutions - FF250009', 'RF250008', '2025-06-17', 1558.57, 0.00, NULL, NULL, 15, 'X', '2025-11-21', NULL, NULL, NULL),
(41560, NULL, NULL, NULL, NULL, 7538, 401, 3, 'Règlement RF250008 - Hill Valley Solutions - FF250009', 'RF250008', '2025-06-17', 0.00, 1558.57, 'AAE', '2025-11-21', NULL, NULL, NULL, NULL, NULL, NULL),
(41561, NULL, NULL, NULL, NULL, 7539, 103, 3, 'Règlement RF250009 - Hill Valley Solutions - FF250010', 'RF250009', '2025-06-19', 26.59, 0.00, NULL, NULL, 15, 'X', '2025-11-21', NULL, NULL, NULL),
(41562, NULL, NULL, NULL, NULL, 7539, 401, 3, 'Règlement RF250009 - Hill Valley Solutions - FF250010', 'RF250009', '2025-06-19', 0.00, 26.59, 'AAC', '2025-11-21', NULL, NULL, NULL, NULL, NULL, NULL),
(41563, NULL, NULL, NULL, NULL, 7540, 103, 3, 'Règlement RF250010 - Doc Brown Industries - FF250011', 'RF250010', '2025-06-19', 1.20, 0.00, NULL, NULL, 15, 'X', '2025-11-21', NULL, NULL, NULL),
(41564, NULL, NULL, NULL, NULL, 7540, 395, 3, 'Règlement RF250010 - Doc Brown Industries - FF250011', 'RF250010', '2025-06-19', 0.00, 1.20, 'AAD', '2025-11-21', NULL, NULL, NULL, NULL, NULL, NULL),
(41565, NULL, NULL, NULL, NULL, 7541, 103, 3, 'Règlement RF250011 - Emmett Brown Systems - FF250012', 'RF250011', '2025-06-30', 884.80, 0.00, NULL, NULL, 15, 'X', '2025-11-21', NULL, NULL, NULL),
(41566, NULL, NULL, NULL, NULL, 7541, 397, 3, 'Règlement RF250011 - Emmett Brown Systems - FF250012', 'RF250011', '2025-06-30', 0.00, 884.80, 'AAA', '2025-11-21', NULL, NULL, NULL, NULL, NULL, NULL),
(41567, NULL, NULL, NULL, NULL, 7542, 360, 2, 'Facture FF250015 Doc Brown Industries', 'FF250015', '2025-07-01', 0.00, 6.15, NULL, NULL, NULL, NULL, NULL, NULL, NULL, NULL),
(41568, NULL, NULL, NULL, NULL, 7542, 430, 2, 'Facture FF250015 Doc Brown Industries', 'FF250015', '2025-07-01', 0.00, 1.23, NULL, NULL, NULL, NULL, NULL, NULL, NULL, NULL),
(41569, NULL, NULL, NULL, NULL, 7542, 395, 2, 'Facture FF250015 Doc Brown Industries', 'FF250015', '2025-07-01', 7.38, 0.00, 'AAE', '2025-11-21', NULL, NULL, NULL, NULL, NULL, NULL),
(41570, NULL, NULL, NULL, NULL, 7543, 360, 2, 'Facture FF250016 Doc Brown Industries', 'FF250016', '2025-07-02', 0.00, 5.59, NULL, NULL, NULL, NULL, NULL, NULL, NULL, NULL),
(41571, NULL, NULL, NULL, NULL, 7543, 430, 2, 'Facture FF250016 Doc Brown Industries', 'FF250016', '2025-07-02', 0.00, 1.12, NULL, NULL, NULL, NULL, NULL, NULL, NULL, NULL),
(41572, NULL, NULL, NULL, NULL, 7543, 395, 2, 'Facture FF250016 Doc Brown Industries', 'FF250016', '2025-07-02', 6.71, 0.00, 'AAF', '2025-11-21', NULL, NULL, NULL, NULL, NULL, NULL),
(41573, NULL, NULL, NULL, NULL, 7544, 103, 3, 'Règlement RF250024 - Biff Enterprises SA - FF250013', 'RF250024', '2025-07-01', 22465.99, 0.00, NULL, NULL, 16, 'X', '2025-11-21', NULL, NULL, NULL),
(41574, NULL, NULL, NULL, NULL, 7544, 399, 3, 'Règlement RF250024 - Biff Enterprises SA - FF250013', 'RF250024', '2025-07-01', 0.00, 22465.99, 'AAA', '2025-11-21', NULL, NULL, NULL, NULL, NULL, NULL),
(41575, NULL, NULL, NULL, NULL, 7545, 103, 3, 'Règlement RF250012 - Tannen Corp - FF250014', 'RF250012', '2025-07-03', 203.00, 0.00, NULL, NULL, 16, 'X', '2025-11-21', NULL, NULL, NULL),
(41576, NULL, NULL, NULL, NULL, 7545, 4, 3, 'Règlement RF250012 - Tannen Corp - FF250014', 'RF250012', '2025-07-03', 0.00, 203.00, 'AAC', '2025-11-21', NULL, NULL, NULL, NULL, NULL, NULL),
(41577, NULL, NULL, NULL, NULL, 7546, 103, 3, 'Règlement RF250013 - Doc Brown Industries - FF250015', 'RF250013', '2025-07-07', 7.38, 0.00, NULL, NULL, 16, 'X', '2025-11-21', NULL, NULL, NULL),
(41578, NULL, NULL, NULL, NULL, 7546, 395, 3, 'Règlement RF250013 - Doc Brown Industries - FF250015', 'RF250013', '2025-07-07', 0.00, 7.38, 'AAE', '2025-11-21', NULL, NULL, NULL, NULL, NULL, NULL),
(41579, NULL, NULL, NULL, NULL, 7547, 103, 3, 'Règlement RF250014 - Doc Brown Industries - FF250016', 'RF250014', '2025-07-07', 6.71, 0.00, NULL, NULL, 16, 'X', '2025-11-21', NULL, NULL, NULL),
(41580, NULL, NULL, NULL, NULL, 7547, 395, 3, 'Règlement RF250014 - Doc Brown Industries - FF250016', 'RF250014', '2025-07-07', 0.00, 6.71, 'AAF', '2025-11-21', NULL, NULL, NULL, NULL, NULL, NULL),
(41585, NULL, NULL, NULL, NULL, 7549, 338, 2, 'Facture FF250017 Lone Pine SARL', 'FF250017', '2025-07-08', 0.00, 296.00, NULL, NULL, NULL, NULL, NULL, NULL, NULL, NULL),
(41586, NULL, NULL, NULL, NULL, 7549, 383, 2, 'Facture FF250017 Lone Pine SARL - Autoliquidation TVA', 'FF250017', '2025-07-08', 0.00, 59.20, NULL, NULL, NULL, NULL, NULL, NULL, NULL, NULL),
(41587, NULL, NULL, NULL, NULL, 7549, 384, 2, 'Facture FF250017 Lone Pine SARL - Contrepartie autoliquidation TVA', 'FF250017', '2025-07-08', 59.20, 0.00, NULL, NULL, NULL, NULL, NULL, NULL, NULL, NULL),
(41588, NULL, NULL, NULL, NULL, 7549, 400, 2, 'Facture FF250017 Lone Pine SARL', 'FF250017', '2025-07-08', 296.00, 0.00, 'AAD', '2025-11-21', NULL, NULL, NULL, NULL, NULL, NULL),
(41589, NULL, NULL, NULL, NULL, 7550, 2, 2, 'Facture FF250019 Lyon Estates Tech', 'FF250019', '2025-07-15', 0.00, 715.11, NULL, NULL, NULL, NULL, NULL, NULL, NULL, NULL),
(41590, NULL, NULL, NULL, NULL, 7550, 430, 2, 'Facture FF250019 Lyon Estates Tech', 'FF250019', '2025-07-15', 0.00, 143.02, NULL, NULL, NULL, NULL, NULL, NULL, NULL, NULL),
(41591, NULL, NULL, NULL, NULL, 7550, 406, 2, 'Facture FF250019 Lyon Estates Tech', 'FF250019', '2025-07-15', 858.13, 0.00, 'AAA', '2025-11-21', NULL, NULL, NULL, NULL, NULL, NULL),
(41600, NULL, NULL, NULL, NULL, 7553, 338, 2, 'Facture FF250023 Twin Pines Services', 'FF250023', '2025-07-16', 0.00, 9.86, NULL, NULL, NULL, NULL, NULL, NULL, NULL, NULL),
(41601, NULL, NULL, NULL, NULL, 7553, 4, 2, 'Facture FF250023 Twin Pines Services', 'FF250023', '2025-07-16', 9.86, 0.00, 'AAD', '2025-11-21', NULL, NULL, NULL, NULL, NULL, NULL),
(41602, NULL, NULL, NULL, NULL, 7554, 338, 2, 'Facture FF250024 Lone Pine SARL', 'FF250024', '2025-07-23', 0.00, 276.00, NULL, NULL, NULL, NULL, NULL, NULL, NULL, NULL),
(41603, NULL, NULL, NULL, NULL, 7554, 430, 2, 'Facture FF250024 Lone Pine SARL', 'FF250024', '2025-07-23', 0.00, 55.20, NULL, NULL, NULL, NULL, NULL, NULL, NULL, NULL),
(41604, NULL, NULL, NULL, NULL, 7554, 400, 2, 'Facture FF250024 Lone Pine SARL', 'FF250024', '2025-07-23', 331.20, 0.00, 'AAE', '2025-11-21', NULL, NULL, NULL, NULL, NULL, NULL),
(41605, NULL, NULL, NULL, NULL, 7555, 338, 2, 'Facture FF250025 McFly Corp', 'FF250025', '2025-07-31', 0.00, 227.97, NULL, NULL, NULL, NULL, NULL, NULL, NULL, NULL),
(41606, NULL, NULL, NULL, NULL, 7555, 381, 2, 'Facture FF250025 McFly Corp', 'FF250025', '2025-07-31', 0.00, 18.90, NULL, NULL, NULL, NULL, NULL, NULL, NULL, NULL),
(41607, NULL, NULL, NULL, NULL, 7555, 430, 2, 'Facture FF250025 McFly Corp', 'FF250025', '2025-07-31', 0.00, 49.37, NULL, NULL, NULL, NULL, NULL, NULL, NULL, NULL),
(41608, NULL, NULL, NULL, NULL, 7555, 396, 2, 'Facture FF250025 McFly Corp', 'FF250025', '2025-07-31', 296.24, 0.00, 'AAA', '2025-11-21', NULL, NULL, NULL, NULL, NULL, NULL),
(41609, NULL, NULL, NULL, NULL, 7556, 336, 2, 'Facture FF250026 Tannen Corp', 'FF250026', '2025-07-31', 0.00, 96.00, NULL, NULL, NULL, NULL, NULL, NULL, NULL, NULL),
(41610, NULL, NULL, NULL, NULL, 7556, 4, 2, 'Facture FF250026 Tannen Corp', 'FF250026', '2025-07-31', 96.00, 0.00, 'AAE', '2025-11-21', NULL, NULL, NULL, NULL, NULL, NULL),
(41611, NULL, NULL, NULL, NULL, 7557, 333, 2, 'Facture FF250029 Hill Valley Networks', 'FF250029', '2025-07-30', 0.00, 1500.00, NULL, NULL, NULL, NULL, NULL, NULL, NULL, NULL),
(41612, NULL, NULL, NULL, NULL, 7557, 430, 2, 'Facture FF250029 Hill Valley Networks', 'FF250029', '2025-07-30', 0.00, 300.00, NULL, NULL, NULL, NULL, NULL, NULL, NULL, NULL),
(41613, NULL, NULL, NULL, NULL, 7557, 403, 2, 'Facture FF250029 Hill Valley Networks', 'FF250029', '2025-07-30', 1800.00, 0.00, 'AAC', '2025-11-21', NULL, NULL, NULL, NULL, NULL, NULL),
(41614, NULL, NULL, NULL, NULL, 7558, 103, 3, 'Règlement RF250015 - Lyon Estates Tech - FF250019', 'RF250015', '2025-07-13', 858.13, 0.00, NULL, NULL, 16, 'X', '2025-11-21', NULL, NULL, NULL),
(41615, NULL, NULL, NULL, NULL, 7558, 406, 3, 'Règlement RF250015 - Lyon Estates Tech - FF250019', 'RF250015', '2025-07-13', 0.00, 858.13, 'AAA', '2025-11-21', NULL, NULL, NULL, NULL, NULL, NULL),
(41616, NULL, NULL, NULL, NULL, 7559, 103, 3, 'Règlement RF250016 - Twin Pines Services - FF250023', 'RF250016', '2025-07-17', 9.86, 0.00, NULL, NULL, 16, 'X', '2025-11-21', NULL, NULL, NULL),
(41617, NULL, NULL, NULL, NULL, 7559, 4, 3, 'Règlement RF250016 - Twin Pines Services - FF250023', 'RF250016', '2025-07-17', 0.00, 9.86, 'AAD', '2025-11-21', NULL, NULL, NULL, NULL, NULL, NULL),
(41618, NULL, NULL, NULL, NULL, 7560, 103, 3, 'Règlement RF250017 - Lone Pine SARL - FF250024', 'RF250017', '2025-07-23', 331.20, 0.00, NULL, NULL, 16, 'X', '2025-11-21', NULL, NULL, NULL),
(41619, NULL, NULL, NULL, NULL, 7560, 400, 3, 'Règlement RF250017 - Lone Pine SARL - FF250024', 'RF250017', '2025-07-23', 0.00, 331.20, 'AAE', '2025-11-21', NULL, NULL, NULL, NULL, NULL, NULL),
(41620, NULL, NULL, NULL, NULL, 7561, 103, 3, 'Règlement RF250018 - McFly Corp - FF250025', 'RF250018', '2025-07-30', 296.24, 0.00, NULL, NULL, 16, 'X', '2025-11-21', NULL, NULL, NULL),
(41621, NULL, NULL, NULL, NULL, 7561, 396, 3, 'Règlement RF250018 - McFly Corp - FF250025', 'RF250018', '2025-07-30', 0.00, 296.24, 'AAA', '2025-11-21', NULL, NULL, NULL, NULL, NULL, NULL),
(41622, NULL, NULL, NULL, NULL, 7562, 103, 3, 'Règlement RF250026 - Lone Pine SARL - FF250017', 'RF250026', '2025-07-08', 296.00, 0.00, NULL, NULL, 16, 'X', '2025-11-21', NULL, NULL, NULL),
(41623, NULL, NULL, NULL, NULL, 7562, 400, 3, 'Règlement RF250026 - Lone Pine SARL - FF250017', 'RF250026', '2025-07-08', 0.00, 296.00, 'AAD', '2025-11-21', NULL, NULL, NULL, NULL, NULL, NULL),
(41630, NULL, NULL, NULL, NULL, 7566, 389, 4, 'Constitution : constatation du capital non encore libéré', NULL, '2025-04-30', 0.00, 420000.00, NULL, NULL, NULL, NULL, NULL, NULL, NULL, NULL),
(41631, NULL, NULL, NULL, NULL, 7566, 386, 4, 'Constitution : constatation du capital non encore libéré', NULL, '2025-04-30', 420000.00, 0.00, NULL, NULL, NULL, NULL, NULL, NULL, NULL, NULL),
(41632, NULL, NULL, NULL, NULL, 7567, 103, 4, 'Constitution : versement du capital', NULL, '2025-05-07', 0.00, 210000.00, NULL, NULL, 14, 'X', '2025-11-21', NULL, NULL, NULL),
(41633, NULL, NULL, NULL, NULL, 7567, 389, 4, 'Constitution : versement du capital', NULL, '2025-05-07', 210000.00, 0.00, NULL, NULL, NULL, NULL, NULL, NULL, NULL, NULL),
(41634, NULL, NULL, NULL, NULL, 7568, 103, 3, 'Règlement RH250001 DSN CG INVESTORS (Erreur de compte)', 'RH250001', '2025-07-30', 397.00, 0.00, NULL, NULL, 16, 'X', '2025-11-21', NULL, NULL, NULL),
(41635, NULL, NULL, NULL, NULL, 7568, 414, 3, 'Règlement RH250001 DSN CG INVESTORS (Erreur de compte)', 'RH250001', '2025-07-30', 0.00, 397.00, NULL, NULL, NULL, NULL, NULL, NULL, NULL, NULL),
(41636, NULL, NULL, NULL, NULL, 7569, 315, 2, 'Facture FF250027 Einstein Security', 'FF250027', '2025-08-08', 0.00, 2000.00, NULL, NULL, NULL, NULL, NULL, NULL, NULL, NULL),
(41637, NULL, NULL, NULL, NULL, 7569, 430, 2, 'Facture FF250027 Einstein Security', 'FF250027', '2025-08-08', 0.00, 400.00, NULL, NULL, NULL, NULL, NULL, NULL, NULL, NULL),
(41638, NULL, NULL, NULL, NULL, 7569, 4, 2, 'Facture FF250027 Einstein Security', 'FF250027', '2025-08-08', 2400.00, 0.00, 'AAF', '2025-11-21', NULL, NULL, NULL, NULL, NULL, NULL),
(41639, NULL, NULL, NULL, NULL, 7570, 360, 2, 'Facture FF250028 Doc Brown Industries', 'FF250028', '2025-08-01', 0.00, 23.90, NULL, NULL, NULL, NULL, NULL, NULL, NULL, NULL),
(41640, NULL, NULL, NULL, NULL, 7570, 430, 2, 'Facture FF250028 Doc Brown Industries', 'FF250028', '2025-08-01', 0.00, 4.78, NULL, NULL, NULL, NULL, NULL, NULL, NULL, NULL),
(41641, NULL, NULL, NULL, NULL, 7570, 395, 2, 'Facture FF250028 Doc Brown Industries', 'FF250028', '2025-08-01', 28.68, 0.00, 'AAG', '2025-11-21', NULL, NULL, NULL, NULL, NULL, NULL),
(41642, NULL, NULL, NULL, NULL, 7571, 338, 2, 'Avoir AF250003 Lone Pine SARL', 'AF250003', '2025-08-01', 72.00, 0.00, NULL, NULL, NULL, NULL, NULL, NULL, NULL, NULL),
(41643, NULL, NULL, NULL, NULL, 7571, 400, 2, 'Avoir AF250003 Lone Pine SARL', 'AF250003', '2025-08-01', 0.00, 72.00, 'AAC', '2025-11-21', NULL, NULL, NULL, NULL, NULL, NULL),
(41644, NULL, NULL, NULL, NULL, 7572, 103, 3, 'Règlement RF250019 - Tannen Corp - FF250026', 'RF250019', '2025-08-16', 96.00, 0.00, NULL, NULL, 18, 'X', '2025-11-21', NULL, NULL, NULL),
(41645, NULL, NULL, NULL, NULL, 7572, 4, 3, 'Règlement RF250019 - Tannen Corp - FF250026', 'RF250019', '2025-08-16', 0.00, 96.00, 'AAE', '2025-11-21', NULL, NULL, NULL, NULL, NULL, NULL),
(41646, NULL, NULL, NULL, NULL, 7573, 103, 3, 'Règlement RF250020 - Einstein Security - FF250027', 'RF250020', '2025-08-15', 2400.00, 0.00, NULL, NULL, 18, 'X', '2025-11-21', NULL, NULL, NULL),
(41647, NULL, NULL, NULL, NULL, 7573, 4, 3, 'Règlement RF250020 - Einstein Security - FF250027', 'RF250020', '2025-08-15', 0.00, 2400.00, 'AAF', '2025-11-21', NULL, NULL, NULL, NULL, NULL, NULL),
(41648, NULL, NULL, NULL, NULL, 7574, 103, 3, 'Règlement RF250021 - Doc Brown Industries - FF250028', 'RF250021', '2025-08-07', 28.68, 0.00, NULL, NULL, 18, 'X', '2025-11-21', NULL, NULL, NULL),
(41649, NULL, NULL, NULL, NULL, 7574, 395, 3, 'Règlement RF250021 - Doc Brown Industries - FF250028', 'RF250021', '2025-08-07', 0.00, 28.68, 'AAG', '2025-11-21', NULL, NULL, NULL, NULL, NULL, NULL),
(41650, NULL, NULL, NULL, NULL, 7575, 103, 3, 'Règlement RF250022 - Hill Valley Networks - FF250029', 'RF250022', '2025-08-28', 1800.00, 0.00, NULL, NULL, 18, 'X', '2025-11-21', NULL, NULL, NULL),
(41651, NULL, NULL, NULL, NULL, 7575, 403, 3, 'Règlement RF250022 - Hill Valley Networks - FF250029', 'RF250022', '2025-08-28', 0.00, 1800.00, 'AAC', '2025-11-21', NULL, NULL, NULL, NULL, NULL, NULL),
(41652, NULL, NULL, NULL, NULL, 7576, 103, 3, 'Règlement RE250067 - Lone Pine SARL - AF250003', 'RE250067', '2025-08-04', 0.00, 72.00, NULL, NULL, 18, 'X', '2025-11-21', NULL, NULL, NULL),
(41653, NULL, NULL, NULL, NULL, 7576, 400, 3, 'Règlement RE250067 - Lone Pine SARL - AF250003', 'RE250067', '2025-08-04', 72.00, 0.00, 'AAC', '2025-11-21', NULL, NULL, NULL, NULL, NULL, NULL),
(41654, NULL, NULL, NULL, NULL, 7548, 1, 1, 'Facture FC250001 Tannen Excavation & Fumier ', 'FC250001', '2025-07-28', 239.90, 0.00, NULL, NULL, NULL, NULL, NULL, NULL, NULL, NULL),
(41655, NULL, NULL, NULL, NULL, 7548, 307, 1, 'Facture FC250001 Tannen Excavation & Fumier ', 'FC250001', '2025-07-28', 179.10, 0.00, NULL, NULL, NULL, NULL, NULL, NULL, NULL, NULL),
(41656, NULL, NULL, NULL, NULL, 7548, 428, 1, 'Facture FC250001 Tannen Excavation & Fumier ', 'FC250001', '2025-07-28', 83.80, 0.00, NULL, NULL, NULL, NULL, NULL, NULL, NULL, NULL),
(41657, NULL, '2026-03-10 10:17:20', NULL, 84, 7548, 407, 1, 'Facture FC250001 Tannen Excavation & Fumier ', 'FC250001', '2025-07-28', 0.00, 502.80, 'AAB', '2026-03-10', NULL, NULL, NULL, NULL, NULL, NULL),
(41658, NULL, NULL, NULL, NULL, 7577, 360, 2, 'Facture FF250033 Doc Brown Industries', 'FF250033', '2025-09-14', 0.00, 37.86, NULL, NULL, NULL, NULL, NULL, NULL, NULL, NULL),
(41659, NULL, NULL, NULL, NULL, 7577, 430, 2, 'Facture FF250033 Doc Brown Industries', 'FF250033', '2025-09-14', 0.00, 7.57, NULL, NULL, NULL, NULL, NULL, NULL, NULL, NULL),
(41660, NULL, NULL, NULL, NULL, 7577, 395, 2, 'Facture FF250033 Doc Brown Industries', 'FF250033', '2025-09-14', 45.43, 0.00, 'AAH', '2025-11-21', NULL, NULL, NULL, NULL, NULL, NULL),
(41661, NULL, NULL, NULL, NULL, 7578, 333, 2, 'Facture FF250034 Hill Valley Networks', 'FF250034', '2025-09-08', 0.00, 810.00, NULL, NULL, NULL, NULL, NULL, NULL, NULL, NULL),
(41662, NULL, NULL, NULL, NULL, 7578, 430, 2, 'Facture FF250034 Hill Valley Networks', 'FF250034', '2025-09-08', 0.00, 162.00, NULL, NULL, NULL, NULL, NULL, NULL, NULL, NULL),
(41663, NULL, NULL, NULL, NULL, 7578, 403, 2, 'Facture FF250034 Hill Valley Networks', 'FF250034', '2025-09-08', 972.00, 0.00, 'AAF', '2025-11-21', NULL, NULL, NULL, NULL, NULL, NULL),
(41664, NULL, NULL, NULL, NULL, 7579, 315, 2, 'Facture FF250036 Needles Trading', 'FF250036', '2025-09-12', 0.00, 270.00, NULL, NULL, NULL, NULL, NULL, NULL, NULL, NULL),
(41665, NULL, NULL, NULL, NULL, 7579, 4, 2, 'Facture FF250036 Needles Trading', 'FF250036', '2025-09-12', 270.00, 0.00, 'AAG', '2025-11-21', NULL, NULL, NULL, NULL, NULL, NULL),
(41666, NULL, NULL, NULL, NULL, 7580, 103, 3, 'Règlement RF250027 - Hill Valley Networks - FF250034', 'RF250027', '2025-09-10', 972.00, 0.00, NULL, NULL, 19, 'X', '2025-11-21', NULL, NULL, NULL),
(41667, NULL, NULL, NULL, NULL, 7580, 403, 3, 'Règlement RF250027 - Hill Valley Networks - FF250034', 'RF250027', '2025-09-10', 0.00, 972.00, 'AAF', '2025-11-21', NULL, NULL, NULL, NULL, NULL, NULL),
(41668, NULL, NULL, NULL, NULL, 7581, 103, 3, 'Règlement RF250028 - Needles Trading - FF250036', 'RF250028', '2025-09-13', 270.00, 0.00, NULL, NULL, 19, 'X', '2025-11-21', NULL, NULL, NULL),
(41669, NULL, NULL, NULL, NULL, 7581, 4, 3, 'Règlement RF250028 - Needles Trading - FF250036', 'RF250028', '2025-09-13', 0.00, 270.00, 'AAG', '2025-11-21', NULL, NULL, NULL, NULL, NULL, NULL),
(41670, NULL, NULL, NULL, NULL, 7582, 103, 3, 'Règlement RF250029 - Doc Brown Industries - FF250033', 'RF250029', '2025-09-17', 45.43, 0.00, NULL, NULL, 19, 'X', '2025-11-21', NULL, NULL, NULL),
(41671, NULL, NULL, NULL, NULL, 7582, 395, 3, 'Règlement RF250029 - Doc Brown Industries - FF250033', 'RF250029', '2025-09-17', 0.00, 45.43, 'AAH', '2025-11-21', NULL, NULL, NULL, NULL, NULL, NULL),
(41672, NULL, NULL, NULL, NULL, 7583, 2, 2, 'Facture FF250020 Strickland Logistics', 'FF250020', '2025-07-15', 0.00, 150.90, NULL, NULL, NULL, NULL, NULL, NULL, NULL, NULL),
(41673, NULL, NULL, NULL, NULL, 7583, 381, 2, 'Facture FF250020 Strickland Logistics', 'FF250020', '2025-07-15', 0.00, 11.79, NULL, NULL, NULL, NULL, NULL, NULL, NULL, NULL),
(41674, NULL, NULL, NULL, NULL, 7583, 430, 2, 'Facture FF250020 Strickland Logistics', 'FF250020', '2025-07-15', 0.00, 32.54, NULL, NULL, NULL, NULL, NULL, NULL, NULL, NULL),
(41675, NULL, NULL, NULL, NULL, 7583, 398, 2, 'Facture FF250020 Strickland Logistics', 'FF250020', '2025-07-15', 195.23, 0.00, 'AAB', '2025-11-21', NULL, NULL, NULL, NULL, NULL, NULL),
(41676, NULL, NULL, NULL, NULL, 7584, 338, 2, 'Facture FF250022 Strickland Logistics', 'FF250022', '2025-07-31', 0.00, 158.53, NULL, NULL, NULL, NULL, NULL, NULL, NULL, NULL),
(41677, NULL, NULL, NULL, NULL, 7584, 381, 2, 'Facture FF250022 Strickland Logistics', 'FF250022', '2025-07-31', 0.00, 10.01, NULL, NULL, NULL, NULL, NULL, NULL, NULL, NULL),
(41678, NULL, NULL, NULL, NULL, 7584, 430, 2, 'Facture FF250022 Strickland Logistics', 'FF250022', '2025-07-31', 0.00, 33.71, NULL, NULL, NULL, NULL, NULL, NULL, NULL, NULL),
(41679, NULL, NULL, NULL, NULL, 7584, 398, 2, 'Facture FF250022 Strickland Logistics', 'FF250022', '2025-07-31', 202.25, 0.00, 'AAA', '2025-11-21', NULL, NULL, NULL, NULL, NULL, NULL),
(41680, NULL, NULL, NULL, NULL, 7585, 103, 3, 'Règlement RF250037 - Strickland Logistics - FFA250002', 'RF250037', '2025-07-31', 202.25, 0.00, NULL, NULL, 16, 'X', '2025-11-21', NULL, NULL, NULL),
(41681, NULL, NULL, NULL, NULL, 7585, 391, 3, 'Règlement RF250037 - Strickland Logistics - FFA250002', 'RF250037', '2025-07-31', 0.00, 202.25, 'AAA', '2025-11-21', NULL, NULL, NULL, NULL, NULL, NULL),
(41682, NULL, NULL, NULL, NULL, 7586, 103, 3, 'Règlement RF250038 - Strickland Logistics - FFA250001', 'RF250038', '2025-07-16', 235.01, 0.00, NULL, NULL, 16, 'X', '2025-11-21', NULL, NULL, NULL),
(41683, NULL, NULL, NULL, NULL, 7586, 391, 3, 'Règlement RF250038 - Strickland Logistics - FFA250001', 'RF250038', '2025-07-16', 0.00, 235.01, 'AAB', '2025-11-21', NULL, NULL, NULL, NULL, NULL, NULL),
(41684, NULL, NULL, NULL, NULL, 7587, 391, 2, 'Acompte FFA250002 - FF250022', 'FFA250002-FF250022', '2025-07-25', 202.25, 0.00, 'AAA', '2025-11-21', NULL, NULL, NULL, NULL, NULL, NULL),
(41685, NULL, NULL, NULL, NULL, 7587, 398, 2, 'Acompte FFA250002 - FF250022', 'FFA250002-FF250022', '2025-07-25', 0.00, 202.25, 'AAA', '2025-11-21', NULL, NULL, NULL, NULL, NULL, NULL),
(41686, NULL, NULL, NULL, NULL, 7588, 1, 1, 'Facture FC250002 Black & Decker Hydratation', 'FC250002', '2025-10-20', 99.99, 0.00, NULL, NULL, NULL, NULL, NULL, NULL, NULL, NULL),
(41687, NULL, NULL, NULL, NULL, 7588, 307, 1, 'Facture FC250002 Black & Decker Hydratation', 'FC250002', '2025-10-20', 49.50, 0.00, NULL, NULL, NULL, NULL, NULL, NULL, NULL, NULL),
(41688, NULL, NULL, NULL, NULL, 7588, 428, 1, 'Facture FC250002 Black & Decker Hydratation', 'FC250002', '2025-10-20', 29.90, 0.00, NULL, NULL, NULL, NULL, NULL, NULL, NULL, NULL),
(41689, NULL, NULL, NULL, NULL, 7588, 3, 1, 'Facture FC250002 Black & Decker Hydratation', 'FC250002', '2025-10-20', 0.00, 179.39, 'AAA', '2025-11-21', NULL, NULL, NULL, NULL, NULL, NULL),
(41690, NULL, NULL, NULL, NULL, 7589, 307, 1, 'Facture FC250004 Tannen Excavation & Fumier ', 'FC250004', '2025-11-17', 261.00, 0.00, NULL, NULL, NULL, NULL, NULL, NULL, NULL, NULL),
(41691, NULL, NULL, NULL, NULL, 7589, 428, 1, 'Facture FC250004 Tannen Excavation & Fumier ', 'FC250004', '2025-11-17', 52.20, 0.00, NULL, NULL, NULL, NULL, NULL, NULL, NULL, NULL),
(41692, NULL, NULL, NULL, NULL, 7589, 407, 1, 'Facture FC250004 Tannen Excavation & Fumier ', 'FC250004', '2025-11-17', 0.00, 313.20, NULL, NULL, NULL, NULL, NULL, NULL, NULL, NULL),
(41700, NULL, NULL, NULL, NULL, 7592, 360, 2, 'Facture FF250031 Doc Brown Industries', 'FF250031', '2025-10-01', 0.00, 6.19, NULL, NULL, NULL, NULL, NULL, NULL, NULL, NULL),
(41701, NULL, NULL, NULL, NULL, 7592, 430, 2, 'Facture FF250031 Doc Brown Industries', 'FF250031', '2025-10-01', 0.00, 1.24, NULL, NULL, NULL, NULL, NULL, NULL, NULL, NULL),
(41702, NULL, NULL, NULL, NULL, 7592, 395, 2, 'Facture FF250031 Doc Brown Industries', 'FF250031', '2025-10-01', 7.43, 0.00, 'AAJ', '2025-11-21', NULL, NULL, NULL, NULL, NULL, NULL),
(41706, NULL, NULL, NULL, NULL, 7594, 333, 2, 'Facture FF250035 Hill Valley Networks', 'FF250035', '2025-11-13', 0.00, 920.00, NULL, NULL, NULL, NULL, NULL, NULL, NULL, NULL),
(41707, NULL, NULL, NULL, NULL, 7594, 430, 2, 'Facture FF250035 Hill Valley Networks', 'FF250035', '2025-11-13', 0.00, 184.00, NULL, NULL, NULL, NULL, NULL, NULL, NULL, NULL),
(41708, NULL, NULL, NULL, NULL, 7594, 403, 2, 'Facture FF250035 Hill Valley Networks', 'FF250035', '2025-11-13', 1104.00, 0.00, 'AAD', '2025-11-21', NULL, NULL, NULL, NULL, NULL, NULL),
(41713, NULL, NULL, NULL, NULL, 7596, 2, 2, 'Facture FF250038 Strickland Logistics', 'FF250038', '2025-10-08', 0.00, 618.20, NULL, NULL, NULL, NULL, NULL, NULL, NULL, NULL),
(41714, NULL, NULL, NULL, NULL, 7596, 381, 2, 'Facture FF250038 Strickland Logistics', 'FF250038', '2025-10-08', 0.00, 10.50, NULL, NULL, NULL, NULL, NULL, NULL, NULL, NULL),
(41715, NULL, NULL, NULL, NULL, 7596, 430, 2, 'Facture FF250038 Strickland Logistics', 'FF250038', '2025-10-08', 0.00, 125.74, NULL, NULL, NULL, NULL, NULL, NULL, NULL, NULL),
(41716, NULL, NULL, NULL, NULL, 7596, 398, 2, 'Facture FF250038 Strickland Logistics', 'FF250038', '2025-10-08', 754.44, 0.00, 'AAB', '2025-11-21', NULL, NULL, NULL, NULL, NULL, NULL),
(41720, NULL, NULL, NULL, NULL, 7598, 2, 2, 'Facture FF250040 Marty Systems', 'FF250040', '2025-10-14', 0.00, 24.17, NULL, NULL, NULL, NULL, NULL, NULL, NULL, NULL),
(41721, NULL, NULL, NULL, NULL, 7598, 430, 2, 'Facture FF250040 Marty Systems', 'FF250040', '2025-10-14', 0.00, 4.83, NULL, NULL, NULL, NULL, NULL, NULL, NULL, NULL),
(41722, NULL, NULL, NULL, NULL, 7598, 402, 2, 'Facture FF250040 Marty Systems', 'FF250040', '2025-10-14', 29.00, 0.00, 'AAA', '2025-11-21', NULL, NULL, NULL, NULL, NULL, NULL),
(41723, NULL, NULL, NULL, NULL, 7599, 2, 2, 'Facture FF250041 Marty Systems', 'FF250041', '2025-11-13', 0.00, 32.50, NULL, NULL, NULL, NULL, NULL, NULL, NULL, NULL),
(41724, NULL, NULL, NULL, NULL, 7599, 430, 2, 'Facture FF250041 Marty Systems', 'FF250041', '2025-11-13', 0.00, 6.50, NULL, NULL, NULL, NULL, NULL, NULL, NULL, NULL),
(41725, NULL, NULL, NULL, NULL, 7599, 402, 2, 'Facture FF250041 Marty Systems', 'FF250041', '2025-11-13', 39.00, 0.00, 'AAB', '2025-11-21', NULL, NULL, NULL, NULL, NULL, NULL),
(41726, NULL, NULL, NULL, NULL, 7600, 373, 2, 'Facture FF250042 Lyon Registry', 'FF250042', '2025-10-24', 0.00, 2.67, NULL, NULL, NULL, NULL, NULL, NULL, NULL, NULL),
(41727, NULL, NULL, NULL, NULL, 7600, 430, 2, 'Facture FF250042 Lyon Registry', 'FF250042', '2025-10-24', 0.00, 0.53, NULL, NULL, NULL, NULL, NULL, NULL, NULL, NULL),
(41728, NULL, NULL, NULL, NULL, 7600, 4, 2, 'Facture FF250042 Lyon Registry', 'FF250042', '2025-10-24', 3.20, 0.00, 'AAI', '2025-11-21', NULL, NULL, NULL, NULL, NULL, NULL),
(41729, NULL, NULL, NULL, NULL, 7601, 2, 2, 'Facture FF250043 Flux Capacitor Networks International Holding', 'FF250043', '2025-11-06', 0.00, 90.00, NULL, NULL, NULL, NULL, NULL, NULL, NULL, NULL),
(41730, NULL, NULL, NULL, NULL, 7601, 381, 2, 'Facture FF250043 Flux Capacitor Networks International Holding', 'FF250043', '2025-11-06', 0.00, 6.10, NULL, NULL, NULL, NULL, NULL, NULL, NULL, NULL),
(41731, NULL, NULL, NULL, NULL, 7601, 430, 2, 'Facture FF250043 Flux Capacitor Networks International Holding', 'FF250043', '2025-11-06', 0.00, 19.22, NULL, NULL, NULL, NULL, NULL, NULL, NULL, NULL),
(41732, NULL, NULL, NULL, NULL, 7601, 405, 2, 'Facture FF250043 Flux Capacitor Networks International Holding', 'FF250043', '2025-11-06', 115.32, 0.00, 'AAA', '2025-12-09', NULL, NULL, NULL, NULL, NULL, NULL),
(41733, NULL, NULL, NULL, NULL, 7602, 394, 2, 'Facture FF250044 Time Circuits Inc', 'FF250044', '2025-11-07', 0.00, 180.00, NULL, NULL, NULL, NULL, NULL, NULL, NULL, NULL),
(41734, NULL, NULL, NULL, NULL, 7602, 4, 2, 'Facture FF250044 Time Circuits Inc', 'FF250044', '2025-11-07', 180.00, 0.00, 'AAK', '2025-12-09', NULL, NULL, NULL, NULL, NULL, NULL),
(41738, NULL, NULL, NULL, NULL, 7604, 103, 3, 'Règlement RE250001 - Black & Decker Hydratation - FC250002', 'RE250001', '2025-10-30', 0.00, 179.39, NULL, NULL, 20, 'X', '2025-12-09', NULL, NULL, NULL),
(41739, NULL, NULL, NULL, NULL, 7604, 3, 3, 'Règlement RE250001 - Black & Decker Hydratation - FC250002', 'RE250001', '2025-10-30', 179.39, 0.00, 'AAA', '2025-11-21', NULL, NULL, NULL, NULL, NULL, NULL),
(41744, NULL, NULL, NULL, NULL, 7607, 103, 3, 'Règlement RF250025 - Doc Brown Industries - FF250031', 'RF250025', '2025-10-06', 7.43, 0.00, NULL, NULL, 20, 'X', '2025-12-09', NULL, NULL, NULL),
(41745, NULL, NULL, NULL, NULL, 7607, 395, 3, 'Règlement RF250025 - Doc Brown Industries - FF250031', 'RF250025', '2025-10-06', 0.00, 7.43, 'AAJ', '2025-11-21', NULL, NULL, NULL, NULL, NULL, NULL),
(41746, NULL, NULL, NULL, NULL, 7608, 103, 3, 'Règlement RF250030 - Hill Valley Networks - FF250035', 'RF250030', '2025-10-03', 1104.00, 0.00, NULL, NULL, 20, 'X', '2025-12-09', NULL, NULL, NULL),
(41747, NULL, NULL, NULL, NULL, 7608, 403, 3, 'Règlement RF250030 - Hill Valley Networks - FF250035', 'RF250030', '2025-10-03', 0.00, 1104.00, 'AAD', '2025-11-21', NULL, NULL, NULL, NULL, NULL, NULL),
(41750, NULL, NULL, NULL, NULL, 7610, 103, 3, 'Règlement RF250033 - Marty Systems - FF250040', 'RF250033', '2025-10-14', 29.00, 0.00, NULL, NULL, 20, 'X', '2025-12-09', NULL, NULL, NULL),
(41751, NULL, NULL, NULL, NULL, 7610, 402, 3, 'Règlement RF250033 - Marty Systems - FF250040', 'RF250033', '2025-10-14', 0.00, 29.00, 'AAA', '2025-11-21', NULL, NULL, NULL, NULL, NULL, NULL),
(41752, NULL, NULL, NULL, NULL, 7611, 103, 3, 'Règlement RF250034 - Marty Systems - FF250041', 'RF250034', '2025-10-29', 39.00, 0.00, NULL, NULL, 20, 'X', '2025-12-09', NULL, NULL, NULL),
(41753, NULL, NULL, NULL, NULL, 7611, 402, 3, 'Règlement RF250034 - Marty Systems - FF250041', 'RF250034', '2025-10-29', 0.00, 39.00, 'AAB', '2025-11-21', NULL, NULL, NULL, NULL, NULL, NULL),
(41754, NULL, NULL, NULL, NULL, 7612, 103, 3, 'Règlement RF250035 - Lyon Registry - FF250042', 'RF250035', '2025-10-25', 3.20, 0.00, NULL, NULL, 20, 'X', '2025-12-09', NULL, NULL, NULL),
(41755, NULL, NULL, NULL, NULL, 7612, 4, 3, 'Règlement RF250035 - Lyon Registry - FF250042', 'RF250035', '2025-10-25', 0.00, 3.20, 'AAI', '2025-11-21', NULL, NULL, NULL, NULL, NULL, NULL),
(41756, NULL, NULL, NULL, NULL, 7613, 103, 3, 'Règlement RF250036 - Strickland Logistics - FF250038', 'RF250036', '2025-10-08', 714.66, 0.00, NULL, NULL, 20, 'X', '2025-12-09', NULL, NULL, NULL),
(41757, NULL, NULL, NULL, NULL, 7613, 398, 3, 'Règlement RF250036 - Strickland Logistics - FF250038', 'RF250036', '2025-10-08', 0.00, 714.66, 'AAB', '2025-11-21', NULL, NULL, NULL, NULL, NULL, NULL),
(41758, NULL, NULL, NULL, NULL, 7614, 391, 2, 'Acompte FFA250001 - FF250020', 'FFA250001-FF250020', '2025-07-15', 195.23, 0.00, 'AAB', '2025-11-21', NULL, NULL, NULL, NULL, NULL, NULL),
(41759, NULL, NULL, NULL, NULL, 7614, 398, 2, 'Acompte FFA250001 - FF250020', 'FFA250001-FF250020', '2025-07-15', 0.00, 195.23, 'AAB', '2025-11-21', NULL, NULL, NULL, NULL, NULL, NULL),
(41760, NULL, NULL, NULL, NULL, 7615, 391, 2, 'Acompte FFA250001 - FF250038', 'FFA250001-FF250038', '2025-07-15', 39.78, 0.00, 'AAB', '2025-11-21', NULL, NULL, NULL, NULL, NULL, NULL),
(41761, NULL, NULL, NULL, NULL, 7615, 398, 2, 'Acompte FFA250001 - FF250038', 'FFA250001-FF250038', '2025-07-15', 0.00, 39.78, 'AAB', '2025-11-21', NULL, NULL, NULL, NULL, NULL, NULL),
(41762, NULL, NULL, NULL, NULL, 7616, 360, 2, 'Facture FF250032 Doc Brown Industries (FR72271090)', 'FF250032', '2025-09-01', 0.00, 4.99, NULL, NULL, NULL, NULL, NULL, NULL, NULL, NULL),
(41763, NULL, NULL, NULL, NULL, 7616, 430, 2, 'Facture FF250032 Doc Brown Industries (FR72271090)', 'FF250032', '2025-09-01', 0.00, 1.00, NULL, NULL, NULL, NULL, NULL, NULL, NULL, NULL),
(41764, NULL, NULL, NULL, NULL, 7616, 395, 2, 'Facture FF250032 Doc Brown Industries (FR72271090)', 'FF250032', '2025-09-01', 5.99, 0.00, 'AAK', '2025-11-21', NULL, NULL, NULL, NULL, NULL, NULL),
(41765, NULL, NULL, NULL, NULL, 7617, 103, 3, 'Règlement RF250039 - Doc Brown Industries (FR72271090) - FF250032', 'RF250039', '2025-09-05', 5.99, 0.00, NULL, NULL, 19, 'X', '2025-11-21', NULL, NULL, NULL),
(41766, NULL, NULL, NULL, NULL, 7617, 395, 3, 'Règlement RF250039 - Doc Brown Industries (FR72271090) - FF250032', 'RF250039', '2025-09-05', 0.00, 5.99, 'AAK', '2025-11-21', NULL, NULL, NULL, NULL, NULL, NULL),
(41767, NULL, NULL, NULL, NULL, 7618, 360, 2, 'Facture FF250045 Doc Brown Industries (FR73686448)', 'FF250045', '2025-11-01', 0.00, 5.00, NULL, NULL, NULL, NULL, NULL, NULL, NULL, NULL),
(41768, NULL, NULL, NULL, NULL, 7618, 430, 2, 'Facture FF250045 Doc Brown Industries (FR73686448)', 'FF250045', '2025-11-01', 0.00, 1.00, NULL, NULL, NULL, NULL, NULL, NULL, NULL, NULL),
(41769, NULL, NULL, NULL, NULL, 7618, 395, 2, 'Facture FF250045 Doc Brown Industries (FR73686448)', 'FF250045', '2025-11-01', 6.00, 0.00, 'AAM', '2025-12-09', NULL, NULL, NULL, NULL, NULL, NULL),
(41774, NULL, NULL, NULL, NULL, 7620, 409, 2, 'Facture FF250046 88mph Solutions (3133465)', 'FF250046', '2025-10-08', 0.00, 333.67, NULL, NULL, NULL, NULL, NULL, NULL, NULL, NULL),
(41775, NULL, NULL, NULL, NULL, 7620, 412, 2, 'Facture FF250046 88mph Solutions (3133465)', 'FF250046', '2025-10-08', 333.67, 0.00, 'AAA', '2025-11-21', NULL, NULL, NULL, NULL, NULL, NULL),
(41776, NULL, NULL, NULL, NULL, 7621, 103, 3, 'Règlement RF250040 - 88mph Solutions (3133465) - FF250046', 'RF250040', '2025-10-08', 333.67, 0.00, NULL, NULL, 20, 'X', '2025-12-09', NULL, NULL, NULL),
(41777, NULL, NULL, NULL, NULL, 7621, 412, 3, 'Règlement RF250040 - 88mph Solutions (3133465) - FF250046', 'RF250040', '2025-10-08', 0.00, 333.67, 'AAA', '2025-11-21', NULL, NULL, NULL, NULL, NULL, NULL),
(41788, NULL, NULL, NULL, NULL, 7625, 2, 2, 'Facture FF250030 McFly Corp (93963452)', 'FF250030', '2025-10-07', 0.00, 689.10, NULL, NULL, NULL, NULL, NULL, NULL, NULL, NULL),
(41789, NULL, NULL, NULL, NULL, 7625, 381, 2, 'Facture FF250030 McFly Corp (93963452)', 'FF250030', '2025-10-07', 0.00, 9.90, NULL, NULL, NULL, NULL, NULL, NULL, NULL, NULL),
(41790, NULL, NULL, NULL, NULL, 7625, 430, 2, 'Facture FF250030 McFly Corp (93963452)', 'FF250030', '2025-10-07', 0.00, 139.80, NULL, NULL, NULL, NULL, NULL, NULL, NULL, NULL),
(41791, NULL, NULL, NULL, NULL, 7625, 396, 2, 'Facture FF250030 McFly Corp (93963452)', 'FF250030', '2025-10-07', 838.80, 0.00, 'AAB', '2025-11-21', NULL, NULL, NULL, NULL, NULL, NULL),
(41792, NULL, NULL, NULL, NULL, 7626, 103, 3, 'Règlement RF250041 - McFly Corp (93963452) - FF250030', 'RF250041', '2025-10-08', 838.80, 0.00, NULL, NULL, 20, 'X', '2025-12-09', NULL, NULL, NULL),
(41793, NULL, NULL, NULL, NULL, 7626, 396, 3, 'Règlement RF250041 - McFly Corp (93963452) - FF250030', 'RF250041', '2025-10-08', 0.00, 838.80, 'AAB', '2025-11-21', NULL, NULL, NULL, NULL, NULL, NULL),
(41794, NULL, NULL, NULL, NULL, 7627, 307, 1, 'Facture FC250006 LEROUX MICHEL ()', 'FC250006', '2025-11-28', 249.50, 0.00, NULL, NULL, NULL, NULL, NULL, NULL, NULL, NULL),
(41795, NULL, NULL, NULL, NULL, 7627, 428, 1, 'Facture FC250006 LEROUX MICHEL ()', 'FC250006', '2025-11-28', 49.90, 0.00, NULL, NULL, NULL, NULL, NULL, NULL, NULL, NULL),
(41796, NULL, NULL, NULL, NULL, 7627, 413, 1, 'Facture FC250006 LEROUX MICHEL ()', 'FC250006', '2025-11-28', 0.00, 299.40, NULL, NULL, NULL, NULL, NULL, NULL, NULL, NULL),
(41797, NULL, NULL, NULL, NULL, 7628, 103, 3, 'Règlement RE250002 - Pierre DUPONT (RC250002) - FC250005', 'RE250002', '2025-11-15', 0.00, 1499.48, NULL, NULL, 21, 'X', '2025-12-09', NULL, NULL, NULL),
(41798, NULL, '2026-03-26 14:29:04', NULL, 84, 7628, 3, 3, 'Règlement RE250002 - Pierre DUPONT (RC250002) - FC250005', 'RE250002', '2025-11-15', 1499.48, 0.00, 'AAE', '2026-03-26', NULL, NULL, NULL, NULL, NULL, NULL),
(41821, NULL, NULL, NULL, NULL, 7636, 333, 2, 'Facture FF250047 Hill Valley Networks (FAC/2025/5429)', 'FF250047', '2025-12-01', 0.00, 925.00, NULL, NULL, NULL, NULL, NULL, NULL, NULL, NULL),
(41822, NULL, NULL, NULL, NULL, 7636, 430, 2, 'Facture FF250047 Hill Valley Networks (FAC/2025/5429)', 'FF250047', '2025-12-01', 0.00, 185.00, NULL, NULL, NULL, NULL, NULL, NULL, NULL, NULL),
(41823, NULL, '2026-02-12 08:26:00', NULL, 84, 7636, 403, 2, 'Facture FF250047 Hill Valley Networks (FAC/2025/5429)', 'FF250047', '2025-12-01', 1110.00, 0.00, 'AAH', '2026-02-12', NULL, NULL, NULL, NULL, NULL, NULL),
(41824, NULL, NULL, NULL, NULL, 7637, 360, 2, 'Facture FF250048 Lorraine Conseil (L000000139393200)', 'FF250048', '2025-12-02', 0.00, 3.99, NULL, NULL, NULL, NULL, NULL, NULL, NULL, NULL),
(41825, NULL, '2026-02-12 08:38:23', NULL, 84, 7637, 4, 2, 'Facture FF250048 Lorraine Conseil (L000000139393200)', 'FF250048', '2025-12-02', 3.99, 0.00, 'AAL', '2026-02-12', NULL, NULL, NULL, NULL, NULL, NULL),
(41837, NULL, NULL, NULL, NULL, 7643, 1, 1, 'Facture FC250015 Tannen Excavation & Fumier  (SO250041)', 'FC250015', '2025-12-09', 909.55, 0.00, NULL, NULL, NULL, NULL, NULL, NULL, NULL, NULL),
(41838, NULL, NULL, NULL, NULL, 7643, 307, 1, 'Facture FC250015 Tannen Excavation & Fumier  (SO250041)', 'FC250015', '2025-12-09', 515.14, 0.00, NULL, NULL, NULL, NULL, NULL, NULL, NULL, NULL),
(41839, NULL, NULL, NULL, NULL, 7643, 428, 1, 'Facture FC250015 Tannen Excavation & Fumier  (SO250041)', 'FC250015', '2025-12-09', 284.94, 0.00, NULL, NULL, NULL, NULL, NULL, NULL, NULL, NULL),
(41840, NULL, '2026-03-10 10:17:20', NULL, 84, 7643, 407, 1, 'Facture FC250015 Tannen Excavation & Fumier  (SO250041)', 'FC250015', '2025-12-09', 0.00, 1709.63, 'AAB', '2026-03-10', NULL, NULL, NULL, NULL, NULL, NULL),
(41841, NULL, NULL, NULL, NULL, 7644, 333, 2, 'Facture FF250051 Hill Valley Networks (FAC-2025-4974 )', 'FF250051', '2025-11-01', 0.00, 925.00, NULL, NULL, NULL, NULL, NULL, NULL, NULL, NULL),
(41842, NULL, NULL, NULL, NULL, 7644, 430, 2, 'Facture FF250051 Hill Valley Networks (FAC-2025-4974 )', 'FF250051', '2025-11-01', 0.00, 185.00, NULL, NULL, NULL, NULL, NULL, NULL, NULL, NULL),
(41843, NULL, NULL, NULL, NULL, 7644, 403, 2, 'Facture FF250051 Hill Valley Networks (FAC-2025-4974 )', 'FF250051', '2025-11-01', 1110.00, 0.00, 'AAG', '2025-12-09', NULL, NULL, NULL, NULL, NULL, NULL),
(41844, NULL, NULL, NULL, NULL, 7645, 309, 2, 'Facture FF250052 Goldie Wilson Electronics (11-25-invoice-28831691)', 'FF250052', '2025-11-30', 0.00, 4.00, NULL, NULL, NULL, NULL, NULL, NULL, NULL, NULL),
(41845, NULL, NULL, NULL, NULL, 7645, 430, 2, 'Facture FF250052 Goldie Wilson Electronics (11-25-invoice-28831691)', 'FF250052', '2025-11-30', 0.00, 0.80, NULL, NULL, NULL, NULL, NULL, NULL, NULL, NULL),
(41846, NULL, NULL, NULL, NULL, 7645, 404, 2, 'Facture FF250052 Goldie Wilson Electronics (11-25-invoice-28831691)', 'FF250052', '2025-11-30', 4.80, 0.00, 'AAB', '2025-12-09', NULL, NULL, NULL, NULL, NULL, NULL),
(41847, NULL, NULL, NULL, NULL, 7646, 333, 2, 'Avoir AF250004 Hill Valley Networks (RFAC/2025/0109)', 'AF250004', '2025-11-13', 810.00, 0.00, NULL, NULL, NULL, NULL, NULL, NULL, NULL, NULL),
(41848, NULL, NULL, NULL, NULL, 7646, 430, 2, 'Avoir AF250004 Hill Valley Networks (RFAC/2025/0109)', 'AF250004', '2025-11-13', 162.00, 0.00, NULL, NULL, NULL, NULL, NULL, NULL, NULL, NULL),
(41849, NULL, NULL, NULL, NULL, 7646, 403, 2, 'Avoir AF250004 Hill Valley Networks (RFAC/2025/0109)', 'AF250004', '2025-11-13', 0.00, 972.00, 'AAG', '2025-12-09', NULL, NULL, NULL, NULL, NULL, NULL),
(41850, NULL, NULL, NULL, NULL, 7647, 103, 3, 'Règlement RE250007 - Tannen Excavation & Fumier  (SO250040) - FC250001, FC250015, FC250016', 'RE250007', '2025-11-06', 0.00, 2498.99, NULL, NULL, 21, 'X', '2025-12-09', NULL, NULL, NULL),
(41851, NULL, '2026-03-10 10:17:20', NULL, 84, 7647, 407, 3, 'Règlement RE250007 - Tannen Excavation & Fumier  (SO250040) - FC250001, FC250015, FC250016', 'RE250007', '2025-11-06', 2498.99, 0.00, 'AAB', '2026-03-10', NULL, NULL, NULL, NULL, NULL, NULL),
(41852, NULL, NULL, NULL, NULL, 7648, 103, 3, 'Règlement RF250042 - Hill Valley Networks (FAC-2025-4974 ) - FF250051', 'RF250042', '2025-11-04', 138.00, 0.00, NULL, NULL, 21, 'X', '2025-12-09', NULL, NULL, NULL),
(41853, NULL, NULL, NULL, NULL, 7648, 403, 3, 'Règlement RF250042 - Hill Valley Networks (FAC-2025-4974 ) - FF250051', 'RF250042', '2025-11-04', 0.00, 138.00, 'AAG', '2025-12-09', NULL, NULL, NULL, NULL, NULL, NULL),
(41854, NULL, NULL, NULL, NULL, 7649, 103, 3, 'Règlement RF250043 - Doc Brown Industries (FR73686448) - FF250045', 'RF250043', '2025-11-04', 6.00, 0.00, NULL, NULL, 21, 'X', '2025-12-09', NULL, NULL, NULL),
(41855, NULL, NULL, NULL, NULL, 7649, 395, 3, 'Règlement RF250043 - Doc Brown Industries (FR73686448) - FF250045', 'RF250043', '2025-11-04', 0.00, 6.00, 'AAM', '2025-12-09', NULL, NULL, NULL, NULL, NULL, NULL),
(41856, NULL, NULL, NULL, NULL, 7650, 103, 3, 'Règlement RF250044 - Goldie Wilson Electronics (11-25-invoice-28831691) - FF250052', 'RF250044', '2025-11-06', 2.40, 0.00, NULL, NULL, 21, 'X', '2025-12-09', NULL, NULL, NULL),
(41857, NULL, NULL, NULL, NULL, 7650, 404, 3, 'Règlement RF250044 - Goldie Wilson Electronics (11-25-invoice-28831691) - FF250052', 'RF250044', '2025-11-06', 0.00, 2.40, 'AAB', '2025-12-09', NULL, NULL, NULL, NULL, NULL, NULL),
(41858, NULL, NULL, NULL, NULL, 7651, 103, 3, 'Règlement RF250045 - Goldie Wilson Electronics (11-25-invoice-28831691) - FF250052', 'RF250045', '2025-11-06', 2.40, 0.00, NULL, NULL, 21, 'X', '2025-12-09', NULL, NULL, NULL),
(41859, NULL, NULL, NULL, NULL, 7651, 404, 3, 'Règlement RF250045 - Goldie Wilson Electronics (11-25-invoice-28831691) - FF250052', 'RF250045', '2025-11-06', 0.00, 2.40, 'AAB', '2025-12-09', NULL, NULL, NULL, NULL, NULL, NULL),
(41860, NULL, NULL, NULL, NULL, 7652, 103, 3, 'Règlement RF250046 - Time Circuits Inc (TGFEGZYP-0001) - FF250044', 'RF250046', '2025-11-08', 180.00, 0.00, NULL, NULL, 21, 'X', '2025-12-09', NULL, NULL, NULL),
(41861, NULL, NULL, NULL, NULL, 7652, 4, 3, 'Règlement RF250046 - Time Circuits Inc (TGFEGZYP-0001) - FF250044', 'RF250046', '2025-11-08', 0.00, 180.00, 'AAK', '2025-12-09', NULL, NULL, NULL, NULL, NULL, NULL),
(41862, NULL, NULL, NULL, NULL, 7653, 103, 3, 'Règlement RF250047 - Flux Capacitor Networks International Holding (EU3716775) - FF250043', 'RF250047', '2025-11-07', 115.32, 0.00, NULL, NULL, 21, 'X', '2025-12-09', NULL, NULL, NULL),
(41863, NULL, NULL, NULL, NULL, 7653, 405, 3, 'Règlement RF250047 - Flux Capacitor Networks International Holding (EU3716775) - FF250043', 'RF250047', '2025-11-07', 0.00, 115.32, 'AAA', '2025-12-09', NULL, NULL, NULL, NULL, NULL, NULL),
(42009, '2026-02-12 08:15:12', '2026-02-12 08:15:12', 84, 84, 7703, 415, 2, 'Facture FF260053 - Griff Tannen Corp', 'FF260053', '2025-12-17', 0.90, 0.00, NULL, NULL, NULL, NULL, NULL, NULL, NULL, NULL),
(42010, '2026-02-12 08:15:12', '2026-02-12 08:15:12', 84, 84, 7703, 2, 2, 'Facture FF260053 - Griff Tannen Corp', 'FF260053', '2025-12-17', 0.00, 0.75, NULL, NULL, NULL, NULL, NULL, NULL, NULL, NULL),
(42011, '2026-02-12 08:15:12', '2026-02-12 08:15:12', 84, 84, 7703, 430, 2, 'Facture FF260053 - Griff Tannen Corp', 'FF260053', '2025-12-17', 0.00, 0.15, NULL, NULL, NULL, NULL, NULL, NULL, NULL, NULL),
(42012, '2026-02-12 08:15:12', '2026-02-12 08:15:12', 84, 84, 7704, 415, 2, 'Facture FF260054 - Griff Tannen Corp (Réf: 311-SPI709678)', 'FF260054', '2025-12-18', 1.80, 0.00, NULL, NULL, NULL, NULL, NULL, NULL, NULL, NULL),
(42013, '2026-02-12 08:15:12', '2026-02-12 08:15:12', 84, 84, 7704, 2, 2, 'Facture FF260054 - Griff Tannen Corp (Réf: 311-SPI709678)', 'FF260054', '2025-12-18', 0.00, 1.50, NULL, NULL, NULL, NULL, NULL, NULL, NULL, NULL),
(42014, '2026-02-12 08:15:12', '2026-02-12 08:15:12', 84, 84, 7704, 430, 2, 'Facture FF260054 - Griff Tannen Corp (Réf: 311-SPI709678)', 'FF260054', '2025-12-18', 0.00, 0.30, NULL, NULL, NULL, NULL, NULL, NULL, NULL, NULL),
(42015, '2026-02-12 08:15:12', '2026-02-12 08:15:12', 84, 84, 7705, 415, 2, 'Facture FF260055 - Griff Tannen Corp (Réf: 311-SPI710789)', 'FF260055', '2025-12-22', 46.36, 0.00, NULL, NULL, NULL, NULL, NULL, NULL, NULL, NULL),
(42016, '2026-02-12 08:15:12', '2026-02-12 08:15:12', 84, 84, 7705, 2, 2, 'Facture FF260055 - Griff Tannen Corp (Réf: 311-SPI710789)', 'FF260055', '2025-12-22', 0.00, 38.63, NULL, NULL, NULL, NULL, NULL, NULL, NULL, NULL),
(42017, '2026-02-12 08:15:12', '2026-02-12 08:15:12', 84, 84, 7705, 430, 2, 'Facture FF260055 - Griff Tannen Corp (Réf: 311-SPI710789)', 'FF260055', '2025-12-22', 0.00, 7.73, NULL, NULL, NULL, NULL, NULL, NULL, NULL, NULL);
INSERT INTO `account_move_line_aml` (`aml_id`, `aml_created`, `aml_updated`, `fk_usr_id_author`, `fk_usr_id_updater`, `fk_amo_id`, `fk_acc_id`, `fk_ajl_id`, `aml_label_entry`, `aml_ref`, `aml_date`, `aml_credit`, `aml_debit`, `aml_lettering_code`, `aml_lettering_date`, `fk_abr_id`, `aml_abr_code`, `aml_abr_date`, `fk_tax_id`, `aml_is_tax_line`, `fk_parent_aml_id`) VALUES
(42021, '2026-02-12 08:26:00', '2026-02-12 08:26:00', 84, 84, 7707, 403, 2, 'Facture FF260061 - Hill Valley Networks (Réf: FAC/2026/0547)', 'FF260061', '2026-01-01', 1110.00, 0.00, 'AAI', '2026-02-12', NULL, NULL, NULL, NULL, NULL, NULL),
(42022, '2026-02-12 08:26:00', '2026-02-12 08:26:00', 84, 84, 7707, 333, 2, 'Facture FF260061 - Hill Valley Networks (Réf: FAC/2026/0547)', 'FF260061', '2026-01-01', 0.00, 925.00, NULL, NULL, NULL, NULL, NULL, NULL, NULL, NULL),
(42023, '2026-02-12 08:26:00', '2026-02-12 08:26:00', 84, 84, 7707, 430, 2, 'Facture FF260061 - Hill Valley Networks (Réf: FAC/2026/0547)', 'FF260061', '2026-01-01', 0.00, 185.00, NULL, NULL, NULL, NULL, NULL, NULL, NULL, NULL),
(42024, '2026-02-12 08:26:00', '2026-03-26 13:40:09', 84, 84, 7708, 103, 3, 'RF260048 - George McFly Creative - Facture FF250050', 'RF260048', '2025-12-01', 8.66, 0.00, NULL, NULL, 22, 'X', '2026-03-26', NULL, NULL, NULL),
(42025, '2026-02-12 08:26:00', '2026-03-10 09:06:06', 84, 84, 7708, 4, 3, 'RF260048 - George McFly Creative - Facture FF250050', 'RF260048', '2025-12-01', 0.00, 8.66, 'AAM', '2026-03-10', NULL, NULL, NULL, NULL, NULL, NULL),
(42028, '2026-02-12 08:26:00', '2026-03-26 13:40:09', 84, 84, 7710, 103, 3, 'RF260050 - Hill Valley Networks - Facture FF250047', 'RF260050', '2025-12-03', 1110.00, 0.00, NULL, NULL, 22, 'X', '2026-03-26', NULL, NULL, NULL),
(42029, '2026-02-12 08:26:00', '2026-02-12 08:26:00', 84, 84, 7710, 403, 3, 'RF260050 - Hill Valley Networks - Facture FF250047', 'RF260050', '2025-12-03', 0.00, 1110.00, 'AAH', '2026-02-12', NULL, NULL, NULL, NULL, NULL, NULL),
(42030, '2026-02-12 08:26:00', '2026-03-26 13:40:46', 84, 84, 7711, 103, 3, 'RF260051 - Hill Valley Networks - Facture FF260061', 'RF260051', '2026-01-05', 1110.00, 0.00, NULL, NULL, 27, 'X', '2026-03-26', NULL, NULL, NULL),
(42031, '2026-02-12 08:26:00', '2026-02-12 08:26:00', 84, 84, 7711, 403, 3, 'RF260051 - Hill Valley Networks - Facture FF260061', 'RF260051', '2026-01-05', 0.00, 1110.00, 'AAI', '2026-02-12', NULL, NULL, NULL, NULL, NULL, NULL),
(42032, '2026-02-12 08:38:23', '2026-03-26 13:40:09', 84, 84, 7712, 103, 3, 'RF260052 - Goldie Wilson Electronics - Facture FF260066', 'RF260052', '2025-12-31', 0.18, 0.00, NULL, NULL, 22, 'X', '2026-03-26', NULL, NULL, NULL),
(42033, '2026-02-12 08:38:23', '2026-03-10 09:06:06', 84, 84, 7712, 404, 3, 'RF260052 - Goldie Wilson Electronics - Facture FF260066', 'RF260052', '2025-12-31', 0.00, 0.18, 'AAC', '2026-03-10', NULL, NULL, NULL, NULL, NULL, NULL),
(42034, '2026-02-12 08:38:23', '2026-03-26 13:40:46', 84, 84, 7713, 103, 3, 'RF260053 - Goldie Wilson Electronics - Facture FF260067', 'RF260053', '2026-01-14', 2.40, 0.00, NULL, NULL, 27, 'X', '2026-03-26', NULL, NULL, NULL),
(42035, '2026-02-12 08:38:23', '2026-03-10 09:06:06', 84, 84, 7713, 404, 3, 'RF260053 - Goldie Wilson Electronics - Facture FF260067', 'RF260053', '2026-01-14', 0.00, 2.40, 'AAD', '2026-03-10', NULL, NULL, NULL, NULL, NULL, NULL),
(42036, '2026-02-12 08:38:23', '2026-03-26 13:40:09', 84, 84, 7714, 103, 3, 'RF260054 - Lorraine Conseil - Facture FF250048', 'RF260054', '2025-12-03', 3.99, 0.00, NULL, NULL, 22, 'X', '2026-03-26', NULL, NULL, NULL),
(42037, '2026-02-12 08:38:23', '2026-02-12 08:38:23', 84, 84, 7714, 4, 3, 'RF260054 - Lorraine Conseil - Facture FF250048', 'RF260054', '2025-12-03', 0.00, 3.99, 'AAL', '2026-02-12', NULL, NULL, NULL, NULL, NULL, NULL),
(42038, '2026-02-12 08:45:58', '2026-02-12 08:45:58', 84, 84, 7715, 395, 2, 'Facture FF250049 - Doc Brown Industries (Réf: FR74102237)', 'FF250049', '2025-12-01', 7.63, 0.00, 'AAN', '2026-02-12', NULL, NULL, NULL, NULL, NULL, NULL),
(42039, '2026-02-12 08:45:58', '2026-02-12 08:45:58', 84, 84, 7715, 360, 2, 'Facture FF250049 - Doc Brown Industries (Réf: FR74102237)', 'FF250049', '2025-12-01', 0.00, 6.36, NULL, NULL, NULL, NULL, NULL, NULL, NULL, NULL),
(42040, '2026-02-12 08:45:58', '2026-02-12 08:45:58', 84, 84, 7715, 430, 2, 'Facture FF250049 - Doc Brown Industries (Réf: FR74102237)', 'FF250049', '2025-12-01', 0.00, 1.27, NULL, NULL, NULL, NULL, NULL, NULL, NULL, NULL),
(42043, '2026-02-12 08:45:58', '2026-03-26 13:40:46', 84, 84, 7717, 103, 3, 'RE260010 - Tannen Excavation & Fumier  - Facture FC250003', 'RE260010', '2026-01-14', 0.00, 215.88, NULL, NULL, 27, 'X', '2026-03-26', NULL, NULL, NULL),
(42044, '2026-02-12 08:45:58', '2026-03-10 09:06:06', 84, 84, 7717, 407, 3, 'RE260010 - Tannen Excavation & Fumier  - Facture FC250003', 'RE260010', '2026-01-14', 215.88, 0.00, 'AAA', '2026-03-10', NULL, NULL, NULL, NULL, NULL, NULL),
(42045, '2026-02-12 08:45:58', '2026-03-26 13:40:09', 84, 84, 7718, 103, 3, 'RF260055 - Doc Brown Industries - Facture FF250049', 'RF260055', '2025-12-05', 7.63, 0.00, NULL, NULL, 22, 'X', '2026-03-26', NULL, NULL, NULL),
(42046, '2026-02-12 08:45:58', '2026-02-12 08:45:58', 84, 84, 7718, 395, 3, 'RF260055 - Doc Brown Industries - Facture FF250049', 'RF260055', '2025-12-05', 0.00, 7.63, 'AAN', '2026-02-12', NULL, NULL, NULL, NULL, NULL, NULL),
(42047, '2026-02-12 08:52:58', '2026-02-12 08:52:58', 84, 84, 7719, 395, 2, 'Facture FF260058 - Doc Brown Industries (Réf: FR74607044)', 'FF260058', '2026-01-01', 23.15, 0.00, 'AAO', '2026-02-12', NULL, NULL, NULL, NULL, NULL, NULL),
(42048, '2026-02-12 08:52:58', '2026-02-12 08:52:58', 84, 84, 7719, 360, 2, 'Facture FF260058 - Doc Brown Industries (Réf: FR74607044)', 'FF260058', '2026-01-01', 0.00, 19.29, NULL, NULL, NULL, NULL, NULL, NULL, NULL, NULL),
(42049, '2026-02-12 08:52:58', '2026-02-12 08:52:58', 84, 84, 7719, 430, 2, 'Facture FF260058 - Doc Brown Industries (Réf: FR74607044)', 'FF260058', '2026-01-01', 0.00, 3.86, NULL, NULL, NULL, NULL, NULL, NULL, NULL, NULL),
(42050, '2026-02-12 08:52:58', '2026-03-26 13:40:46', 84, 84, 7720, 103, 3, 'RF260056 - Doc Brown Industries - Facture FF260056, FF260058', 'RF260056', '2026-01-02', 29.14, 0.00, NULL, NULL, 27, 'X', '2026-03-26', NULL, NULL, NULL),
(42051, '2026-02-12 08:52:58', '2026-03-10 09:06:06', 84, 84, 7720, 395, 3, 'RF260056 - Doc Brown Industries - Facture FF260056, FF260058', 'RF260056', '2026-01-02', 0.00, 5.99, 'AAQ', '2026-03-10', NULL, NULL, NULL, NULL, NULL, NULL),
(42052, '2026-02-12 08:52:58', '2026-02-12 08:52:58', 84, 84, 7720, 395, 3, 'RF260056 - Doc Brown Industries - Facture FF260056, FF260058', 'RF260056', '2026-01-02', 0.00, 23.15, 'AAO', '2026-02-12', NULL, NULL, NULL, NULL, NULL, NULL),
(42056, '2026-03-10 08:24:55', '2026-03-10 08:24:55', 84, 84, 7722, 395, 2, 'Facture FF260060 - Doc Brown Industries (Réf: FR75656388)', 'FF260060', '2026-02-08', 16.19, 0.00, 'AAP', '2026-03-10', NULL, NULL, NULL, NULL, NULL, NULL),
(42057, '2026-03-10 08:24:55', '2026-03-10 08:24:55', 84, 84, 7722, 360, 2, 'Facture FF260060 - Doc Brown Industries (Réf: FR75656388)', 'FF260060', '2026-02-08', 0.00, 13.49, NULL, NULL, NULL, NULL, NULL, NULL, NULL, NULL),
(42058, '2026-03-10 08:24:55', '2026-03-10 08:24:55', 84, 84, 7722, 430, 2, 'Facture FF260060 - Doc Brown Industries (Réf: FR75656388)', 'FF260060', '2026-02-08', 0.00, 2.70, NULL, NULL, NULL, NULL, NULL, NULL, NULL, NULL),
(42059, '2026-03-10 08:24:55', '2026-03-10 08:24:55', 84, 84, 7723, 415, 2, 'Facture FF260062 - Griff Tannen Corp (Réf: 311-SPI716503)', 'FF260062', '2026-01-09', 463.54, 0.00, NULL, NULL, NULL, NULL, NULL, NULL, NULL, NULL),
(42060, '2026-03-10 08:24:55', '2026-03-10 08:24:55', 84, 84, 7723, 2, 2, 'Facture FF260062 - Griff Tannen Corp (Réf: 311-SPI716503)', 'FF260062', '2026-01-09', 0.00, 386.28, NULL, NULL, NULL, NULL, NULL, NULL, NULL, NULL),
(42061, '2026-03-10 08:24:55', '2026-03-10 08:24:55', 84, 84, 7723, 430, 2, 'Facture FF260062 - Griff Tannen Corp (Réf: 311-SPI716503)', 'FF260062', '2026-01-09', 0.00, 77.26, NULL, NULL, NULL, NULL, NULL, NULL, NULL, NULL),
(42065, '2026-03-10 08:24:55', '2026-03-10 08:24:55', 84, 84, 7725, 415, 2, 'Facture FF260069 - Griff Tannen Corp (Réf: 311-SPI722243)', 'FF260069', '2026-02-03', 0.90, 0.00, NULL, NULL, NULL, NULL, NULL, NULL, NULL, NULL),
(42066, '2026-03-10 08:24:55', '2026-03-10 08:24:55', 84, 84, 7725, 2, 2, 'Facture FF260069 - Griff Tannen Corp (Réf: 311-SPI722243)', 'FF260069', '2026-02-03', 0.00, 0.75, NULL, NULL, NULL, NULL, NULL, NULL, NULL, NULL),
(42067, '2026-03-10 08:24:55', '2026-03-10 08:24:55', 84, 84, 7725, 430, 2, 'Facture FF260069 - Griff Tannen Corp (Réf: 311-SPI722243)', 'FF260069', '2026-02-03', 0.00, 0.15, NULL, NULL, NULL, NULL, NULL, NULL, NULL, NULL),
(42068, '2026-03-10 08:24:55', '2026-03-10 08:24:55', 84, 84, 7726, 415, 2, 'Facture FF260070 - Griff Tannen Corp (Réf: 311-SPI727785)', 'FF260070', '2026-02-25', 0.90, 0.00, NULL, NULL, NULL, NULL, NULL, NULL, NULL, NULL),
(42069, '2026-03-10 08:24:55', '2026-03-10 08:24:55', 84, 84, 7726, 2, 2, 'Facture FF260070 - Griff Tannen Corp (Réf: 311-SPI727785)', 'FF260070', '2026-02-25', 0.00, 0.75, NULL, NULL, NULL, NULL, NULL, NULL, NULL, NULL),
(42070, '2026-03-10 08:24:55', '2026-03-10 08:24:55', 84, 84, 7726, 430, 2, 'Facture FF260070 - Griff Tannen Corp (Réf: 311-SPI727785)', 'FF260070', '2026-02-25', 0.00, 0.15, NULL, NULL, NULL, NULL, NULL, NULL, NULL, NULL),
(42071, '2026-03-10 08:24:55', '2026-04-17 06:08:31', 84, 84, 7727, 103, 3, 'RF260057 - Hill Valley Networks - Facture FF260063', 'RF260057', '2026-02-04', 1110.00, 0.00, NULL, NULL, 28, 'X', '2026-04-17', NULL, NULL, NULL),
(42072, '2026-03-10 08:24:55', '2026-03-10 09:06:06', 84, 84, 7727, 403, 3, 'RF260057 - Hill Valley Networks - Facture FF260063', 'RF260057', '2026-02-04', 0.00, 1110.00, 'AAJ', '2026-03-10', NULL, NULL, NULL, NULL, NULL, NULL),
(42073, '2026-03-10 08:24:55', '2026-04-17 06:08:31', 84, 84, 7728, 103, 3, 'RF260058 - Doc Brown Industries - Facture FF260057, FF260059', 'RF260058', '2026-02-05', 53.23, 0.00, NULL, NULL, 28, 'X', '2026-04-17', NULL, NULL, NULL),
(42074, '2026-03-10 08:24:55', '2026-03-10 09:06:06', 84, 84, 7728, 395, 3, 'RF260058 - Doc Brown Industries - Facture FF260057, FF260059', 'RF260058', '2026-02-05', 0.00, 5.99, 'AAR', '2026-03-10', NULL, NULL, NULL, NULL, NULL, NULL),
(42075, '2026-03-10 08:24:55', '2026-03-10 09:06:06', 84, 84, 7728, 395, 3, 'RF260058 - Doc Brown Industries - Facture FF260057, FF260059', 'RF260058', '2026-02-05', 0.00, 47.24, 'AAS', '2026-03-10', NULL, NULL, NULL, NULL, NULL, NULL),
(42076, '2026-03-10 08:24:55', '2026-04-17 06:08:31', 84, 84, 7729, 103, 3, 'RF260059 - Doc Brown Industries - Facture FF260060', 'RF260059', '2026-02-09', 16.19, 0.00, NULL, NULL, 28, 'X', '2026-04-17', NULL, NULL, NULL),
(42077, '2026-03-10 08:24:55', '2026-03-10 08:24:55', 84, 84, 7729, 395, 3, 'RF260059 - Doc Brown Industries - Facture FF260060', 'RF260059', '2026-02-09', 0.00, 16.19, 'AAP', '2026-03-10', NULL, NULL, NULL, NULL, NULL, NULL),
(42086, '2026-03-10 09:06:06', '2026-03-10 09:06:06', 84, 84, 7733, 407, 1, 'Facture FC250003 - Tannen Excavation & Fumier  (Réf: SO250047)', 'FC250003', '2025-10-22', 0.00, 215.88, 'AAA', '2026-03-10', NULL, NULL, NULL, NULL, NULL, NULL),
(42087, '2026-03-10 09:06:06', '2026-03-10 09:06:06', 84, 84, 7733, 1, 1, 'Facture FC250003 - Tannen Excavation & Fumier  (Réf: SO250047)', 'FC250003', '2025-10-22', 179.90, 0.00, NULL, NULL, NULL, NULL, NULL, NULL, NULL, NULL),
(42088, '2026-03-10 09:06:06', '2026-03-10 09:06:06', 84, 84, 7733, 428, 1, 'Facture FC250003 - Tannen Excavation & Fumier  (Réf: SO250047)', 'FC250003', '2025-10-22', 35.98, 0.00, NULL, NULL, NULL, NULL, NULL, NULL, NULL, NULL),
(42089, '2026-03-10 09:06:06', '2026-03-10 09:06:06', 84, 84, 7734, 4, 2, 'Facture FF250050 - George McFly Creative (Réf: b2e8628be92d)', 'FF250050', '2025-12-01', 8.66, 0.00, 'AAM', '2026-03-10', NULL, NULL, NULL, NULL, NULL, NULL),
(42090, '2026-03-10 09:06:06', '2026-03-10 09:06:06', 84, 84, 7734, 2, 2, 'Facture FF250050 - George McFly Creative (Réf: b2e8628be92d)', 'FF250050', '2025-12-01', 0.00, 8.66, NULL, NULL, NULL, NULL, NULL, NULL, NULL, NULL),
(42125, '2026-03-10 09:06:06', '2026-03-10 09:06:06', 84, 84, 7746, 395, 2, 'Facture FF260056 - Doc Brown Industries (Réf: FR74845165)', 'FF260056', '2026-01-01', 5.99, 0.00, 'AAQ', '2026-03-10', NULL, NULL, NULL, NULL, NULL, NULL),
(42126, '2026-03-10 09:06:06', '2026-03-10 09:06:06', 84, 84, 7746, 360, 2, 'Facture FF260056 - Doc Brown Industries (Réf: FR74845165)', 'FF260056', '2026-01-01', 0.00, 4.99, NULL, NULL, NULL, NULL, NULL, NULL, NULL, NULL),
(42127, '2026-03-10 09:06:06', '2026-03-10 09:06:06', 84, 84, 7746, 430, 2, 'Facture FF260056 - Doc Brown Industries (Réf: FR74845165)', 'FF260056', '2026-01-01', 0.00, 1.00, NULL, NULL, NULL, NULL, NULL, NULL, NULL, NULL),
(42128, '2026-03-10 09:06:06', '2026-03-10 09:06:06', 84, 84, 7747, 395, 2, 'Facture FF260057 - Doc Brown Industries (Réf: FR75466953)', 'FF260057', '2026-02-01', 5.99, 0.00, 'AAR', '2026-03-10', NULL, NULL, NULL, NULL, NULL, NULL),
(42129, '2026-03-10 09:06:06', '2026-03-10 09:06:06', 84, 84, 7747, 360, 2, 'Facture FF260057 - Doc Brown Industries (Réf: FR75466953)', 'FF260057', '2026-02-01', 0.00, 4.99, NULL, NULL, NULL, NULL, NULL, NULL, NULL, NULL),
(42130, '2026-03-10 09:06:06', '2026-03-10 09:06:06', 84, 84, 7747, 430, 2, 'Facture FF260057 - Doc Brown Industries (Réf: FR75466953)', 'FF260057', '2026-02-01', 0.00, 1.00, NULL, NULL, NULL, NULL, NULL, NULL, NULL, NULL),
(42131, '2026-03-10 09:06:06', '2026-03-10 09:06:06', 84, 84, 7748, 395, 2, 'Facture FF260059 - Doc Brown Industries (Réf: FR75581415)', 'FF260059', '2026-02-02', 47.24, 0.00, 'AAS', '2026-03-10', NULL, NULL, NULL, NULL, NULL, NULL),
(42132, '2026-03-10 09:06:06', '2026-03-10 09:06:06', 84, 84, 7748, 360, 2, 'Facture FF260059 - Doc Brown Industries (Réf: FR75581415)', 'FF260059', '2026-02-02', 0.00, 39.37, NULL, NULL, NULL, NULL, NULL, NULL, NULL, NULL),
(42133, '2026-03-10 09:06:06', '2026-03-10 09:06:06', 84, 84, 7748, 430, 2, 'Facture FF260059 - Doc Brown Industries (Réf: FR75581415)', 'FF260059', '2026-02-02', 0.00, 7.87, NULL, NULL, NULL, NULL, NULL, NULL, NULL, NULL),
(42134, '2026-03-10 09:06:06', '2026-03-10 09:06:06', 84, 84, 7749, 403, 2, 'Facture FF260063 - Hill Valley Networks (Réf: FAC/2026/0980)', 'FF260063', '2026-02-01', 1110.00, 0.00, 'AAJ', '2026-03-10', NULL, NULL, NULL, NULL, NULL, NULL),
(42135, '2026-03-10 09:06:06', '2026-03-10 09:06:06', 84, 84, 7749, 333, 2, 'Facture FF260063 - Hill Valley Networks (Réf: FAC/2026/0980)', 'FF260063', '2026-02-01', 0.00, 925.00, NULL, NULL, NULL, NULL, NULL, NULL, NULL, NULL),
(42136, '2026-03-10 09:06:06', '2026-03-10 09:06:06', 84, 84, 7749, 430, 2, 'Facture FF260063 - Hill Valley Networks (Réf: FAC/2026/0980)', 'FF260063', '2026-02-01', 0.00, 185.00, NULL, NULL, NULL, NULL, NULL, NULL, NULL, NULL),
(42137, '2026-03-10 09:06:06', '2026-03-10 09:06:06', 84, 84, 7750, 404, 2, 'Facture FF260066 - Goldie Wilson Electronics (Réf: 12-25-invoice-29620364)', 'FF260066', '2025-12-31', 0.18, 0.00, 'AAC', '2026-03-10', NULL, NULL, NULL, NULL, NULL, NULL),
(42138, '2026-03-10 09:06:06', '2026-03-10 09:06:06', 84, 84, 7750, 309, 2, 'Facture FF260066 - Goldie Wilson Electronics (Réf: 12-25-invoice-29620364)', 'FF260066', '2025-12-31', 0.00, 0.18, NULL, NULL, NULL, NULL, NULL, NULL, NULL, NULL),
(42139, '2026-03-10 09:06:06', '2026-03-10 09:06:06', 84, 84, 7751, 404, 2, 'Facture FF260067 - Goldie Wilson Electronics (Réf: 12-25-invoice-29620364)', 'FF260067', '2026-01-31', 2.40, 0.00, 'AAD', '2026-03-10', NULL, NULL, NULL, NULL, NULL, NULL),
(42140, '2026-03-10 09:06:06', '2026-03-10 09:06:06', 84, 84, 7751, 309, 2, 'Facture FF260067 - Goldie Wilson Electronics (Réf: 12-25-invoice-29620364)', 'FF260067', '2026-01-31', 0.00, 2.00, NULL, NULL, NULL, NULL, NULL, NULL, NULL, NULL),
(42141, '2026-03-10 09:06:06', '2026-03-10 09:06:06', 84, 84, 7751, 430, 2, 'Facture FF260067 - Goldie Wilson Electronics (Réf: 12-25-invoice-29620364)', 'FF260067', '2026-01-31', 0.00, 0.40, NULL, NULL, NULL, NULL, NULL, NULL, NULL, NULL),
(42151, '2026-03-10 09:06:06', '2026-04-17 06:19:21', 84, 84, 7755, 403, 2, 'Facture FF260071 - Hill Valley Networks (Réf: FAC-2026-1428)', 'FF260071', '2026-03-01', 1110.00, 0.00, 'AAK', '2026-04-17', NULL, NULL, NULL, NULL, NULL, NULL),
(42152, '2026-03-10 09:06:06', '2026-03-10 09:06:06', 84, 84, 7755, 333, 2, 'Facture FF260071 - Hill Valley Networks (Réf: FAC-2026-1428)', 'FF260071', '2026-03-01', 0.00, 925.00, NULL, NULL, NULL, NULL, NULL, NULL, NULL, NULL),
(42153, '2026-03-10 09:06:06', '2026-03-10 09:06:06', 84, 84, 7755, 430, 2, 'Facture FF260071 - Hill Valley Networks (Réf: FAC-2026-1428)', 'FF260071', '2026-03-01', 0.00, 185.00, NULL, NULL, NULL, NULL, NULL, NULL, NULL, NULL),
(42159, '2026-03-10 09:53:32', '2026-03-10 09:53:32', 84, 84, 7757, 3, 1, 'Facture FC250007 - HORIZON GESTION (Réf: SO250043)', 'FC250007', '2025-12-04', 0.00, 143.38, 'AAC', '2026-03-10', NULL, NULL, NULL, NULL, NULL, NULL),
(42160, '2026-03-10 09:53:32', '2026-03-10 09:53:32', 84, 84, 7757, 307, 1, 'Facture FC250007 - HORIZON GESTION (Réf: SO250043)', 'FC250007', '2025-12-04', 99.50, 0.00, NULL, NULL, NULL, NULL, NULL, NULL, NULL, NULL),
(42161, '2026-03-10 09:53:32', '2026-03-10 09:53:32', 84, 84, 7757, 1, 1, 'Facture FC250007 - HORIZON GESTION (Réf: SO250043)', 'FC250007', '2025-12-04', 19.98, 0.00, NULL, NULL, NULL, NULL, NULL, NULL, NULL, NULL),
(42162, '2026-03-10 09:53:32', '2026-03-10 09:53:32', 84, 84, 7757, 428, 1, 'Facture FC250007 - HORIZON GESTION (Réf: SO250043)', 'FC250007', '2025-12-04', 23.90, 0.00, NULL, NULL, NULL, NULL, NULL, NULL, NULL, NULL),
(42163, '2026-03-10 09:53:32', '2026-03-10 09:53:32', 84, 84, 7758, 3, 1, 'Facture FC250008 - HORIZON GESTION (Réf: CC250003)', 'FC250008', '2025-12-04', 0.00, 388.66, 'AAD', '2026-03-10', NULL, NULL, NULL, NULL, NULL, NULL),
(42164, '2026-03-10 09:53:32', '2026-03-10 09:53:32', 84, 84, 7758, 1, 1, 'Facture FC250008 - HORIZON GESTION (Réf: CC250003)', 'FC250008', '2025-12-04', 323.88, 0.00, NULL, NULL, NULL, NULL, NULL, NULL, NULL, NULL),
(42165, '2026-03-10 09:53:32', '2026-03-10 09:53:32', 84, 84, 7758, 428, 1, 'Facture FC250008 - HORIZON GESTION (Réf: CC250003)', 'FC250008', '2025-12-04', 64.78, 0.00, NULL, NULL, NULL, NULL, NULL, NULL, NULL, NULL),
(42166, '2026-03-10 09:53:32', '2026-03-10 09:53:32', 84, 84, 7759, 419, 1, 'Facture FC250009 - RAMI MEDICAL PARIS (Réf: SO250049)', 'FC250009', '2025-12-04', 0.00, 119.40, 'AAA', '2026-03-10', NULL, NULL, NULL, NULL, NULL, NULL),
(42167, '2026-03-10 09:53:32', '2026-03-10 09:53:32', 84, 84, 7759, 307, 1, 'Facture FC250009 - RAMI MEDICAL PARIS (Réf: SO250049)', 'FC250009', '2025-12-04', 99.50, 0.00, NULL, NULL, NULL, NULL, NULL, NULL, NULL, NULL),
(42168, '2026-03-10 09:53:32', '2026-03-10 09:53:32', 84, 84, 7759, 428, 1, 'Facture FC250009 - RAMI MEDICAL PARIS (Réf: SO250049)', 'FC250009', '2025-12-04', 19.90, 0.00, NULL, NULL, NULL, NULL, NULL, NULL, NULL, NULL),
(42169, '2026-03-10 09:53:32', '2026-03-10 09:53:32', 84, 84, 7760, 419, 1, 'Facture FC250010 - RAMI MEDICAL PARIS (Réf: CC250003)', 'FC250010', '2025-12-04', 0.00, 586.79, 'AAB', '2026-03-10', NULL, NULL, NULL, NULL, NULL, NULL),
(42170, '2026-03-10 09:53:32', '2026-03-10 09:53:32', 84, 84, 7760, 1, 1, 'Facture FC250010 - RAMI MEDICAL PARIS (Réf: CC250003)', 'FC250010', '2025-12-04', 488.99, 0.00, NULL, NULL, NULL, NULL, NULL, NULL, NULL, NULL),
(42171, '2026-03-10 09:53:32', '2026-03-10 09:53:32', 84, 84, 7760, 428, 1, 'Facture FC250010 - RAMI MEDICAL PARIS (Réf: CC250003)', 'FC250010', '2025-12-04', 97.80, 0.00, NULL, NULL, NULL, NULL, NULL, NULL, NULL, NULL),
(42181, '2026-03-10 09:53:32', '2026-03-26 13:38:06', 84, 84, 7764, 419, 1, 'Facture FC250017 - RAMI MEDICAL PARIS', 'FC250017', '2025-12-16', 0.00, 64.80, 'AAC', '2026-03-26', NULL, NULL, NULL, NULL, NULL, NULL),
(42182, '2026-03-10 09:53:32', '2026-03-10 09:53:32', 84, 84, 7764, 1, 1, 'Facture FC250017 - RAMI MEDICAL PARIS', 'FC250017', '2025-12-16', 54.00, 0.00, NULL, NULL, NULL, NULL, NULL, NULL, NULL, NULL),
(42183, '2026-03-10 09:53:32', '2026-03-10 09:53:32', 84, 84, 7764, 428, 1, 'Facture FC250017 - RAMI MEDICAL PARIS', 'FC250017', '2025-12-16', 10.80, 0.00, NULL, NULL, NULL, NULL, NULL, NULL, NULL, NULL),
(42184, '2026-03-10 09:53:32', '2026-03-10 09:53:32', 84, 84, 7765, 421, 1, 'Facture FC260018 - Sophie DURAND (Réf: SO250056)', 'FC260018', '2025-11-04', 0.00, 119.40, NULL, NULL, NULL, NULL, NULL, NULL, NULL, NULL),
(42185, '2026-03-10 09:53:32', '2026-03-10 09:53:32', 84, 84, 7765, 307, 1, 'Facture FC260018 - Sophie DURAND (Réf: SO250056)', 'FC260018', '2025-11-04', 99.50, 0.00, NULL, NULL, NULL, NULL, NULL, NULL, NULL, NULL),
(42186, '2026-03-10 09:53:32', '2026-03-10 09:53:32', 84, 84, 7765, 428, 1, 'Facture FC260018 - Sophie DURAND (Réf: SO250056)', 'FC260018', '2025-11-04', 19.90, 0.00, NULL, NULL, NULL, NULL, NULL, NULL, NULL, NULL),
(42187, '2026-03-10 09:53:32', '2026-03-10 09:53:32', 84, 84, 7766, 420, 1, 'Facture FC260019 - Générateurs Mr. Fusion France (Réf: SO250058)', 'FC260019', '2025-11-17', 0.00, 23.99, 'AAA', '2026-03-10', NULL, NULL, NULL, NULL, NULL, NULL),
(42188, '2026-03-10 09:53:32', '2026-03-10 09:53:32', 84, 84, 7766, 307, 1, 'Facture FC260019 - Générateurs Mr. Fusion France (Réf: SO250058)', 'FC260019', '2025-11-17', 19.99, 0.00, NULL, NULL, NULL, NULL, NULL, NULL, NULL, NULL),
(42189, '2026-03-10 09:53:32', '2026-03-10 09:53:32', 84, 84, 7766, 428, 1, 'Facture FC260019 - Générateurs Mr. Fusion France (Réf: SO250058)', 'FC260019', '2025-11-17', 4.00, 0.00, NULL, NULL, NULL, NULL, NULL, NULL, NULL, NULL),
(42190, '2026-03-10 09:53:32', '2026-03-10 09:53:32', 84, 84, 7767, 423, 1, 'Facture FC260020 - Horlogerie de la Place du Clocher (Réf: SO250061)', 'FC260020', '2025-11-28', 0.00, 239.38, 'AAA', '2026-03-10', NULL, NULL, NULL, NULL, NULL, NULL),
(42191, '2026-03-10 09:53:32', '2026-03-10 09:53:32', 84, 84, 7767, 1, 1, 'Facture FC260020 - Horlogerie de la Place du Clocher (Réf: SO250061)', 'FC260020', '2025-11-28', 99.98, 0.00, NULL, NULL, NULL, NULL, NULL, NULL, NULL, NULL),
(42192, '2026-03-10 09:53:32', '2026-03-10 09:53:32', 84, 84, 7767, 307, 1, 'Facture FC260020 - Horlogerie de la Place du Clocher (Réf: SO250061)', 'FC260020', '2025-11-28', 99.50, 0.00, NULL, NULL, NULL, NULL, NULL, NULL, NULL, NULL),
(42193, '2026-03-10 09:53:32', '2026-03-10 09:53:32', 84, 84, 7767, 428, 1, 'Facture FC260020 - Horlogerie de la Place du Clocher (Réf: SO250061)', 'FC260020', '2025-11-28', 39.90, 0.00, NULL, NULL, NULL, NULL, NULL, NULL, NULL, NULL),
(42194, '2026-03-10 09:53:32', '2026-03-10 09:53:32', 84, 84, 7768, 420, 1, 'Facture FC260021 - Générateurs Mr. Fusion France (Réf: Contrat CC260011)', 'FC260021', '2025-12-01', 0.00, 27.59, 'AAB', '2026-03-10', NULL, NULL, NULL, NULL, NULL, NULL),
(42195, '2026-03-10 09:53:32', '2026-03-10 09:53:32', 84, 84, 7768, 416, 1, 'Facture FC260021 - Générateurs Mr. Fusion France (Réf: Contrat CC260011)', 'FC260021', '2025-12-01', 22.99, 0.00, NULL, NULL, NULL, NULL, NULL, NULL, NULL, NULL),
(42196, '2026-03-10 09:53:32', '2026-03-10 09:53:32', 84, 84, 7768, 428, 1, 'Facture FC260021 - Générateurs Mr. Fusion France (Réf: Contrat CC260011)', 'FC260021', '2025-12-01', 4.60, 0.00, NULL, NULL, NULL, NULL, NULL, NULL, NULL, NULL),
(42197, '2026-03-10 09:53:32', '2026-03-10 10:04:21', 84, 84, 7769, 423, 1, 'Facture FC260022 - Horlogerie de la Place du Clocher (Réf: Contrat CC260012)', 'FC260022', '2025-12-19', 0.00, 75.58, 'AAB', '2026-03-10', NULL, NULL, NULL, NULL, NULL, NULL),
(42198, '2026-03-10 09:53:32', '2026-03-10 09:53:32', 84, 84, 7769, 1, 1, 'Facture FC260022 - Horlogerie de la Place du Clocher (Réf: Contrat CC260012)', 'FC260022', '2025-12-19', 62.98, 0.00, NULL, NULL, NULL, NULL, NULL, NULL, NULL, NULL),
(42199, '2026-03-10 09:53:32', '2026-03-10 09:53:32', 84, 84, 7769, 428, 1, 'Facture FC260022 - Horlogerie de la Place du Clocher (Réf: Contrat CC260012)', 'FC260022', '2025-12-19', 12.60, 0.00, NULL, NULL, NULL, NULL, NULL, NULL, NULL, NULL),
(42203, '2026-03-10 09:53:32', '2026-03-10 09:53:32', 84, 84, 7771, 420, 1, 'Facture FC260024 - Générateurs Mr. Fusion France (Réf: Contrat CC260011)', 'FC260024', '2026-01-01', 0.00, 27.59, 'AAC', '2026-03-10', NULL, NULL, NULL, NULL, NULL, NULL),
(42204, '2026-03-10 09:53:32', '2026-03-10 09:53:32', 84, 84, 7771, 416, 1, 'Facture FC260024 - Générateurs Mr. Fusion France (Réf: Contrat CC260011)', 'FC260024', '2026-01-01', 22.99, 0.00, NULL, NULL, NULL, NULL, NULL, NULL, NULL, NULL),
(42205, '2026-03-10 09:53:32', '2026-03-10 09:53:32', 84, 84, 7771, 428, 1, 'Facture FC260024 - Générateurs Mr. Fusion France (Réf: Contrat CC260011)', 'FC260024', '2026-01-01', 4.60, 0.00, NULL, NULL, NULL, NULL, NULL, NULL, NULL, NULL),
(42206, '2026-03-10 09:53:32', '2026-03-10 10:04:21', 84, 84, 7772, 423, 1, 'Facture FC260025 - Horlogerie de la Place du Clocher (Réf: Contrat CC260012)', 'FC260025', '2026-01-01', 0.00, 75.58, 'AAC', '2026-03-10', NULL, NULL, NULL, NULL, NULL, NULL),
(42207, '2026-03-10 09:53:32', '2026-03-10 09:53:32', 84, 84, 7772, 1, 1, 'Facture FC260025 - Horlogerie de la Place du Clocher (Réf: Contrat CC260012)', 'FC260025', '2026-01-01', 62.98, 0.00, NULL, NULL, NULL, NULL, NULL, NULL, NULL, NULL),
(42208, '2026-03-10 09:53:32', '2026-03-10 09:53:32', 84, 84, 7772, 428, 1, 'Facture FC260025 - Horlogerie de la Place du Clocher (Réf: Contrat CC260012)', 'FC260025', '2026-01-01', 12.60, 0.00, NULL, NULL, NULL, NULL, NULL, NULL, NULL, NULL),
(42212, '2026-03-10 09:53:32', '2026-03-10 09:55:54', 84, 84, 7774, 420, 1, 'Facture FC260027 - Générateurs Mr. Fusion France (Réf: Contrat CC260011)', 'FC260027', '2026-02-01', 0.00, 27.59, 'AAD', '2026-03-10', NULL, NULL, NULL, NULL, NULL, NULL),
(42213, '2026-03-10 09:53:32', '2026-03-10 09:53:32', 84, 84, 7774, 416, 1, 'Facture FC260027 - Générateurs Mr. Fusion France (Réf: Contrat CC260011)', 'FC260027', '2026-02-01', 22.99, 0.00, NULL, NULL, NULL, NULL, NULL, NULL, NULL, NULL),
(42214, '2026-03-10 09:53:32', '2026-03-10 09:53:32', 84, 84, 7774, 428, 1, 'Facture FC260027 - Générateurs Mr. Fusion France (Réf: Contrat CC260011)', 'FC260027', '2026-02-01', 4.60, 0.00, NULL, NULL, NULL, NULL, NULL, NULL, NULL, NULL),
(42215, '2026-03-10 09:53:32', '2026-04-17 06:19:21', 84, 84, 7775, 423, 1, 'Facture FC260028 - Horlogerie de la Place du Clocher (Réf: Contrat CC260012)', 'FC260028', '2026-02-01', 0.00, 75.58, 'AAD', '2026-04-17', NULL, NULL, NULL, NULL, NULL, NULL),
(42216, '2026-03-10 09:53:32', '2026-03-10 09:53:32', 84, 84, 7775, 1, 1, 'Facture FC260028 - Horlogerie de la Place du Clocher (Réf: Contrat CC260012)', 'FC260028', '2026-02-01', 62.98, 0.00, NULL, NULL, NULL, NULL, NULL, NULL, NULL, NULL),
(42217, '2026-03-10 09:53:32', '2026-03-10 09:53:32', 84, 84, 7775, 428, 1, 'Facture FC260028 - Horlogerie de la Place du Clocher (Réf: Contrat CC260012)', 'FC260028', '2026-02-01', 12.60, 0.00, NULL, NULL, NULL, NULL, NULL, NULL, NULL, NULL),
(42224, '2026-03-10 09:53:32', '2026-04-17 06:19:21', 84, 84, 7778, 423, 1, 'Facture FC260031 - Horlogerie de la Place du Clocher (Réf: Contrat CC260012)', 'FC260031', '2026-03-01', 0.00, 75.58, 'AAE', '2026-04-17', NULL, NULL, NULL, NULL, NULL, NULL),
(42225, '2026-03-10 09:53:32', '2026-03-10 09:53:32', 84, 84, 7778, 1, 1, 'Facture FC260031 - Horlogerie de la Place du Clocher (Réf: Contrat CC260012)', 'FC260031', '2026-03-01', 62.98, 0.00, NULL, NULL, NULL, NULL, NULL, NULL, NULL, NULL),
(42226, '2026-03-10 09:53:32', '2026-03-10 09:53:32', 84, 84, 7778, 428, 1, 'Facture FC260031 - Horlogerie de la Place du Clocher (Réf: Contrat CC260012)', 'FC260031', '2026-03-01', 12.60, 0.00, NULL, NULL, NULL, NULL, NULL, NULL, NULL, NULL),
(42227, '2026-03-10 09:53:32', '2026-03-26 13:40:09', 84, 84, 7779, 103, 3, 'RE250003 - HORIZON GESTION - Facture FC250007', 'RE250003', '2025-12-05', 0.00, 119.48, NULL, NULL, 22, 'X', '2026-03-26', NULL, NULL, NULL),
(42228, '2026-03-10 09:53:32', '2026-03-10 09:53:32', 84, 84, 7779, 3, 3, 'RE250003 - HORIZON GESTION - Facture FC250007', 'RE250003', '2025-12-05', 119.48, 0.00, 'AAC', '2026-03-10', NULL, NULL, NULL, NULL, NULL, NULL),
(42229, '2026-03-10 09:53:32', '2026-03-26 13:40:09', 84, 84, 7780, 103, 3, 'RE250004 - HORIZON GESTION - Facture FC250008', 'RE250004', '2025-12-05', 0.00, 323.88, NULL, NULL, 22, 'X', '2026-03-26', NULL, NULL, NULL),
(42230, '2026-03-10 09:53:32', '2026-03-10 09:53:32', 84, 84, 7780, 3, 3, 'RE250004 - HORIZON GESTION - Facture FC250008', 'RE250004', '2025-12-05', 323.88, 0.00, 'AAD', '2026-03-10', NULL, NULL, NULL, NULL, NULL, NULL),
(42231, '2026-03-10 09:53:32', '2026-03-26 13:40:09', 84, 84, 7781, 103, 3, 'RE250005 - RAMI MEDICAL PARIS - Facture FC250009', 'RE250005', '2025-12-05', 0.00, 119.40, NULL, NULL, 22, 'X', '2026-03-26', NULL, NULL, NULL),
(42232, '2026-03-10 09:53:32', '2026-03-10 09:53:32', 84, 84, 7781, 419, 3, 'RE250005 - RAMI MEDICAL PARIS - Facture FC250009', 'RE250005', '2025-12-05', 119.40, 0.00, 'AAA', '2026-03-10', NULL, NULL, NULL, NULL, NULL, NULL),
(42233, '2026-03-10 09:53:32', '2026-03-26 13:40:09', 84, 84, 7782, 103, 3, 'RE250006 - RAMI MEDICAL PARIS - Facture FC250010', 'RE250006', '2025-12-05', 0.00, 586.79, NULL, NULL, 22, 'X', '2026-03-26', NULL, NULL, NULL),
(42234, '2026-03-10 09:53:32', '2026-03-10 09:53:32', 84, 84, 7782, 419, 3, 'RE250006 - RAMI MEDICAL PARIS - Facture FC250010', 'RE250006', '2025-12-05', 586.79, 0.00, 'AAB', '2026-03-10', NULL, NULL, NULL, NULL, NULL, NULL),
(42235, '2026-03-10 09:53:32', '2026-03-26 13:40:09', 84, 84, 7783, 103, 3, 'RE250008 - HORIZON GESTION - Facture FC250007, FC250008', 'RE250008', '2025-12-09', 0.00, 88.68, NULL, NULL, 22, 'X', '2026-03-26', NULL, NULL, NULL),
(42236, '2026-03-10 09:53:32', '2026-03-10 09:53:32', 84, 84, 7783, 3, 3, 'RE250008 - HORIZON GESTION - Facture FC250007, FC250008', 'RE250008', '2025-12-09', 23.90, 0.00, 'AAC', '2026-03-10', NULL, NULL, NULL, NULL, NULL, NULL),
(42237, '2026-03-10 09:53:32', '2026-03-10 09:53:32', 84, 84, 7783, 3, 3, 'RE250008 - HORIZON GESTION - Facture FC250007, FC250008', 'RE250008', '2025-12-09', 64.78, 0.00, 'AAD', '2026-03-10', NULL, NULL, NULL, NULL, NULL, NULL),
(42243, '2026-03-10 09:53:32', '2026-04-17 06:08:31', 84, 84, 7786, 103, 3, 'RE260012 - Générateurs Mr. Fusion France - Facture FC260024, FC260027', 'RE260012', '2026-02-13', 0.00, 55.18, NULL, NULL, 28, 'X', '2026-04-17', NULL, NULL, NULL),
(42244, '2026-03-10 09:53:32', '2026-03-10 09:53:32', 84, 84, 7786, 420, 3, 'RE260012 - Générateurs Mr. Fusion France - Facture FC260024, FC260027', 'RE260012', '2026-02-13', 27.59, 0.00, 'AAC', '2026-03-10', NULL, NULL, NULL, NULL, NULL, NULL),
(42245, '2026-03-10 09:53:32', '2026-03-10 09:55:54', 84, 84, 7786, 420, 3, 'RE260012 - Générateurs Mr. Fusion France - Facture FC260024, FC260027', 'RE260012', '2026-02-13', 27.59, 0.00, 'AAD', '2026-03-10', NULL, NULL, NULL, NULL, NULL, NULL),
(42246, '2026-03-10 09:53:32', '2026-04-17 06:08:31', 84, 84, 7787, 103, 3, 'RE260013 - Générateurs Mr. Fusion France - Facture FC260019, FC260021', 'RE260013', '2026-02-13', 0.00, 51.58, NULL, NULL, 28, 'X', '2026-04-17', NULL, NULL, NULL),
(42247, '2026-03-10 09:53:32', '2026-03-10 09:53:32', 84, 84, 7787, 420, 3, 'RE260013 - Générateurs Mr. Fusion France - Facture FC260019, FC260021', 'RE260013', '2026-02-13', 23.99, 0.00, 'AAA', '2026-03-10', NULL, NULL, NULL, NULL, NULL, NULL),
(42248, '2026-03-10 09:53:32', '2026-03-10 09:53:32', 84, 84, 7787, 420, 3, 'RE260013 - Générateurs Mr. Fusion France - Facture FC260019, FC260021', 'RE260013', '2026-02-13', 27.59, 0.00, 'AAB', '2026-03-10', NULL, NULL, NULL, NULL, NULL, NULL),
(42249, '2026-03-10 09:53:32', '2026-04-17 06:08:31', 84, 84, 7788, 103, 3, 'RE260014 - Horlogerie de la Place du Clocher - Facture FC260020', 'RE260014', '2026-02-28', 0.00, 239.38, NULL, NULL, 28, 'X', '2026-04-17', NULL, NULL, NULL),
(42250, '2026-03-10 09:53:32', '2026-03-10 09:53:32', 84, 84, 7788, 423, 3, 'RE260014 - Horlogerie de la Place du Clocher - Facture FC260020', 'RE260014', '2026-02-28', 239.38, 0.00, 'AAA', '2026-03-10', NULL, NULL, NULL, NULL, NULL, NULL),
(42251, '2026-03-10 09:55:54', '2026-04-17 10:53:34', 84, 84, 7789, 424, 1, 'Facture FC250012 - SARL DEMO ONE (Réf: CC250003)', 'FC250012', '2025-12-01', 0.00, 71.99, 'AAB', '2026-04-17', NULL, NULL, NULL, NULL, NULL, NULL),
(42252, '2026-03-10 09:55:54', '2026-03-10 09:55:54', 84, 84, 7789, 1, 1, 'Facture FC250012 - SARL DEMO ONE (Réf: CC250003)', 'FC250012', '2025-12-01', 59.99, 0.00, NULL, NULL, NULL, NULL, NULL, NULL, NULL, NULL),
(42253, '2026-03-10 09:55:54', '2026-03-10 09:55:54', 84, 84, 7789, 428, 1, 'Facture FC250012 - SARL DEMO ONE (Réf: CC250003)', 'FC250012', '2025-12-01', 12.00, 0.00, NULL, NULL, NULL, NULL, NULL, NULL, NULL, NULL),
(42254, '2026-03-10 09:55:54', '2026-03-10 09:55:54', 84, 84, 7790, 424, 1, 'Facture FC250013 - SARL DEMO ONE (Réf: SO250062)', 'FC250013', '2025-12-04', 0.00, 11.99, NULL, NULL, NULL, NULL, NULL, NULL, NULL, NULL),
(42255, '2026-03-10 09:55:54', '2026-03-10 09:55:54', 84, 84, 7790, 1, 1, 'Facture FC250013 - SARL DEMO ONE (Réf: SO250062)', 'FC250013', '2025-12-04', 9.99, 0.00, NULL, NULL, NULL, NULL, NULL, NULL, NULL, NULL),
(42256, '2026-03-10 09:55:54', '2026-03-10 09:55:54', 84, 84, 7790, 428, 1, 'Facture FC250013 - SARL DEMO ONE (Réf: SO250062)', 'FC250013', '2025-12-04', 2.00, 0.00, NULL, NULL, NULL, NULL, NULL, NULL, NULL, NULL),
(42257, '2026-03-10 09:55:54', '2026-03-10 09:55:54', 84, 84, 7791, 424, 1, 'Facture FC250014 - SARL DEMO ONE (Réf: CC250003)', 'FC250014', '2025-07-01', 0.00, 41.99, NULL, NULL, NULL, NULL, NULL, NULL, NULL, NULL),
(42258, '2026-03-10 09:55:54', '2026-03-10 09:55:54', 84, 84, 7791, 1, 1, 'Facture FC250014 - SARL DEMO ONE (Réf: CC250003)', 'FC250014', '2025-07-01', 34.99, 0.00, NULL, NULL, NULL, NULL, NULL, NULL, NULL, NULL),
(42259, '2026-03-10 09:55:54', '2026-03-10 09:55:54', 84, 84, 7791, 428, 1, 'Facture FC250014 - SARL DEMO ONE (Réf: CC250003)', 'FC250014', '2025-07-01', 7.00, 0.00, NULL, NULL, NULL, NULL, NULL, NULL, NULL, NULL),
(42260, '2026-03-10 09:55:54', '2026-03-26 13:38:06', 84, 84, 7792, 424, 1, 'Facture FC260023 - SARL DEMO ONE (Réf: Contrat CC250007)', 'FC260023', '2026-01-01', 0.00, 71.99, 'AAA', '2026-03-26', NULL, NULL, NULL, NULL, NULL, NULL),
(42261, '2026-03-10 09:55:54', '2026-03-10 09:55:54', 84, 84, 7792, 1, 1, 'Facture FC260023 - SARL DEMO ONE (Réf: Contrat CC250007)', 'FC260023', '2026-01-01', 59.99, 0.00, NULL, NULL, NULL, NULL, NULL, NULL, NULL, NULL),
(42262, '2026-03-10 09:55:54', '2026-03-10 09:55:54', 84, 84, 7792, 428, 1, 'Facture FC260023 - SARL DEMO ONE (Réf: Contrat CC250007)', 'FC260023', '2026-01-01', 12.00, 0.00, NULL, NULL, NULL, NULL, NULL, NULL, NULL, NULL),
(42263, '2026-03-10 09:55:54', '2026-04-17 11:00:09', 84, 84, 7793, 424, 1, 'Facture FC260026 - SARL DEMO ONE (Réf: Contrat CC250007)', 'FC260026', '2026-02-01', 0.00, 71.99, 'AAC', '2026-04-17', NULL, NULL, NULL, NULL, NULL, NULL),
(42264, '2026-03-10 09:55:54', '2026-03-10 09:55:54', 84, 84, 7793, 1, 1, 'Facture FC260026 - SARL DEMO ONE (Réf: Contrat CC250007)', 'FC260026', '2026-02-01', 59.99, 0.00, NULL, NULL, NULL, NULL, NULL, NULL, NULL, NULL),
(42265, '2026-03-10 09:55:54', '2026-03-10 09:55:54', 84, 84, 7793, 428, 1, 'Facture FC260026 - SARL DEMO ONE (Réf: Contrat CC250007)', 'FC260026', '2026-02-01', 12.00, 0.00, NULL, NULL, NULL, NULL, NULL, NULL, NULL, NULL),
(42266, '2026-03-10 09:55:54', '2026-04-17 11:01:22', 84, 84, 7794, 424, 1, 'Facture FC260029 - SARL DEMO ONE (Réf: Contrat CC250007)', 'FC260029', '2026-03-01', 0.00, 71.99, 'AAD', '2026-04-17', NULL, NULL, NULL, NULL, NULL, NULL),
(42267, '2026-03-10 09:55:54', '2026-03-10 09:55:54', 84, 84, 7794, 1, 1, 'Facture FC260029 - SARL DEMO ONE (Réf: Contrat CC250007)', 'FC260029', '2026-03-01', 59.99, 0.00, NULL, NULL, NULL, NULL, NULL, NULL, NULL, NULL),
(42268, '2026-03-10 09:55:54', '2026-03-10 09:55:54', 84, 84, 7794, 428, 1, 'Facture FC260029 - SARL DEMO ONE (Réf: Contrat CC250007)', 'FC260029', '2026-03-01', 12.00, 0.00, NULL, NULL, NULL, NULL, NULL, NULL, NULL, NULL),
(42269, '2026-03-10 09:55:54', '2026-03-26 13:40:46', 84, 84, 7795, 103, 3, 'RE260011 - SARL DEMO ONE - Facture FC260023', 'RE260011', '2026-01-26', 0.00, 87.57, NULL, NULL, 27, 'X', '2026-03-26', NULL, NULL, NULL),
(42270, '2026-03-10 09:55:54', '2026-03-26 13:38:06', 84, 84, 7795, 424, 3, 'RE260011 - SARL DEMO ONE - Facture FC260023', 'RE260011', '2026-01-26', 71.99, 0.00, 'AAA', '2026-03-26', NULL, NULL, NULL, NULL, NULL, NULL),
(42271, '2026-03-10 09:55:54', '2026-03-10 09:55:54', 84, 84, 7795, 424, 3, 'RE260011 - SARL DEMO ONE - Facture FC260023', 'RE260011', '2026-01-26', 15.58, 0.00, NULL, NULL, NULL, NULL, NULL, NULL, NULL, NULL),
(42272, '2026-03-10 10:04:21', '2026-04-17 11:02:31', 84, 84, 7796, 103, 3, 'RE260015 - Horlogerie de la Place du Clocher - Facture FC260022', 'RE260015', '2026-03-03', 0.00, 75.58, NULL, NULL, 29, 'X', '2026-04-17', NULL, NULL, NULL),
(42273, '2026-03-10 10:04:21', '2026-03-10 10:04:21', 84, 84, 7796, 423, 3, 'RE260015 - Horlogerie de la Place du Clocher - Facture FC260022', 'RE260015', '2026-03-03', 75.58, 0.00, 'AAB', '2026-03-10', NULL, NULL, NULL, NULL, NULL, NULL),
(42274, '2026-03-10 10:04:21', '2026-04-17 11:02:31', 84, 84, 7797, 103, 3, 'RE260016 - Horlogerie de la Place du Clocher - Facture FC260025', 'RE260016', '2026-03-03', 0.00, 75.58, NULL, NULL, 29, 'X', '2026-04-17', NULL, NULL, NULL),
(42275, '2026-03-10 10:04:21', '2026-03-10 10:04:21', 84, 84, 7797, 423, 3, 'RE260016 - Horlogerie de la Place du Clocher - Facture FC260025', 'RE260016', '2026-03-03', 75.58, 0.00, 'AAC', '2026-03-10', NULL, NULL, NULL, NULL, NULL, NULL),
(42278, '2026-03-10 10:16:08', '2026-03-10 10:17:20', 84, 84, 7799, 407, 1, 'Facture FC250016 - Tannen Excavation & Fumier  (Réf: CC250003)', 'FC250016', '2025-10-01', 0.00, 286.56, 'AAB', '2026-03-10', NULL, NULL, NULL, NULL, NULL, NULL),
(42279, '2026-03-10 10:16:08', '2026-03-10 10:16:08', 84, 84, 7799, 307, 1, 'Facture FC250016 - Tannen Excavation & Fumier  (Réf: CC250003)', 'FC250016', '2025-10-01', 238.80, 0.00, NULL, NULL, NULL, NULL, NULL, NULL, NULL, NULL),
(42280, '2026-03-10 10:16:08', '2026-03-10 10:16:08', 84, 84, 7799, 428, 1, 'Facture FC250016 - Tannen Excavation & Fumier  (Réf: CC250003)', 'FC250016', '2025-10-01', 47.76, 0.00, NULL, NULL, NULL, NULL, NULL, NULL, NULL, NULL),
(42281, '2026-03-26 13:38:06', '2026-03-26 13:40:09', 84, 84, 7800, 103, 3, 'RE260009 - RAMI MEDICAL PARIS - Facture FC250017', 'RE260009', '2025-12-16', 0.00, 64.80, NULL, NULL, 22, 'X', '2026-03-26', NULL, NULL, NULL),
(42282, '2026-03-26 13:38:06', '2026-03-26 13:38:06', 84, 84, 7800, 419, 3, 'RE260009 - RAMI MEDICAL PARIS - Facture FC250017', 'RE260009', '2025-12-16', 64.80, 0.00, 'AAC', '2026-03-26', NULL, NULL, NULL, NULL, NULL, NULL),
(42286, '2026-03-26 14:16:50', '2026-04-17 06:19:21', 84, 84, 7802, 420, 1, 'Facture FC260030 - Générateurs Mr. Fusion France (Réf: Contrat CC260011)', 'FC260030', '2026-03-01', 0.00, 27.59, 'AAE', '2026-04-17', NULL, NULL, NULL, NULL, NULL, NULL),
(42287, '2026-03-26 14:16:50', '2026-03-26 14:16:50', 84, 84, 7802, 416, 1, 'Facture FC260030 - Générateurs Mr. Fusion France (Réf: Contrat CC260011)', 'FC260030', '2026-03-01', 22.99, 0.00, NULL, NULL, NULL, NULL, NULL, NULL, NULL, NULL),
(42288, '2026-03-26 14:16:50', '2026-03-26 14:16:50', 84, 84, 7802, 428, 1, 'Facture FC260030 - Générateurs Mr. Fusion France (Réf: Contrat CC260011)', 'FC260030', '2026-03-01', 4.60, 0.00, NULL, NULL, NULL, NULL, NULL, NULL, NULL, NULL),
(42289, '2026-03-26 14:29:04', '2026-03-26 14:29:04', 84, 84, 7803, 3, 1, 'Facture FC250005 - Pierre DUPONT (Réf: RC250002)', 'FC250005', '2025-10-01', 0.00, 1499.48, 'AAE', '2026-03-26', NULL, NULL, NULL, NULL, NULL, NULL),
(42290, '2026-03-26 14:29:04', '2026-03-26 14:29:04', 84, 84, 7803, 1, 1, 'Facture FC250005 - Pierre DUPONT (Réf: RC250002)', 'FC250005', '2025-10-01', 1050.37, 0.00, NULL, NULL, NULL, NULL, NULL, NULL, NULL, NULL),
(42291, '2026-03-26 14:29:04', '2026-03-26 14:29:04', 84, 84, 7803, 307, 1, 'Facture FC250005 - Pierre DUPONT (Réf: RC250002)', 'FC250005', '2025-10-01', 199.20, 0.00, NULL, NULL, NULL, NULL, NULL, NULL, NULL, NULL),
(42292, '2026-03-26 14:29:04', '2026-03-26 14:29:04', 84, 84, 7803, 428, 1, 'Facture FC250005 - Pierre DUPONT (Réf: RC250002)', 'FC250005', '2025-10-01', 249.91, 0.00, NULL, NULL, NULL, NULL, NULL, NULL, NULL, NULL),
(42293, '2026-04-13 13:18:46', '2026-04-17 06:08:31', 84, 84, 7804, 103, 3, 'RE260017 - RAMI MEDICAL PARIS', 'RE260017', '2026-02-28', 0.00, 64.80, NULL, NULL, 28, 'X', '2026-04-17', NULL, 0, NULL),
(42294, '2026-04-13 13:18:46', '2026-04-13 13:18:46', 84, 84, 7804, 419, 3, 'RE260017 - RAMI MEDICAL PARIS', 'RE260017', '2026-02-28', 64.80, 0.00, NULL, NULL, NULL, NULL, NULL, NULL, 0, NULL),
(42295, '2026-04-17 06:19:20', '2026-04-17 06:19:20', 84, 84, 7805, 424, 1, 'Facture FC260032 - SARL DEMO ONE (Réf: Contrat CC250007)', 'FC260032', '2026-04-01', 0.00, 71.99, NULL, NULL, NULL, NULL, NULL, NULL, 0, NULL),
(42296, '2026-04-17 06:19:20', '2026-04-17 06:19:20', 84, 84, 7805, 1, 1, 'Facture FC260032 - SARL DEMO ONE (Réf: Contrat CC250007)', 'FC260032', '2026-04-01', 59.99, 0.00, NULL, NULL, NULL, NULL, NULL, 31, 0, NULL),
(42297, '2026-04-17 06:19:20', '2026-04-17 06:19:20', 84, 84, 7805, 428, 1, 'Facture FC260032 - SARL DEMO ONE (Réf: Contrat CC250007)', 'FC260032', '2026-04-01', 12.00, 0.00, NULL, NULL, NULL, NULL, NULL, 31, 1, 42296),
(42298, '2026-04-17 06:19:20', '2026-04-17 06:19:20', 84, 84, 7806, 421, 1, 'Facture FC260033 - Sophie DURAND (Réf: Contrat CC260010)', 'FC260033', '2026-04-01', 0.00, 236.39, NULL, NULL, NULL, NULL, NULL, NULL, 0, NULL),
(42299, '2026-04-17 06:19:20', '2026-04-17 06:19:20', 84, 84, 7806, 1, 1, 'Facture FC260033 - Sophie DURAND (Réf: Contrat CC260010)', 'FC260033', '2026-04-01', 196.99, 0.00, NULL, NULL, NULL, NULL, NULL, 31, 0, NULL),
(42300, '2026-04-17 06:19:20', '2026-04-17 06:19:20', 84, 84, 7806, 428, 1, 'Facture FC260033 - Sophie DURAND (Réf: Contrat CC260010)', 'FC260033', '2026-04-01', 39.40, 0.00, NULL, NULL, NULL, NULL, NULL, 31, 1, 42299),
(42301, '2026-04-17 06:19:20', '2026-04-17 06:19:20', 84, 84, 7807, 420, 1, 'Facture FC260034 - Générateurs Mr. Fusion France (Réf: Contrat CC260011)', 'FC260034', '2026-04-01', 0.00, 27.59, NULL, NULL, NULL, NULL, NULL, NULL, 0, NULL),
(42302, '2026-04-17 06:19:20', '2026-04-17 06:19:20', 84, 84, 7807, 416, 1, 'Facture FC260034 - Générateurs Mr. Fusion France (Réf: Contrat CC260011)', 'FC260034', '2026-04-01', 22.99, 0.00, NULL, NULL, NULL, NULL, NULL, 31, 0, NULL),
(42303, '2026-04-17 06:19:20', '2026-04-17 06:19:20', 84, 84, 7807, 428, 1, 'Facture FC260034 - Générateurs Mr. Fusion France (Réf: Contrat CC260011)', 'FC260034', '2026-04-01', 4.60, 0.00, NULL, NULL, NULL, NULL, NULL, 31, 1, 42302),
(42304, '2026-04-17 06:19:20', '2026-04-17 06:19:20', 84, 84, 7808, 423, 1, 'Facture FC260035 - Horlogerie de la Place du Clocher (Réf: Contrat CC260012)', 'FC260035', '2026-04-01', 0.00, 75.58, NULL, NULL, NULL, NULL, NULL, NULL, 0, NULL),
(42305, '2026-04-17 06:19:20', '2026-04-17 06:19:20', 84, 84, 7808, 1, 1, 'Facture FC260035 - Horlogerie de la Place du Clocher (Réf: Contrat CC260012)', 'FC260035', '2026-04-01', 62.98, 0.00, NULL, NULL, NULL, NULL, NULL, 31, 0, NULL),
(42306, '2026-04-17 06:19:20', '2026-04-17 06:19:20', 84, 84, 7808, 428, 1, 'Facture FC260035 - Horlogerie de la Place du Clocher (Réf: Contrat CC260012)', 'FC260035', '2026-04-01', 12.60, 0.00, NULL, NULL, NULL, NULL, NULL, 31, 1, 42305),
(42307, '2026-04-17 06:19:20', '2026-04-17 06:19:20', 84, 84, 7809, 425, 1, 'Facture FC260036 - AG MARTIN (Réf: SO260064)', 'FC260036', '2026-03-01', 0.00, 370.19, NULL, NULL, NULL, NULL, NULL, NULL, 0, NULL),
(42308, '2026-04-17 06:19:20', '2026-04-17 06:19:20', 84, 84, 7809, 307, 1, 'Facture FC260036 - AG MARTIN (Réf: SO260064)', 'FC260036', '2026-03-01', 298.50, 0.00, NULL, NULL, NULL, NULL, NULL, 70, 0, NULL),
(42309, '2026-04-17 06:19:20', '2026-04-17 06:19:20', 84, 84, 7809, 1, 1, 'Facture FC260036 - AG MARTIN (Réf: SO260064)', 'FC260036', '2026-03-01', 9.99, 0.00, NULL, NULL, NULL, NULL, NULL, 70, 0, NULL),
(42310, '2026-04-17 06:19:20', '2026-04-17 06:19:20', 84, 84, 7809, 393, 1, 'Facture FC260036 - AG MARTIN (Réf: SO260064)', 'FC260036', '2026-03-01', 61.70, 0.00, NULL, NULL, NULL, NULL, NULL, 70, 0, 42308),
(42311, '2026-04-17 06:19:20', '2026-04-17 06:19:20', 84, 84, 7810, 425, 1, 'Facture FC260037 - AG MARTIN (Réf: Contrat CC260013)', 'FC260037', '2026-03-01', 0.00, 210.09, NULL, NULL, NULL, NULL, NULL, NULL, 0, NULL),
(42312, '2026-04-17 06:19:20', '2026-04-17 06:19:20', 84, 84, 7810, 1, 1, 'Facture FC260037 - AG MARTIN (Réf: Contrat CC260013)', 'FC260037', '2026-03-01', 175.07, 0.00, NULL, NULL, NULL, NULL, NULL, 70, 0, NULL),
(42313, '2026-04-17 06:19:20', '2026-04-17 06:19:20', 84, 84, 7810, 393, 1, 'Facture FC260037 - AG MARTIN (Réf: Contrat CC260013)', 'FC260037', '2026-03-01', 35.02, 0.00, NULL, NULL, NULL, NULL, NULL, 70, 0, 42312),
(42314, '2026-04-17 06:19:20', '2026-04-17 06:19:21', 84, 84, 7811, 395, 2, 'Facture FF260072 - Doc Brown Industries (Réf: FR76193325)', 'FF260072', '2026-03-01', 5.99, 0.00, 'AAT', '2026-04-17', NULL, NULL, NULL, NULL, 0, NULL),
(42315, '2026-04-17 06:19:20', '2026-04-17 06:19:20', 84, 84, 7811, 360, 2, 'Facture FF260072 - Doc Brown Industries (Réf: FR76193325)', 'FF260072', '2026-03-01', 0.00, 4.99, NULL, NULL, NULL, NULL, NULL, 23, 0, NULL),
(42316, '2026-04-17 06:19:20', '2026-04-17 06:19:20', 84, 84, 7811, 430, 2, 'Facture FF260072 - Doc Brown Industries (Réf: FR76193325)', 'FF260072', '2026-03-01', 0.00, 1.00, NULL, NULL, NULL, NULL, NULL, 23, 1, 42315),
(42317, '2026-04-17 06:19:21', '2026-04-17 06:19:21', 84, 84, 7812, 395, 2, 'Facture FF260073 - Doc Brown Industries (Réf: FR76769758)', 'FF260073', '2026-04-16', 19.66, 0.00, NULL, NULL, NULL, NULL, NULL, NULL, 0, NULL),
(42318, '2026-04-17 06:19:21', '2026-04-17 06:19:21', 84, 84, 7812, 360, 2, 'Facture FF260073 - Doc Brown Industries (Réf: FR76769758)', 'FF260073', '2026-04-16', 0.00, 16.38, NULL, NULL, NULL, NULL, NULL, 82, 0, NULL),
(42319, '2026-04-17 06:19:21', '2026-04-17 06:19:21', 84, 84, 7812, 355, 2, 'Facture FF260073 - Doc Brown Industries (Réf: FR76769758)', 'FF260073', '2026-04-16', 0.00, 3.28, NULL, NULL, NULL, NULL, NULL, 82, 0, 42318),
(42320, '2026-04-17 06:19:21', '2026-04-17 06:19:21', 84, 84, 7813, 395, 2, 'Facture FF260074 - Doc Brown Industries (Réf: FR76702112)', 'FF260074', '2026-04-01', 5.99, 0.00, NULL, NULL, NULL, NULL, NULL, NULL, 0, NULL),
(42321, '2026-04-17 06:19:21', '2026-04-17 06:19:21', 84, 84, 7813, 360, 2, 'Facture FF260074 - Doc Brown Industries (Réf: FR76702112)', 'FF260074', '2026-04-01', 0.00, 4.99, NULL, NULL, NULL, NULL, NULL, 23, 0, NULL),
(42322, '2026-04-17 06:19:21', '2026-04-17 06:19:21', 84, 84, 7813, 430, 2, 'Facture FF260074 - Doc Brown Industries (Réf: FR76702112)', 'FF260074', '2026-04-01', 0.00, 1.00, NULL, NULL, NULL, NULL, NULL, 23, 1, 42321),
(42323, '2026-04-17 06:19:21', '2026-04-17 06:19:21', 84, 84, 7814, 4, 2, 'Facture FF260075 - Linkedin (Réf: 781218638389)', 'FF260075', '2026-03-16', 337.09, 0.00, 'AAN', '2026-04-17', NULL, NULL, NULL, NULL, 0, NULL),
(42324, '2026-04-17 06:19:21', '2026-04-17 06:19:21', 84, 84, 7814, 315, 2, 'Facture FF260075 - Linkedin (Réf: 781218638389)', 'FF260075', '2026-03-16', 0.00, 280.91, NULL, NULL, NULL, NULL, NULL, 82, 0, NULL),
(42325, '2026-04-17 06:19:21', '2026-04-17 06:19:21', 84, 84, 7814, 355, 2, 'Facture FF260075 - Linkedin (Réf: 781218638389)', 'FF260075', '2026-03-16', 0.00, 56.18, NULL, NULL, NULL, NULL, NULL, 82, 0, 42324),
(42326, '2026-04-17 06:19:21', '2026-04-17 06:19:21', 84, 84, 7815, 436, 2, 'Facture FF260076 - Clara Clayton Consulting (Réf: 178006429)', 'FF260076', '2026-04-03', 39.00, 0.00, NULL, NULL, NULL, NULL, NULL, NULL, 0, NULL),
(42327, '2026-04-17 06:19:21', '2026-04-17 06:19:21', 84, 84, 7815, 336, 2, 'Facture FF260076 - Clara Clayton Consulting (Réf: 178006429)', 'FF260076', '2026-04-03', 0.00, 39.00, NULL, NULL, NULL, NULL, NULL, 26, 0, NULL),
(42328, '2026-04-17 06:19:21', '2026-04-17 06:19:21', 84, 84, 7816, 436, 2, 'Facture FF260077 - Clara Clayton Consulting (Réf: 174916547)', 'FF260077', '2026-03-16', 45.00, 0.00, 'AAA', '2026-04-17', NULL, NULL, NULL, NULL, 0, NULL),
(42329, '2026-04-17 06:19:21', '2026-04-17 06:19:21', 84, 84, 7816, 336, 2, 'Facture FF260077 - Clara Clayton Consulting (Réf: 174916547)', 'FF260077', '2026-03-16', 0.00, 45.00, NULL, NULL, NULL, NULL, NULL, 26, 0, NULL),
(42333, '2026-04-17 06:19:21', '2026-04-17 06:19:21', 84, 84, 7818, 436, 2, 'Facture FF260079 - Clara Clayton Consulting (Réf: 177600819)', 'FF260079', '2026-04-01', 150.00, 0.00, NULL, NULL, NULL, NULL, NULL, NULL, 0, NULL),
(42334, '2026-04-17 06:19:21', '2026-04-17 06:19:21', 84, 84, 7818, 336, 2, 'Facture FF260079 - Clara Clayton Consulting (Réf: 177600819)', 'FF260079', '2026-04-01', 0.00, 150.00, NULL, NULL, NULL, NULL, NULL, 26, 0, NULL),
(42335, '2026-04-17 06:19:21', '2026-04-17 06:19:21', 84, 84, 7819, 436, 2, 'Facture FF260080 - Clara Clayton Consulting (Réf: 174329730)', 'FF260080', '2026-03-13', 45.00, 0.00, 'AAB', '2026-04-17', NULL, NULL, NULL, NULL, 0, NULL),
(42336, '2026-04-17 06:19:21', '2026-04-17 06:19:21', 84, 84, 7819, 336, 2, 'Facture FF260080 - Clara Clayton Consulting (Réf: 174329730)', 'FF260080', '2026-03-13', 0.00, 45.00, NULL, NULL, NULL, NULL, NULL, 26, 0, NULL),
(42337, '2026-04-17 06:19:21', '2026-04-17 06:19:21', 84, 84, 7820, 4, 2, 'Facture FF260081 - Jennifer Parker Design (Réf: 000016563612)', 'FF260081', '2026-03-18', 450.16, 0.00, 'AAO', '2026-04-17', NULL, NULL, NULL, NULL, 0, NULL),
(42338, '2026-04-17 06:19:21', '2026-04-17 06:19:21', 84, 84, 7820, 315, 2, 'Facture FF260081 - Jennifer Parker Design (Réf: 000016563612)', 'FF260081', '2026-03-18', 0.00, 179.00, NULL, NULL, NULL, NULL, NULL, 82, 0, NULL),
(42339, '2026-04-17 06:19:21', '2026-04-17 06:19:21', 84, 84, 7820, 315, 2, 'Facture FF260081 - Jennifer Parker Design (Réf: 000016563612)', 'FF260081', '2026-03-18', 0.00, 235.36, NULL, NULL, NULL, NULL, NULL, 26, 0, NULL),
(42340, '2026-04-17 06:19:21', '2026-04-17 06:19:21', 84, 84, 7820, 355, 2, 'Facture FF260081 - Jennifer Parker Design (Réf: 000016563612)', 'FF260081', '2026-03-18', 0.00, 35.80, NULL, NULL, NULL, NULL, NULL, 82, 0, 42338),
(42341, '2026-04-17 06:19:21', '2026-04-17 06:19:21', 84, 84, 7821, 4, 2, 'Facture FF260082 - Jennifer Parker Design (Réf: 000016546182)', 'FF260082', '2026-03-17', 311.55, 0.00, 'AAP', '2026-04-17', NULL, NULL, NULL, NULL, 0, NULL),
(42342, '2026-04-17 06:19:21', '2026-04-17 06:19:21', 84, 84, 7821, 315, 2, 'Facture FF260082 - Jennifer Parker Design (Réf: 000016546182)', 'FF260082', '2026-03-17', 0.00, 249.00, NULL, NULL, NULL, NULL, NULL, 82, 0, NULL),
(42343, '2026-04-17 06:19:21', '2026-04-17 06:19:21', 84, 84, 7821, 315, 2, 'Facture FF260082 - Jennifer Parker Design (Réf: 000016546182)', 'FF260082', '2026-03-17', 0.00, 12.75, NULL, NULL, NULL, NULL, NULL, 26, 0, NULL),
(42344, '2026-04-17 06:19:21', '2026-04-17 06:19:21', 84, 84, 7821, 355, 2, 'Facture FF260082 - Jennifer Parker Design (Réf: 000016546182)', 'FF260082', '2026-03-17', 0.00, 49.80, NULL, NULL, NULL, NULL, NULL, 82, 0, 42342),
(42345, '2026-04-17 06:19:21', '2026-04-17 06:19:21', 84, 84, 7822, 4, 2, 'Facture FF260083 - Lorraine Conseil (Réf: L000000142705389)', 'FF260083', '2026-03-09', 18.24, 0.00, 'AAQ', '2026-04-17', NULL, NULL, NULL, NULL, 0, NULL),
(42346, '2026-04-17 06:19:21', '2026-04-17 06:19:21', 84, 84, 7822, 360, 2, 'Facture FF260083 - Lorraine Conseil (Réf: L000000142705389)', 'FF260083', '2026-03-09', 0.00, 18.24, NULL, NULL, NULL, NULL, NULL, 26, 0, NULL),
(42351, '2026-04-17 06:19:21', '2026-04-17 11:02:18', 84, 84, 7824, 4, 2, 'Facture FF260085 - DeLorean Industries (Réf: EWKLXGT4-0001)', 'FF260085', '2026-03-18', 18.00, 0.00, 'AAS', '2026-04-17', NULL, NULL, NULL, NULL, 0, NULL);
INSERT INTO `account_move_line_aml` (`aml_id`, `aml_created`, `aml_updated`, `fk_usr_id_author`, `fk_usr_id_updater`, `fk_amo_id`, `fk_acc_id`, `fk_ajl_id`, `aml_label_entry`, `aml_ref`, `aml_date`, `aml_credit`, `aml_debit`, `aml_lettering_code`, `aml_lettering_date`, `fk_abr_id`, `aml_abr_code`, `aml_abr_date`, `fk_tax_id`, `aml_is_tax_line`, `fk_parent_aml_id`) VALUES
(42352, '2026-04-17 06:19:21', '2026-04-17 06:19:21', 84, 84, 7824, 336, 2, 'Facture FF260085 - DeLorean Industries (Réf: EWKLXGT4-0001)', 'FF260085', '2026-03-18', 0.00, 15.00, NULL, NULL, NULL, NULL, NULL, 23, 0, NULL),
(42353, '2026-04-17 06:19:21', '2026-04-17 06:19:21', 84, 84, 7824, 430, 2, 'Facture FF260085 - DeLorean Industries (Réf: EWKLXGT4-0001)', 'FF260085', '2026-03-18', 0.00, 3.00, NULL, NULL, NULL, NULL, NULL, 23, 1, 42352),
(42354, '2026-04-17 06:19:21', '2026-04-17 06:19:21', 84, 84, 7825, 415, 2, 'Facture FF260086 - Griff Tannen Corp (Réf: 311-SPI736385)', 'FF260086', '2026-04-25', 0.90, 0.00, NULL, NULL, NULL, NULL, NULL, NULL, 0, NULL),
(42355, '2026-04-17 06:19:21', '2026-04-17 06:19:21', 84, 84, 7825, 2, 2, 'Facture FF260086 - Griff Tannen Corp (Réf: 311-SPI736385)', 'FF260086', '2026-04-25', 0.00, 0.75, NULL, NULL, NULL, NULL, NULL, 23, 0, NULL),
(42356, '2026-04-17 06:19:21', '2026-04-17 06:19:21', 84, 84, 7825, 430, 2, 'Facture FF260086 - Griff Tannen Corp (Réf: 311-SPI736385)', 'FF260086', '2026-04-25', 0.00, 0.15, NULL, NULL, NULL, NULL, NULL, 23, 1, 42355),
(42357, '2026-04-17 06:19:21', '2026-04-17 06:19:21', 84, 84, 7826, 403, 2, 'Facture FF260087 - Hill Valley Networks (Réf: FAC-2026-20274)', 'FF260087', '2026-04-01', 1110.00, 0.00, NULL, NULL, NULL, NULL, NULL, NULL, 0, NULL),
(42358, '2026-04-17 06:19:21', '2026-04-17 06:19:21', 84, 84, 7826, 333, 2, 'Facture FF260087 - Hill Valley Networks (Réf: FAC-2026-20274)', 'FF260087', '2026-04-01', 0.00, 925.00, NULL, NULL, NULL, NULL, NULL, 23, 0, NULL),
(42359, '2026-04-17 06:19:21', '2026-04-17 06:19:21', 84, 84, 7826, 430, 2, 'Facture FF260087 - Hill Valley Networks (Réf: FAC-2026-20274)', 'FF260087', '2026-04-01', 0.00, 185.00, NULL, NULL, NULL, NULL, NULL, 23, 1, 42358),
(42360, '2026-04-17 06:19:21', '2026-04-17 11:02:31', 84, 84, 7827, 103, 3, 'RF260060 - Hill Valley Networks - Facture FF260071', 'RF260060', '2026-03-03', 1110.00, 0.00, NULL, NULL, 29, 'X', '2026-04-17', NULL, 0, NULL),
(42361, '2026-04-17 06:19:21', '2026-04-17 06:19:21', 84, 84, 7827, 403, 3, 'RF260060 - Hill Valley Networks - Facture FF260071', 'RF260060', '2026-03-03', 0.00, 1110.00, 'AAK', '2026-04-17', NULL, NULL, NULL, NULL, 0, NULL),
(42362, '2026-04-17 06:19:21', '2026-04-17 11:02:31', 84, 84, 7828, 103, 3, 'RF260061 - Doc Brown Industries - Facture FF260072', 'RF260061', '2026-03-05', 5.99, 0.00, NULL, NULL, 29, 'X', '2026-04-17', NULL, 0, NULL),
(42363, '2026-04-17 06:19:21', '2026-04-17 06:19:21', 84, 84, 7828, 395, 3, 'RF260061 - Doc Brown Industries - Facture FF260072', 'RF260061', '2026-03-05', 0.00, 5.99, 'AAT', '2026-04-17', NULL, NULL, NULL, NULL, 0, NULL),
(42364, '2026-04-17 06:19:21', '2026-04-17 11:02:31', 84, 84, 7829, 103, 3, 'RF260062 - Linkedin - Facture FF260075', 'RF260062', '2026-03-17', 337.09, 0.00, NULL, NULL, 29, 'X', '2026-04-17', NULL, 0, NULL),
(42365, '2026-04-17 06:19:21', '2026-04-17 06:19:21', 84, 84, 7829, 4, 3, 'RF260062 - Linkedin - Facture FF260075', 'RF260062', '2026-03-17', 0.00, 337.09, 'AAN', '2026-04-17', NULL, NULL, NULL, NULL, 0, NULL),
(42366, '2026-04-17 06:19:21', '2026-04-17 06:19:21', 84, 84, 7830, 315, 4, 'TVA encaissements - RF260062 / FF260075', 'RF260062', '2026-03-17', 0.00, 280.91, NULL, NULL, NULL, NULL, NULL, 82, 0, NULL),
(42367, '2026-04-17 06:19:21', '2026-04-17 06:19:21', 84, 84, 7830, 315, 4, 'TVA encaissements - RF260062 / FF260075', 'RF260062', '2026-03-17', 280.91, 0.00, NULL, NULL, NULL, NULL, NULL, NULL, 0, NULL),
(42368, '2026-04-17 06:19:21', '2026-04-17 06:19:21', 84, 84, 7830, 355, 4, 'TVA encaissements - RF260062 / FF260075', 'RF260062', '2026-03-17', 56.18, 0.00, NULL, NULL, NULL, NULL, NULL, NULL, 0, 42366),
(42369, '2026-04-17 06:19:21', '2026-04-17 06:19:21', 84, 84, 7830, 430, 4, 'TVA encaissements - RF260062 / FF260075', 'RF260062', '2026-03-17', 0.00, 56.18, NULL, NULL, NULL, NULL, NULL, 82, 1, 42366),
(42370, '2026-04-17 06:19:21', '2026-04-17 11:02:31', 84, 84, 7831, 103, 3, 'RF260064 - Clara Clayton Consulting - Facture FF260077', 'RF260064', '2026-03-17', 45.00, 0.00, NULL, NULL, 29, 'X', '2026-04-17', NULL, 0, NULL),
(42371, '2026-04-17 06:19:21', '2026-04-17 06:19:21', 84, 84, 7831, 436, 3, 'RF260064 - Clara Clayton Consulting - Facture FF260077', 'RF260064', '2026-03-17', 0.00, 45.00, 'AAA', '2026-04-17', NULL, NULL, NULL, NULL, 0, NULL),
(42372, '2026-04-17 06:19:21', '2026-04-17 11:02:31', 84, 84, 7832, 103, 3, 'RF260065 - Jennifer Parker Design - Facture FF260081', 'RF260065', '2026-03-19', 450.16, 0.00, NULL, NULL, 29, 'X', '2026-04-17', NULL, 0, NULL),
(42373, '2026-04-17 06:19:21', '2026-04-17 06:19:21', 84, 84, 7832, 4, 3, 'RF260065 - Jennifer Parker Design - Facture FF260081', 'RF260065', '2026-03-19', 0.00, 450.16, 'AAO', '2026-04-17', NULL, NULL, NULL, NULL, 0, NULL),
(42374, '2026-04-17 06:19:21', '2026-04-17 06:19:21', 84, 84, 7833, 315, 4, 'TVA encaissements - RF260065 / FF260081', 'RF260065', '2026-03-19', 0.00, 179.00, NULL, NULL, NULL, NULL, NULL, 82, 0, NULL),
(42375, '2026-04-17 06:19:21', '2026-04-17 06:19:21', 84, 84, 7833, 315, 4, 'TVA encaissements - RF260065 / FF260081', 'RF260065', '2026-03-19', 179.00, 0.00, NULL, NULL, NULL, NULL, NULL, NULL, 0, NULL),
(42376, '2026-04-17 06:19:21', '2026-04-17 06:19:21', 84, 84, 7833, 355, 4, 'TVA encaissements - RF260065 / FF260081', 'RF260065', '2026-03-19', 35.80, 0.00, NULL, NULL, NULL, NULL, NULL, NULL, 0, 42374),
(42377, '2026-04-17 06:19:21', '2026-04-17 06:19:21', 84, 84, 7833, 430, 4, 'TVA encaissements - RF260065 / FF260081', 'RF260065', '2026-03-19', 0.00, 35.80, NULL, NULL, NULL, NULL, NULL, 82, 1, 42374),
(42378, '2026-04-17 06:19:21', '2026-04-17 06:19:21', 84, 84, 7833, 315, 4, 'TVA encaissements - RF260065 / FF260081', 'RF260065', '2026-03-19', 0.00, 235.36, NULL, NULL, NULL, NULL, NULL, 26, 0, NULL),
(42379, '2026-04-17 06:19:21', '2026-04-17 06:19:21', 84, 84, 7833, 315, 4, 'TVA encaissements - RF260065 / FF260081', 'RF260065', '2026-03-19', 235.36, 0.00, NULL, NULL, NULL, NULL, NULL, NULL, 0, NULL),
(42380, '2026-04-17 06:19:21', '2026-04-17 11:02:31', 84, 84, 7834, 103, 3, 'RF260066 - Jennifer Parker Design - Facture FF260082', 'RF260066', '2026-03-18', 311.55, 0.00, NULL, NULL, 29, 'X', '2026-04-17', NULL, 0, NULL),
(42381, '2026-04-17 06:19:21', '2026-04-17 06:19:21', 84, 84, 7834, 4, 3, 'RF260066 - Jennifer Parker Design - Facture FF260082', 'RF260066', '2026-03-18', 0.00, 311.55, 'AAP', '2026-04-17', NULL, NULL, NULL, NULL, 0, NULL),
(42382, '2026-04-17 06:19:21', '2026-04-17 06:19:21', 84, 84, 7835, 315, 4, 'TVA encaissements - RF260066 / FF260082', 'RF260066', '2026-03-18', 0.00, 249.00, NULL, NULL, NULL, NULL, NULL, 82, 0, NULL),
(42383, '2026-04-17 06:19:21', '2026-04-17 06:19:21', 84, 84, 7835, 315, 4, 'TVA encaissements - RF260066 / FF260082', 'RF260066', '2026-03-18', 249.00, 0.00, NULL, NULL, NULL, NULL, NULL, NULL, 0, NULL),
(42384, '2026-04-17 06:19:21', '2026-04-17 06:19:21', 84, 84, 7835, 355, 4, 'TVA encaissements - RF260066 / FF260082', 'RF260066', '2026-03-18', 49.80, 0.00, NULL, NULL, NULL, NULL, NULL, NULL, 0, 42382),
(42385, '2026-04-17 06:19:21', '2026-04-17 06:19:21', 84, 84, 7835, 430, 4, 'TVA encaissements - RF260066 / FF260082', 'RF260066', '2026-03-18', 0.00, 49.80, NULL, NULL, NULL, NULL, NULL, 82, 1, 42382),
(42386, '2026-04-17 06:19:21', '2026-04-17 06:19:21', 84, 84, 7835, 315, 4, 'TVA encaissements - RF260066 / FF260082', 'RF260066', '2026-03-18', 0.00, 12.75, NULL, NULL, NULL, NULL, NULL, 26, 0, NULL),
(42387, '2026-04-17 06:19:21', '2026-04-17 06:19:21', 84, 84, 7835, 315, 4, 'TVA encaissements - RF260066 / FF260082', 'RF260066', '2026-03-18', 12.75, 0.00, NULL, NULL, NULL, NULL, NULL, NULL, 0, NULL),
(42388, '2026-04-17 06:19:21', '2026-04-17 11:02:31', 84, 84, 7836, 103, 3, 'RF260067 - Lorraine Conseil - Facture FF260083', 'RF260067', '2026-03-10', 18.24, 0.00, NULL, NULL, 29, 'X', '2026-04-17', NULL, 0, NULL),
(42389, '2026-04-17 06:19:21', '2026-04-17 06:19:21', 84, 84, 7836, 4, 3, 'RF260067 - Lorraine Conseil - Facture FF260083', 'RF260067', '2026-03-10', 0.00, 18.24, 'AAQ', '2026-04-17', NULL, NULL, NULL, NULL, 0, NULL),
(42390, '2026-04-17 06:19:21', '2026-04-17 11:02:31', 84, 84, 7837, 103, 3, 'RE260018 - Générateurs Mr. Fusion France - Facture FC260030', 'RE260018', '2026-03-11', 0.00, 27.59, NULL, NULL, 29, 'X', '2026-04-17', NULL, 0, NULL),
(42391, '2026-04-17 06:19:21', '2026-04-17 06:19:21', 84, 84, 7837, 420, 3, 'RE260018 - Générateurs Mr. Fusion France - Facture FC260030', 'RE260018', '2026-03-11', 27.59, 0.00, 'AAE', '2026-04-17', NULL, NULL, NULL, NULL, 0, NULL),
(42413, '2026-04-17 06:19:21', '2026-04-17 11:02:31', 84, 84, 7843, 103, 3, 'RE260020 - Horlogerie de la Place du Clocher - Facture FC260028', 'RE260020', '2026-03-26', 0.00, 75.58, NULL, NULL, 29, 'X', '2026-04-17', NULL, 0, NULL),
(42414, '2026-04-17 06:19:21', '2026-04-17 06:19:21', 84, 84, 7843, 423, 3, 'RE260020 - Horlogerie de la Place du Clocher - Facture FC260028', 'RE260020', '2026-03-26', 75.58, 0.00, 'AAD', '2026-04-17', NULL, NULL, NULL, NULL, 0, NULL),
(42415, '2026-04-17 06:19:21', '2026-04-17 11:02:31', 84, 84, 7844, 103, 3, 'RE260021 - Horlogerie de la Place du Clocher - Facture FC260031', 'RE260021', '2026-03-26', 0.00, 75.58, NULL, NULL, 29, 'X', '2026-04-17', NULL, 0, NULL),
(42416, '2026-04-17 06:19:21', '2026-04-17 06:19:21', 84, 84, 7844, 423, 3, 'RE260021 - Horlogerie de la Place du Clocher - Facture FC260031', 'RE260021', '2026-03-26', 75.58, 0.00, 'AAE', '2026-04-17', NULL, NULL, NULL, NULL, 0, NULL),
(42417, '2026-04-17 06:19:21', '2026-04-17 11:02:31', 84, 84, 7845, 103, 3, 'RF260068 - Clara Clayton Consulting - Facture FF260080', 'RF260068', '2026-03-13', 45.00, 0.00, NULL, NULL, 29, 'X', '2026-04-17', NULL, 0, NULL),
(42418, '2026-04-17 06:19:21', '2026-04-17 06:19:21', 84, 84, 7845, 436, 3, 'RF260068 - Clara Clayton Consulting - Facture FF260080', 'RF260068', '2026-03-13', 0.00, 45.00, 'AAB', '2026-04-17', NULL, NULL, NULL, NULL, 0, NULL),
(42419, '2026-04-17 10:53:34', '2026-04-17 11:02:31', 84, 84, 7846, 103, 3, 'RE260019 - SARL DEMO ONE - Facture FC250012, FC250014, FC260026, FC260029', 'RE260019', '2026-03-18', 0.00, 254.37, NULL, NULL, 29, 'X', '2026-04-17', NULL, 0, NULL),
(42420, '2026-04-17 10:53:34', '2026-04-17 10:53:34', 84, 84, 7846, 424, 3, 'RE260019 - SARL DEMO ONE - Facture FC250012, FC250014, FC260026, FC260029', 'RE260019', '2026-03-18', 71.99, 0.00, 'AAB', '2026-04-17', NULL, NULL, NULL, NULL, 0, NULL),
(42421, '2026-04-17 10:53:34', '2026-04-17 10:53:34', 84, 84, 7846, 424, 3, 'RE260019 - SARL DEMO ONE - Facture FC250012, FC250014, FC260026, FC260029', 'RE260019', '2026-03-18', 38.40, 0.00, NULL, NULL, NULL, NULL, NULL, NULL, 0, NULL),
(42422, '2026-04-17 10:53:34', '2026-04-17 11:00:09', 84, 84, 7846, 424, 3, 'RE260019 - SARL DEMO ONE - Facture FC250012, FC250014, FC260026, FC260029', 'RE260019', '2026-03-18', 71.99, 0.00, 'AAC', '2026-04-17', NULL, NULL, NULL, NULL, 0, NULL),
(42423, '2026-04-17 10:53:34', '2026-04-17 11:01:22', 84, 84, 7846, 424, 3, 'RE260019 - SARL DEMO ONE - Facture FC250012, FC250014, FC260026, FC260029', 'RE260019', '2026-03-18', 71.99, 0.00, 'AAD', '2026-04-17', NULL, NULL, NULL, NULL, 0, NULL),
(42424, '2026-04-17 10:53:34', '2026-04-17 10:53:34', 84, 84, 7847, 1, 4, 'TVA encaissements - RE260019 / FC250012', 'RE260019', '2026-03-18', 59.99, 0.00, NULL, NULL, NULL, NULL, NULL, 70, 0, NULL),
(42425, '2026-04-17 10:53:34', '2026-04-17 10:53:34', 84, 84, 7847, 1, 4, 'TVA encaissements - RE260019 / FC250012', 'RE260019', '2026-03-18', 0.00, 59.99, NULL, NULL, NULL, NULL, NULL, NULL, 0, NULL),
(42426, '2026-04-17 10:53:34', '2026-04-17 10:53:34', 84, 84, 7847, 393, 4, 'TVA encaissements - RE260019 / FC250012', 'RE260019', '2026-03-18', 0.00, 12.00, NULL, NULL, NULL, NULL, NULL, NULL, 0, 42424),
(42427, '2026-04-17 10:53:34', '2026-04-17 10:53:34', 84, 84, 7847, 428, 4, 'TVA encaissements - RE260019 / FC250012', 'RE260019', '2026-03-18', 12.00, 0.00, NULL, NULL, NULL, NULL, NULL, 70, 1, 42424),
(42428, '2026-04-17 10:53:34', '2026-04-17 10:53:34', 84, 84, 7848, 1, 4, 'TVA encaissements - RE260019 / FC250014', 'RE260019', '2026-03-18', 32.00, 0.00, NULL, NULL, NULL, NULL, NULL, 70, 0, NULL),
(42429, '2026-04-17 10:53:34', '2026-04-17 10:53:34', 84, 84, 7848, 1, 4, 'TVA encaissements - RE260019 / FC250014', 'RE260019', '2026-03-18', 0.00, 32.00, NULL, NULL, NULL, NULL, NULL, NULL, 0, NULL),
(42430, '2026-04-17 10:53:34', '2026-04-17 10:53:34', 84, 84, 7848, 393, 4, 'TVA encaissements - RE260019 / FC250014', 'RE260019', '2026-03-18', 0.00, 6.40, NULL, NULL, NULL, NULL, NULL, NULL, 0, NULL),
(42431, '2026-04-17 10:53:34', '2026-04-17 10:53:34', 84, 84, 7848, 428, 4, 'TVA encaissements - RE260019 / FC250014', 'RE260019', '2026-03-18', 6.40, 0.00, NULL, NULL, NULL, NULL, NULL, 70, 1, NULL),
(42432, '2026-04-17 10:53:34', '2026-04-17 10:53:34', 84, 84, 7849, 1, 4, 'TVA encaissements - RE260019 / FC260026', 'RE260019', '2026-03-18', 59.99, 0.00, NULL, NULL, NULL, NULL, NULL, 70, 0, NULL),
(42433, '2026-04-17 10:53:34', '2026-04-17 10:53:34', 84, 84, 7849, 1, 4, 'TVA encaissements - RE260019 / FC260026', 'RE260019', '2026-03-18', 0.00, 59.99, NULL, NULL, NULL, NULL, NULL, NULL, 0, NULL),
(42434, '2026-04-17 10:53:34', '2026-04-17 10:53:34', 84, 84, 7849, 393, 4, 'TVA encaissements - RE260019 / FC260026', 'RE260019', '2026-03-18', 0.00, 12.00, NULL, NULL, NULL, NULL, NULL, NULL, 0, NULL),
(42435, '2026-04-17 10:53:34', '2026-04-17 10:53:34', 84, 84, 7849, 428, 4, 'TVA encaissements - RE260019 / FC260026', 'RE260019', '2026-03-18', 12.00, 0.00, NULL, NULL, NULL, NULL, NULL, 70, 1, NULL),
(42436, '2026-04-17 10:53:34', '2026-04-17 10:53:34', 84, 84, 7850, 1, 4, 'TVA encaissements - RE260019 / FC260029', 'RE260019', '2026-03-18', 59.99, 0.00, NULL, NULL, NULL, NULL, NULL, 70, 0, NULL),
(42437, '2026-04-17 10:53:34', '2026-04-17 10:53:34', 84, 84, 7850, 1, 4, 'TVA encaissements - RE260019 / FC260029', 'RE260019', '2026-03-18', 0.00, 59.99, NULL, NULL, NULL, NULL, NULL, NULL, 0, NULL),
(42438, '2026-04-17 10:53:34', '2026-04-17 10:53:34', 84, 84, 7850, 393, 4, 'TVA encaissements - RE260019 / FC260029', 'RE260019', '2026-03-18', 0.00, 12.00, NULL, NULL, NULL, NULL, NULL, NULL, 0, NULL),
(42439, '2026-04-17 10:53:34', '2026-04-17 10:53:34', 84, 84, 7850, 428, 4, 'TVA encaissements - RE260019 / FC260029', 'RE260019', '2026-03-18', 12.00, 0.00, NULL, NULL, NULL, NULL, NULL, 70, 1, NULL),
(42440, '2026-04-17 11:00:09', '2026-04-17 11:00:09', 84, 84, 7851, 4, 2, 'Facture FF260068 - Hoverboard Systems (Réf: SERV202602-56547)', 'FF260068', '2026-03-10', 66.63, 0.00, 'AAR', '2026-04-17', NULL, NULL, NULL, NULL, 0, NULL),
(42441, '2026-04-17 11:00:09', '2026-04-17 11:00:09', 84, 84, 7851, 417, 2, 'Facture FF260068 - Hoverboard Systems (Réf: SERV202602-56547)', 'FF260068', '2026-03-10', 0.00, 18.63, NULL, NULL, NULL, NULL, NULL, 126, 0, NULL),
(42442, '2026-04-17 11:00:09', '2026-04-17 11:00:09', 84, 84, 7851, 417, 2, 'Facture FF260068 - Hoverboard Systems (Réf: SERV202602-56547)', 'FF260068', '2026-03-10', 0.00, 40.00, NULL, NULL, NULL, NULL, NULL, 82, 0, NULL),
(42443, '2026-04-17 11:00:09', '2026-04-17 11:00:09', 84, 84, 7851, 355, 2, 'Facture FF260068 - Hoverboard Systems (Réf: SERV202602-56547)', 'FF260068', '2026-03-10', 0.00, 11.73, NULL, NULL, NULL, NULL, NULL, 126, 0, 42441),
(42444, '2026-04-17 11:00:09', '2026-04-17 11:00:09', 84, 84, 7851, 355, 2, 'Facture FF260068 - Hoverboard Systems (Réf: SERV202602-56547)', 'FF260068', '2026-03-10', 3.73, 0.00, NULL, NULL, NULL, NULL, NULL, 126, 0, 42441),
(42445, '2026-04-17 11:00:09', '2026-04-17 11:00:09', 84, 84, 7852, 4, 2, 'Facture FF260084 - Hoverboard Systems (Réf: SERV202603-58553)', 'FF260084', '2026-03-11', 10.50, 0.00, NULL, NULL, NULL, NULL, NULL, NULL, 0, NULL),
(42446, '2026-04-17 11:00:09', '2026-04-17 11:00:09', 84, 84, 7852, 417, 2, 'Facture FF260084 - Hoverboard Systems (Réf: SERV202603-58553)', 'FF260084', '2026-03-11', 0.00, 10.50, NULL, NULL, NULL, NULL, NULL, 126, 0, NULL),
(42447, '2026-04-17 11:00:09', '2026-04-17 11:00:09', 84, 84, 7852, 355, 2, 'Facture FF260084 - Hoverboard Systems (Réf: SERV202603-58553)', 'FF260084', '2026-03-11', 0.00, 2.10, NULL, NULL, NULL, NULL, NULL, 126, 0, 42446),
(42448, '2026-04-17 11:00:09', '2026-04-17 11:00:09', 84, 84, 7852, 355, 2, 'Facture FF260084 - Hoverboard Systems (Réf: SERV202603-58553)', 'FF260084', '2026-03-11', 2.10, 0.00, NULL, NULL, NULL, NULL, NULL, 126, 0, 42446),
(42449, '2026-04-17 11:00:09', '2026-04-17 11:02:31', 84, 84, 7853, 103, 3, 'RF260069 - Hoverboard Systems - Facture FF260064, FF260068', 'RF260069', '2026-03-11', 77.13, 0.00, NULL, NULL, 29, 'X', '2026-04-17', NULL, 0, NULL),
(42450, '2026-04-17 11:00:09', '2026-04-17 11:00:09', 84, 84, 7853, 4, 3, 'RF260069 - Hoverboard Systems - Facture FF260064, FF260068', 'RF260069', '2026-03-11', 0.00, 10.50, NULL, NULL, NULL, NULL, NULL, NULL, 0, NULL),
(42451, '2026-04-17 11:00:09', '2026-04-17 11:00:09', 84, 84, 7853, 4, 3, 'RF260069 - Hoverboard Systems - Facture FF260064, FF260068', 'RF260069', '2026-03-11', 0.00, 66.63, 'AAR', '2026-04-17', NULL, NULL, NULL, NULL, 0, NULL),
(42452, '2026-04-17 11:00:09', '2026-04-17 11:00:09', 84, 84, 7854, 417, 4, 'TVA encaissements - RF260069 / FF260068', 'RF260069', '2026-03-11', 0.00, 18.63, NULL, NULL, NULL, NULL, NULL, 126, 0, NULL),
(42453, '2026-04-17 11:00:09', '2026-04-17 11:00:09', 84, 84, 7854, 417, 4, 'TVA encaissements - RF260069 / FF260068', 'RF260069', '2026-03-11', 18.63, 0.00, NULL, NULL, NULL, NULL, NULL, NULL, 0, NULL),
(42454, '2026-04-17 11:00:09', '2026-04-17 11:00:09', 84, 84, 7854, 355, 4, 'TVA encaissements - RF260069 / FF260068', 'RF260069', '2026-03-11', 0.00, 3.73, NULL, NULL, NULL, NULL, NULL, NULL, 0, 42452),
(42455, '2026-04-17 11:00:09', '2026-04-17 11:00:09', 84, 84, 7854, 384, 4, 'TVA encaissements - RF260069 / FF260068', 'RF260069', '2026-03-11', 3.73, 0.00, NULL, NULL, NULL, NULL, NULL, 126, 1, 42452),
(42456, '2026-04-17 11:00:09', '2026-04-17 11:00:09', 84, 84, 7854, 417, 4, 'TVA encaissements - RF260069 / FF260068', 'RF260069', '2026-03-11', 0.00, 40.00, NULL, NULL, NULL, NULL, NULL, 82, 0, NULL),
(42457, '2026-04-17 11:00:09', '2026-04-17 11:00:09', 84, 84, 7854, 417, 4, 'TVA encaissements - RF260069 / FF260068', 'RF260069', '2026-03-11', 40.00, 0.00, NULL, NULL, NULL, NULL, NULL, NULL, 0, NULL),
(42458, '2026-04-17 11:00:09', '2026-04-17 11:00:09', 84, 84, 7854, 355, 4, 'TVA encaissements - RF260069 / FF260068', 'RF260069', '2026-03-11', 8.00, 0.00, NULL, NULL, NULL, NULL, NULL, NULL, 0, 42456),
(42459, '2026-04-17 11:00:09', '2026-04-17 11:00:09', 84, 84, 7854, 430, 4, 'TVA encaissements - RF260069 / FF260068', 'RF260069', '2026-03-11', 0.00, 8.00, NULL, NULL, NULL, NULL, NULL, 82, 1, 42456),
(42460, '2026-04-17 11:01:22', '2026-04-17 11:01:22', 84, 84, 7855, 436, 2, 'Facture FF260078 - Clara Clayton Consulting (Réf: 177208122)', 'FF260078', '2026-03-30', 268.00, 0.00, 'AAC', '2026-04-17', NULL, NULL, NULL, NULL, 0, NULL),
(42461, '2026-04-17 11:01:22', '2026-04-17 11:01:22', 84, 84, 7855, 336, 2, 'Facture FF260078 - Clara Clayton Consulting (Réf: 177208122)', 'FF260078', '2026-03-30', 0.00, 268.00, NULL, NULL, NULL, NULL, NULL, 26, 0, NULL),
(42462, '2026-04-17 11:01:22', '2026-04-17 11:02:31', 84, 84, 7856, 103, 3, 'RF260070 - Clara Clayton Consulting - Facture FF260078', 'RF260070', '2026-03-31', 268.00, 0.00, NULL, NULL, 29, 'X', '2026-04-17', NULL, 0, NULL),
(42463, '2026-04-17 11:01:22', '2026-04-17 11:01:22', 84, 84, 7856, 436, 3, 'RF260070 - Clara Clayton Consulting - Facture FF260078', 'RF260070', '2026-03-31', 0.00, 268.00, 'AAC', '2026-04-17', NULL, NULL, NULL, NULL, 0, NULL),
(42464, '2026-04-17 11:02:18', '2026-04-17 11:02:31', 84, 84, 7857, 103, 3, 'RF260071 - DeLorean Industries - Facture FF260085', 'RF260071', '2026-03-18', 18.00, 0.00, NULL, NULL, 29, 'X', '2026-04-17', NULL, 0, NULL),
(42465, '2026-04-17 11:02:18', '2026-04-17 11:02:18', 84, 84, 7857, 4, 3, 'RF260071 - DeLorean Industries - Facture FF260085', 'RF260071', '2026-03-18', 0.00, 18.00, 'AAS', '2026-04-17', NULL, NULL, NULL, NULL, 0, NULL);


REPLACE INTO `ticket_tkt` VALUES (1, 'TKT260001', '2026-04-21 06:27:10', '2026-04-21 06:27:58', 84, 84, 'Un bug dans la matrice', 3, 3, 244, 1, 42, NULL, 1, NULL, NULL, 3849, 3849, '2026-04-21 08:27:10', NULL, NULL, NULL, NULL, NULL, NULL);

REPLACE INTO `ticket_article_tka` VALUES (1, '2026-04-21 06:27:10', '2026-04-21 06:27:10', 84, 84, 1, 3849, 3849, NULL, '<p>Vous nous avez contacté afin de notifier un bug dans la matrice</p>\n<p>Bien à vous </p>', '2026-04-21 08:27:10', 10, 0, NULL, NULL, 0);
REPLACE INTO `ticket_article_tka` VALUES (2, '2026-04-21 06:27:44', '2026-04-21 06:27:44', 84, 84, 1, NULL, 3849, NULL, '<p>Nous avons bien visualiser ce bug et nous vous remercions de l\'avoir remonté.</p>\n<p> </p>', '2026-04-21 08:27:44', 2, 0, NULL, 84, 0);
REPLACE INTO `ticket_article_tka` VALUES (3, '2026-04-21 06:27:58', '2026-04-21 06:27:58', 84, 84, 1, NULL, NULL, NULL, '<p>Contacter Neo !</p>', '2026-04-21 08:27:58', 30, 1, NULL, 84, 0);
/* TICKET 1 : Le problème de puissance */
REPLACE INTO `ticket_tkt` VALUES (1, 'TKT260001', '2026-04-21 06:27:10', '2026-04-21 06:27:58', 84, 84, 'Défaut d\'alimentation 1.21 Gigowatts', 3, 3, 244, 1, 42, NULL, 1, NULL, NULL, 3849, 3849, '2026-04-21 08:27:10', NULL, NULL, NULL, NULL, NULL, NULL);

REPLACE INTO `ticket_article_tka` VALUES (1, '2026-04-21 06:27:10', '2026-04-21 06:27:10', 84, 84, 1, 3849, 3849, NULL, '<p>Vous nous avez contacté car le convecteur temporel ne reçoit pas assez d\'énergie pour le saut à 88 mph.</p>\n<p>Nom de Zeus !</p>', '2026-04-21 08:27:10', 10, 0, NULL, NULL, 0);
REPLACE INTO `ticket_article_tka` VALUES (2, '2026-04-21 06:27:44', '2026-04-21 06:27:44', 84, 84, 1, NULL, 3849, NULL, '<p>Nous avons vérifié les circuits. Il semblerait que le condensateur de flux soit mal branché sur la batterie.</p>', '2026-04-21 08:27:44', 2, 0, NULL, 84, 0);
REPLACE INTO `ticket_article_tka` VALUES (3, '2026-04-21 06:27:58', '2026-04-21 06:27:58', 84, 84, 1, NULL, NULL, NULL, '<p>Action : Attendre que la foudre tombe sur le clocher à 22h04 précises.</p>', '2026-04-21 08:27:58', 30, 1, NULL, 84, 0);

/* TICKET 2 : L'incident du fumier */
REPLACE INTO `ticket_tkt` VALUES (2, 'TKT260002', '2026-04-21 09:15:00', '2026-04-21 10:30:00', 84, 84, 'Nettoyage carrosserie suite accident', 2, 1, 245, 1, 42, NULL, 1, NULL, NULL, 3850, 3850, '2026-04-21 11:15:00', NULL, NULL, NULL, NULL, NULL, NULL);

REPLACE INTO `ticket_article_tka` VALUES (4, '2026-04-21 09:15:00', '2026-04-21 09:15:00', 84, 84, 2, 3850, 3850, NULL, '<p>Client (B. Tannen) furieux. La voiture est recouverte de fumier suite à une course-poursuite en skate.</p>', '2026-04-21 11:15:00', 10, 0, NULL, NULL, 0);
REPLACE INTO `ticket_article_tka` VALUES (5, '2026-04-21 10:30:00', '2026-04-21 10:30:00', 84, 84, 2, NULL, NULL, NULL, '<p>Action : Facturer 300$ de frais de nettoyage. Ne pas prêter attention aux menaces du client.</p>', '2026-04-21 12:30:00', 30, 1, NULL, 84, 0);

/* TICKET 3 : Le paradoxe temporel */
REPLACE INTO `ticket_tkt` VALUES (3, 'TKT260003', '2026-04-21 14:00:00', '2026-04-21 15:45:00', 84, 84, 'Effacement progressif des données photos', 1, 4, 246, 1, 42, NULL, 1, NULL, NULL, 3851, 3851, '2026-04-21 16:00:00', NULL, NULL, NULL, NULL, NULL, NULL);

REPLACE INTO `ticket_article_tka` VALUES (6, '2026-04-21 14:00:00', '2026-04-21 14:00:00', 84, 84, 3, 3851, 3851, NULL, '<p>Alerte : Le frère et la sœur du client disparaissent de la photo de famille.</p>', '2026-04-21 16:00:00', 10, 0, NULL, NULL, 0);
REPLACE INTO `ticket_article_tka` VALUES (7, '2026-04-21 15:45:00', '2026-04-21 15:45:00', 84, 84, 3, NULL, NULL, NULL, '<p>Action urgente : Faire en sorte que George et Lorraine dansent ensemble au bal de l\'Enchantement sous la Mer.</p>', '2026-04-21 17:45:00', 30, 1, NULL, 84, 0);

/* TICKET 4 : Dysfonctionnement Hoverboard */
REPLACE INTO `ticket_tkt` VALUES (4, 'TKT260004', '2026-04-21 16:20:00', '2026-04-21 17:10:00', 84, 84, 'Panne de propulsion sur plan d\'eau', 3, 2, 247, 1, 42, NULL, 1, NULL, NULL, 3852, 3852, '2026-04-21 18:20:00', NULL, NULL, NULL, NULL, NULL, NULL);

REPLACE INTO `ticket_article_tka` VALUES (8, '2026-04-21 16:20:00', '2026-04-21 16:20:00', 84, 84, 4, 3852, 3852, NULL, '<p>L\'hoverboard rose s\'est arrêté au-dessus du bassin de l\'Hôtel de Ville.</p>', '2026-04-21 18:20:00', 10, 0, NULL, NULL, 0);
REPLACE INTO `ticket_article_tka` VALUES (9, '2026-04-21 17:10:00', '2026-04-21 17:10:00', 84, 84, 4, NULL, NULL, NULL, '<p>Rappel technique : Les hoverboards ne fonctionnent pas sur l\'eau, sauf si vous avez de la puissance !</p>', '2026-04-21 19:10:00', 30, 1, NULL, 84, 0);

/* TICKET 5 : Erreur de destination */
REPLACE INTO `ticket_tkt` VALUES (5, 'TKT260005', '2026-04-21 18:00:00', '2026-04-21 19:00:00', 84, 84, 'Date système bloquée en 1885', 3, 3, 248, 1, 42, NULL, 1, NULL, NULL, 3853, 3853, '2026-04-21 20:00:00', NULL, NULL, NULL, NULL, NULL, NULL);

REPLACE INTO `ticket_article_tka` VALUES (10, '2026-04-21 18:00:00', '2026-04-21 18:00:00', 84, 84, 5, 3853, 3853, NULL, '<p>Le clavier temporel est bloqué sur le 12 novembre 1885. Impossible de revenir en 1985.</p>', '2026-04-21 20:00:00', 10, 0, NULL, NULL, 0);
REPLACE INTO `ticket_article_tka` VALUES (11, '2026-04-21 19:00:00', '2026-04-21 19:00:00', 84, 84, 5, NULL, NULL, NULL, '<p>Action : Chercher une locomotive à vapeur pour atteindre les 88 miles à l\'heure.</p>', '2026-04-21 21:00:00', 30, 1, NULL, 84, 0);


REPLACE INTO `bank_details_bts` VALUES (1, NULL, '0000-00-00 00:00:00', NULL, NULL, 'BANQUO', '', NULL, NULL, NULL, NULL, NULL, NULL, NULL, NULL, NULL, 0, 0);
REPLACE INTO `bank_details_bts` VALUES (2, NULL, '0000-00-00 00:00:00', NULL, 84, 'HILL VALLEY BANQUE', '10201', '0102016072', '0001234567', '91', 'HHVLL', 'FR76 10201 10201 10201 10201 10201 012', 'HHV BQ', NULL, 103, 1, 1, 1);

REPLACE INTO `time_entry_ten` VALUES (1, '2026-04-21', NULL, NULL, 60, '1er Test', NULL, 0, NULL, 1, NULL, 246, 1, 84, NULL, '2026-04-21 11:37:41', '2026-04-21 11:37:41');
REPLACE INTO `time_project_tpr` VALUES (1, 'Projet 88 miles', NULL, 0, '#7c3aed', NULL, NULL, NULL, 246, NULL, '2026-04-21 11:37:20', '2026-04-21 11:37:48');
/* NDF */
REPLACE INTO `expense_reports_exr` VALUES (9, '2026-01-29 16:56:07', '2026-03-10 16:53:06', 84, 'NDF250007', 'NDF 202512', NULL, '2025-12-01', '2025-12-31', 'accounted', '2026-03-10 17:52:09', '2026-03-10 17:52:54', NULL, NULL, 1123.69, 1242.29, 118.60, 1242.29, 0, NULL);
REPLACE INTO `expense_reports_exr` VALUES (11, '2026-02-12 16:56:41', '2026-03-10 15:37:16', 84, 'NDF260002', 'NDF202601', NULL, '2026-01-01', '2026-01-31', 'draft', NULL, NULL, NULL, NULL, 376.56, 421.22, 44.66, 421.22, 0, NULL);

REPLACE INTO `expenses_exp` VALUES (1, '2026-01-29 16:58:54', '2026-01-29 16:58:54', 9, 4, '2025-12-07', 'Lot de 500 prospectus "Sauvez l\'horloge"', 72.44, 86.93, 14.49, 'N° document: 017425 | Réf: VDIDJ-95207');
REPLACE INTO `expenses_exp` VALUES (2, '2026-01-29 16:59:46', '2026-01-29 16:59:46', 9, 1, '2025-12-12', 'Caisse de Plutonium\'s', 9.91, 10.90, 0.99, 'N° document: 15911 | Réf: VDIDJ-95785');
REPLACE INTO `expenses_exp` VALUES (3, '2026-01-29 17:01:21', '2026-01-29 17:01:21', 9, 4, '2025-12-08', '6 bidons d\'huile Texaco', 33.33, 40.00, 6.67, 'Réf: VDIDJ-96608');
REPLACE INTO `expenses_exp` VALUES (4, '2026-01-29 17:02:43', '2026-01-29 17:02:43', 9, 1, '2025-12-10', 'LE CAFE DE LA CITE', 3.64, 4.00, 0.36, 'N° document: 615170 | Réf: VDIDJ-97315');
REPLACE INTO `expenses_exp` VALUES (5, '2026-01-29 17:07:20', '2026-01-29 17:07:20', 9, 4, '2025-12-20', 'Canette de Pepsi Free', 39.00, 42.90, 3.90, 'N° document: 35961 | Réf: VDIDJ-99351');
REPLACE INTO `expenses_exp` VALUES (8, '2026-01-29 17:09:37', '2026-01-29 17:09:37', 9, 1, '2025-12-01', 'Canette de Pepsi Free', 137.45, 151.20, 13.75, 'N° document: 19903 | Réf: VDIDJ-99970');
REPLACE INTO `expenses_exp` VALUES (11, '2026-01-29 17:13:15', '2026-01-29 17:13:15', 9, 1, '2025-12-02', 'Paul', 7.18, 7.90, 0.72, NULL);
REPLACE INTO `expenses_exp` VALUES (12, '2026-01-29 17:14:05', '2026-01-29 17:14:05', 9, 1, '2025-12-03', 'Paire de Talkie-Walkies JVC', 67.24, 75.40, 8.16, 'N° document: 310 | Réf: VDIEA-02663');
REPLACE INTO `expenses_exp` VALUES (13, '2026-01-29 17:15:36', '2026-01-29 17:15:36', 9, 1, '2025-12-02', 'Caisse de Plutonium\'s', 9.91, 10.90, 0.99, 'N° document: 15902 | Réf: VDIEA-03357');
REPLACE INTO `expenses_exp` VALUES (39, '2026-01-30 12:29:36', '2026-01-30 12:29:36', 9, 1, '2025-12-18', 'Canette de Pepsi Free', 2.53, 2.53, 0.00, 'N° document: 202512071686 | Réf: VDIED-62881');
REPLACE INTO `expenses_exp` VALUES (40, '2026-01-30 12:29:58', '2026-02-13 16:39:09', 9, 1, '2025-12-11', 'Canette de Pepsi Free', 11.85, 13.50, 1.65, 'N° document: 14947 | Réf: VDIED-62995');
REPLACE INTO `expenses_exp` VALUES (76, '2026-02-13 16:30:42', '2026-02-13 16:30:42', 11, 1, '2026-01-23', 'Canette de Pepsi Free', 60.00, 72.00, 12.00, 'N° document: 16062 | Réf: VDJAF-81410');
REPLACE INTO `expenses_exp` VALUES (83, '2026-02-14 17:24:17', '2026-02-14 17:24:17', 11, 1, '2026-01-29', 'Cours de danse "Moonwalk"', 52.45, 57.70, 5.25, 'N° document: 176846 | Réf: VDJAJ-08138');
REPLACE INTO `expenses_exp` VALUES (84, '2026-02-14 17:24:47', '2026-02-14 17:24:47', 11, 1, '2026-01-29', 'Cours de danse "Moonwalk"', 7.09, 7.80, 0.71, 'N° document: A1070273.495 | Réf: VDJAJ-08215');
REPLACE INTO `expenses_exp` VALUES (85, '2026-02-14 17:25:06', '2026-02-14 17:25:06', 11, 1, '2026-01-30', 'Caisse de Plutonium\'s', 10.09, 11.10, 1.01, 'N° document: 18924 | Réf: VDJAJ-08267');
REPLACE INTO `expenses_exp` VALUES (86, '2026-02-14 17:25:50', '2026-02-14 17:25:50', 11, 1, '2026-01-09', 'Caisse de Plutonium\'s', 10.04, 11.04, 1.00, 'N° document: 15911 | Réf: VDJAJ-08305');
REPLACE INTO `expenses_exp` VALUES (88, '2026-02-14 17:37:22', '2026-02-14 17:37:22', 11, 1, '2026-01-17', 'Paire de Talkie-Walkies JVC', 132.28, 146.30, 14.02, 'N° document: 459 | Réf: VDJAJ-10013');
REPLACE INTO `expenses_exp` VALUES (89, '2026-02-14 17:38:04', '2026-02-14 17:38:04', 11, 1, '2026-01-28', 'Pepsis', 3.59, 3.95, 0.36, 'N° document: 5083 | Réf: VDJAJ-10110');
REPLACE INTO `expenses_exp` VALUES (92, '2026-02-14 17:59:04', '2026-02-14 17:59:04', 9, 1, '2025-12-26', 'Texaco Grill', 46.09, 50.70, 4.61, 'N° document: 251202903 | Réf: VDJAJ-13123');
REPLACE INTO `expenses_exp` VALUES (93, '2026-02-14 17:59:38', '2026-02-14 17:59:38', 11, 1, '2026-01-14', 'Caisse de Plutonium\'s', 9.91, 10.90, 0.99, 'N° document: 18923 | Réf: VDJAJ-13210');
REPLACE INTO `expenses_exp` VALUES (94, '2026-02-15 10:03:20', '2026-02-15 10:03:20', 9, 5, '2025-12-26', 'Lavage Auto Viry', 45.83, 55.00, 9.17, 'N° document: 62048 | Réf: VDJBA-67706');
REPLACE INTO `expenses_exp` VALUES (95, '2026-02-15 10:04:20', '2026-02-15 10:04:20', 9, 4, '2025-12-24', 'Combi-pantalon', 20.79, 24.95, 4.16, 'N° document: 191969 | Réf: VDJBA-67885');
REPLACE INTO `expenses_exp` VALUES (96, '2026-02-15 10:05:30', '2026-02-15 10:05:30', 9, 9, '2025-12-09', 'Canette de Pepsi Free', 150.00, 150.00, 0.00, 'N° document: 137177 | Réf: VDJBA-67990');
REPLACE INTO `expenses_exp` VALUES (97, '2026-02-15 10:06:53', '2026-02-15 10:06:53', 9, 1, '2025-12-26', 'Transcentre', 11.81, 12.60, 0.79, 'N° document: 520447 | Réf: VDJBA-68198');
REPLACE INTO `expenses_exp` VALUES (117, '2026-02-15 15:03:35', '2026-02-15 15:03:35', 11, 7, '2026-01-07', 'Frais de parking "Twin Pines Mall"', 13.33, 15.99, 2.66, 'N° document: 2527566127 | Réf: VDJBB-04304');
REPLACE INTO `expenses_exp` VALUES (118, '2026-02-15 15:03:54', '2026-02-15 15:03:54', 9, 7, '2025-12-07', 'Frais de parking "Twin Pines Mall"', 13.33, 15.99, 2.66, 'N° document: 2508750543 | Réf: VDJBB-04364');
REPLACE INTO `expenses_exp` VALUES (128, '2026-02-15 15:10:40', '2026-02-15 15:10:40', 11, 8, '2026-01-02', 'Frais de parking "Twin Pines Mall"', 33.33, 39.99, 6.66, 'N° document: 1440933951 | Réf: VDJBB-05363');
REPLACE INTO `expenses_exp` VALUES (129, '2026-02-15 15:11:26', '2026-02-15 15:11:26', 9, 8, '2025-12-02', 'Frais de parking "Twin Pines Mall"', 33.33, 39.99, 6.66, 'Réf: VDJBB-05408');
REPLACE INTO `expenses_exp` VALUES (138, '2026-02-15 15:17:08', '2026-02-15 15:17:08', 9, 2, '2025-12-01', 'Paire de lunettes futuristes (JVC Video Glasses)', 17.13, 20.56, 3.43, 'N° document: LK01667029 | Réf: VDJBB-06298');
REPLACE INTO `expenses_exp` VALUES (139, '2026-02-15 15:24:33', '2026-02-15 15:24:33', 9, 2, '2025-12-31', 'Nettoyage à sec - Veste auto-ajustable', 1.60, 1.60, 0.00, NULL);
REPLACE INTO `expenses_exp` VALUES (140, '2026-02-15 15:24:59', '2026-02-15 15:24:59', 11, 2, '2026-12-31', 'Nettoyage à sec - Veste auto-ajustable', 0.40, 0.40, 0.00, NULL);
REPLACE INTO `expenses_exp` VALUES (154, '2026-02-15 15:59:52', '2026-02-15 15:59:52', 9, 2, '2025-12-17', 'Biff Tannen Services', 22.73, 25.00, 2.27, NULL);
REPLACE INTO `expenses_exp` VALUES (159, '2026-02-15 16:06:29', '2026-02-15 16:06:29', 9, 4, '2025-12-17', 'Cours de danse "Moonwalk"', 165.83, 199.00, 33.17, NULL);

REPLACE INTO `expense_lines_exl` VALUES (1, '2026-01-29 16:58:54', '2026-01-29 16:58:54', 1, 23, 20.00, 72.44, 14.49, 86.93);
REPLACE INTO `expense_lines_exl` VALUES (2, '2026-01-29 16:59:46', '2026-01-29 16:59:46', 2, 24, 10.00, 9.91, 0.99, 10.90);
REPLACE INTO `expense_lines_exl` VALUES (3, '2026-01-29 17:01:21', '2026-01-29 17:01:21', 3, 23, 20.00, 33.33, 6.67, 40.00);
REPLACE INTO `expense_lines_exl` VALUES (4, '2026-01-29 17:02:43', '2026-01-29 17:02:43', 4, 24, 10.00, 3.64, 0.36, 4.00);
REPLACE INTO `expense_lines_exl` VALUES (5, '2026-01-29 17:07:20', '2026-01-29 17:07:20', 5, 24, 10.00, 39.00, 3.90, 42.90);
REPLACE INTO `expense_lines_exl` VALUES (8, '2026-01-29 17:09:37', '2026-01-29 17:09:37', 8, 24, 10.00, 137.45, 13.75, 151.20);
REPLACE INTO `expense_lines_exl` VALUES (11, '2026-01-29 17:13:15', '2026-01-29 17:13:15', 11, 24, 10.00, 7.18, 0.72, 7.90);
REPLACE INTO `expense_lines_exl` VALUES (12, '2026-01-29 17:14:05', '2026-01-29 17:14:05', 12, 23, 20.00, 14.42, 2.88, 17.30);
REPLACE INTO `expense_lines_exl` VALUES (13, '2026-01-29 17:14:05', '2026-01-29 17:14:05', 12, 24, 10.00, 52.82, 5.28, 58.10);
REPLACE INTO `expense_lines_exl` VALUES (14, '2026-01-29 17:15:36', '2026-01-29 17:15:36', 13, 24, 10.00, 9.91, 0.99, 10.90);
REPLACE INTO `expense_lines_exl` VALUES (43, '2026-01-30 12:29:36', '2026-01-30 12:29:36', 39, NULL, 0.00, 2.53, 0.00, 2.53);
REPLACE INTO `expense_lines_exl` VALUES (90, '2026-02-13 16:30:42', '2026-02-13 16:30:42', 76, 23, 20.00, 60.00, 12.00, 72.00);
REPLACE INTO `expense_lines_exl` VALUES (93, '2026-02-13 16:39:09', '2026-02-13 16:39:09', 40, 23, 0.00, 4.58, 0.92, 5.50);
REPLACE INTO `expense_lines_exl` VALUES (94, '2026-02-13 16:39:09', '2026-02-13 16:39:09', 40, 24, 0.00, 7.27, 0.73, 8.00);
REPLACE INTO `expense_lines_exl` VALUES (103, '2026-02-14 17:24:17', '2026-02-14 17:24:17', 83, 24, 10.00, 52.45, 5.25, 57.70);
REPLACE INTO `expense_lines_exl` VALUES (104, '2026-02-14 17:24:47', '2026-02-14 17:24:47', 84, 24, 10.00, 7.09, 0.71, 7.80);
REPLACE INTO `expense_lines_exl` VALUES (105, '2026-02-14 17:25:06', '2026-02-14 17:25:06', 85, 24, 10.00, 10.09, 1.01, 11.10);
REPLACE INTO `expense_lines_exl` VALUES (106, '2026-02-14 17:25:50', '2026-02-14 17:25:50', 86, 24, 10.00, 10.04, 1.00, 11.04);
REPLACE INTO `expense_lines_exl` VALUES (108, '2026-02-14 17:37:22', '2026-02-14 17:37:22', 88, 23, 20.00, 7.83, 1.57, 9.40);
REPLACE INTO `expense_lines_exl` VALUES (109, '2026-02-14 17:37:22', '2026-02-14 17:37:22', 88, 24, 10.00, 124.45, 12.45, 136.90);
REPLACE INTO `expense_lines_exl` VALUES (110, '2026-02-14 17:38:04', '2026-02-14 17:38:04', 89, 24, 10.00, 3.59, 0.36, 3.95);
REPLACE INTO `expense_lines_exl` VALUES (113, '2026-02-14 17:59:04', '2026-02-14 17:59:04', 92, 24, 10.00, 46.09, 4.61, 50.70);
REPLACE INTO `expense_lines_exl` VALUES (114, '2026-02-14 17:59:38', '2026-02-14 17:59:38', 93, 24, 10.00, 9.91, 0.99, 10.90);
REPLACE INTO `expense_lines_exl` VALUES (115, '2026-02-15 10:03:20', '2026-02-15 10:03:20', 94, 23, 20.00, 45.83, 9.17, 55.00);
REPLACE INTO `expense_lines_exl` VALUES (116, '2026-02-15 10:04:20', '2026-02-15 10:04:20', 95, 23, 20.00, 20.79, 4.16, 24.95);
REPLACE INTO `expense_lines_exl` VALUES (117, '2026-02-15 10:05:30', '2026-02-15 10:05:30', 96, 26, 0.00, 150.00, 0.00, 150.00);
REPLACE INTO `expense_lines_exl` VALUES (118, '2026-02-15 10:06:53', '2026-02-15 10:06:53', 97, 24, 10.00, 2.95, 0.30, 3.25);
REPLACE INTO `expense_lines_exl` VALUES (119, '2026-02-15 10:06:53', '2026-02-15 10:06:53', 97, 25, 5.50, 8.86, 0.49, 9.35);
REPLACE INTO `expense_lines_exl` VALUES (139, '2026-02-15 15:03:35', '2026-02-15 15:03:35', 117, 23, 20.00, 13.33, 2.66, 15.99);
REPLACE INTO `expense_lines_exl` VALUES (140, '2026-02-15 15:03:54', '2026-02-15 15:03:54', 118, 23, 20.00, 13.33, 2.66, 15.99);
REPLACE INTO `expense_lines_exl` VALUES (150, '2026-02-15 15:10:40', '2026-02-15 15:10:40', 128, 23, 20.00, 33.33, 6.66, 39.99);
REPLACE INTO `expense_lines_exl` VALUES (151, '2026-02-15 15:11:26', '2026-02-15 15:11:26', 129, 23, 20.00, 33.33, 6.66, 39.99);
REPLACE INTO `expense_lines_exl` VALUES (160, '2026-02-15 15:17:08', '2026-02-15 15:17:08', 138, 23, 20.00, 17.13, 3.43, 20.56);
REPLACE INTO `expense_lines_exl` VALUES (161, '2026-02-15 15:24:33', '2026-02-15 15:24:33', 139, 26, 0.00, 1.60, 0.00, 1.60);
REPLACE INTO `expense_lines_exl` VALUES (162, '2026-02-15 15:24:59', '2026-02-15 15:24:59', 140, 26, 0.00, 0.40, 0.00, 0.40);
REPLACE INTO `expense_lines_exl` VALUES (176, '2026-02-15 15:59:52', '2026-02-15 15:59:52', 154, 24, 10.00, 22.73, 2.27, 25.00);
REPLACE INTO `expense_lines_exl` VALUES (181, '2026-02-15 16:06:29', '2026-02-15 16:06:29', 159, 23, 20.00, 165.83, 33.17, 199.00);


SET FOREIGN_KEY_CHECKS = 1;